35004,,5210
35004,1,1510
35004,2,1410
35004,3,950
35004,4,650
35004,5,630
35004,6,60
,,
35005,,3100
35005,1,1310
35005,2,960
35005,3,450
35005,4,200
35005,5,180
35005,6,**
,,
35006,,1200
35006,1,430
35006,2,330
35006,3,190
35006,4,120
35006,5,130
35006,6,**
,,
35007,,11940
35007,1,4070
35007,2,2650
35007,3,1820
35007,4,1340
35007,5,1820
35007,6,240
,,
35010,,7910
35010,1,3620
35010,2,2070
35010,3,890
35010,4,530
35010,5,620
35010,6,180
,,
35014,,1620
35014,1,660
35014,2,460
35014,3,210
35014,4,140
35014,5,120
35014,6,30
,,
35016,,7130
35016,1,2810
35016,2,1730
35016,3,1060
35016,4,680
35016,5,720
35016,6,130
,,
35019,,890
35019,1,360
35019,2,250
35019,3,140
35019,4,60
35019,5,80
35019,6,**
,,
35020,,9050
35020,1,5450
35020,2,2470
35020,3,720
35020,4,230
35020,5,160
35020,6,20
,,
35022,,9800
35022,1,3240
35022,2,2430
35022,3,1610
35022,4,1020
35022,5,1300
35022,6,200
,,
35023,,10050
35023,1,3690
35023,2,2910
35023,3,1550
35023,4,930
35023,5,900
35023,6,70
,,
35031,,2860
35031,1,1190
35031,2,810
35031,3,430
35031,4,230
35031,5,180
35031,6,20
,,
35033,,1380
35033,1,460
35033,2,380
35033,3,210
35033,4,150
35033,5,140
35033,6,40
,,
35034,,1390
35034,1,700
35034,2,370
35034,3,160
35034,4,80
35034,5,80
35034,6,**
,,
35035,,570
35035,1,230
35035,2,150
35035,3,80
35035,4,50
35035,5,60
35035,6,**
,,
35040,,7590
35040,1,2360
35040,2,2190
35040,3,1410
35040,4,790
35040,5,760
35040,6,80
,,
35042,,2200
35042,1,890
35042,2,570
35042,3,320
35042,4,190
35042,5,210
35042,6,20
,,
35043,,5070
35043,1,1310
35043,2,820
35043,3,690
35043,4,710
35043,5,1270
35043,6,270
,,
35044,,3060
35044,1,1390
35044,2,810
35044,3,390
35044,4,220
35044,5,220
35044,6,30
,,
35045,,5500
35045,1,2340
35045,2,1420
35045,3,750
35045,4,460
35045,5,460
35045,6,70
,,
35046,,2350
35046,1,870
35046,2,590
35046,3,330
35046,4,230
35046,5,290
35046,6,40
,,
35049,,1550
35049,1,520
35049,2,440
35049,3,250
35049,4,180
35049,5,160
35049,6,**
,,
35051,,3290
35051,1,1270
35051,2,740
35051,3,410
35051,4,320
35051,5,430
35051,6,120
,,
35053,,1050
35053,1,340
35053,2,250
35053,3,170
35053,4,110
35053,5,140
35053,6,40
,,
35054,,1820
35054,1,620
35054,2,380
35054,3,260
35054,4,210
35054,5,280
35054,6,70
,,
35055,,7950
35055,1,3150
35055,2,2060
35055,3,1100
35055,4,720
35055,5,740
35055,6,180
,,
35057,,5290
35057,1,2010
35057,2,1360
35057,3,740
35057,4,500
35057,5,560
35057,6,120
,,
35058,,4220
35058,1,1710
35058,2,1080
35058,3,580
35058,4,380
35058,5,380
35058,6,90
,,
35061,,640
35061,1,310
35061,2,180
35061,3,90
35061,4,30
35061,5,30
35061,6,**
,,
35062,,3220
35062,1,1160
35062,2,750
35062,3,520
35062,4,360
35062,5,390
35062,6,40
,,
35063,,1200
35063,1,480
35063,2,350
35063,3,170
35063,4,100
35063,5,100
35063,6,**
,,
35064,,4300
35064,1,2220
35064,2,1230
35064,3,450
35064,4,210
35064,5,190
35064,6,**
,,
35068,,3760
35068,1,1230
35068,2,1160
35068,3,700
35068,4,330
35068,5,310
35068,6,30
,,
35071,,7480
35071,1,2240
35071,2,1820
35071,3,1210
35071,4,850
35071,5,1160
35071,6,200
,,
35072,,1820
35072,1,780
35072,2,570
35072,3,220
35072,4,150
35072,5,100
35072,6,**
,,
35073,,930
35073,1,370
35073,2,310
35073,3,130
35073,4,70
35073,5,50
35073,6,**
,,
35077,,5210
35077,1,2210
35077,2,1480
35077,3,700
35077,4,440
35077,5,350
35077,6,30
,,
35078,,870
35078,1,350
35078,2,230
35078,3,110
35078,4,80
35078,5,100
35078,6,**
,,
35079,,3420
35079,1,1110
35079,2,830
35079,3,650
35079,4,430
35079,5,360
35079,6,40
,,
35080,,7840
35080,1,2120
35080,2,1420
35080,3,1240
35080,4,1060
35080,5,1740
35080,6,260
,,
35083,,1200
35083,1,460
35083,2,340
35083,3,190
35083,4,110
35083,5,100
35083,6,**
,,
35085,,3400
35085,1,1340
35085,2,940
35085,3,510
35085,4,290
35085,5,290
35085,6,30
,,
35087,,840
35087,1,390
35087,2,200
35087,3,120
35087,4,70
35087,5,60
35087,6,**
,,
35089,,750
35089,1,360
35089,2,250
35089,3,90
35089,4,30
35089,5,20
35089,6,**
,,
35091,,1260
35091,1,310
35091,2,220
35091,3,230
35091,4,190
35091,5,290
35091,6,20
,,
35094,,6290
35094,1,2280
35094,2,1590
35094,3,990
35094,4,590
35094,5,700
35094,6,140
,,
35096,,3420
35096,1,1280
35096,2,910
35096,3,520
35096,4,340
35096,5,320
35096,6,50
,,
35097,,770
35097,1,260
35097,2,200
35097,3,150
35097,4,90
35097,5,70
35097,6,**
,,
35098,,560
35098,1,230
35098,2,140
35098,3,70
35098,4,60
35098,5,60
35098,6,**
,,
35111,,6970
35111,1,1970
35111,2,1500
35111,3,1240
35111,4,940
35111,5,1170
35111,6,150
,,
35114,,3070
35114,1,960
35114,2,590
35114,3,450
35114,4,370
35114,5,620
35114,6,80
,,
35115,,5200
35115,1,2320
35115,2,1280
35115,3,700
35115,4,390
35115,5,440
35115,6,70
,,
35116,,2000
35116,1,610
35116,2,480
35116,3,300
35116,4,240
35116,5,320
35116,6,50
,,
35117,,2680
35117,1,720
35117,2,640
35117,3,470
35117,4,340
35117,5,440
35117,6,70
,,
35118,,1350
35118,1,510
35118,2,370
35118,3,200
35118,4,140
35118,5,130
35118,6,**
,,
35120,,6110
35120,1,2070
35120,2,1530
35120,3,1060
35120,4,680
35120,5,700
35120,6,70
,,
35121,,5880
35121,1,2310
35121,2,1570
35121,3,850
35121,4,490
35121,5,530
35121,6,130
,,
35124,,11730
35124,1,3380
35124,2,2530
35124,3,1780
35124,4,1270
35124,5,2150
35124,6,620
,,
35125,,4390
35125,1,1840
35125,2,1220
35125,3,600
35125,4,380
35125,5,310
35125,6,40
,,
35126,,9500
35126,1,3150
35126,2,2480
35126,3,1560
35126,4,1070
35126,5,1140
35126,6,100
,,
35127,,4340
35127,1,1440
35127,2,1210
35127,3,760
35127,4,440
35127,5,450
35127,6,40
,,
35128,,4270
35128,1,1460
35128,2,1010
35128,3,610
35128,4,450
35128,5,610
35128,6,130
,,
35130,,1200
35130,1,460
35130,2,330
35130,3,200
35130,4,110
35130,5,100
35130,6,**
,,
35131,,1480
35131,1,580
35131,2,440
35131,3,230
35131,4,120
35131,5,110
35131,6,**
,,
35133,,1560
35133,1,550
35133,2,410
35133,3,280
35133,4,170
35133,5,150
35133,6,**
,,
35135,,810
35135,1,260
35135,2,190
35135,3,150
35135,4,90
35135,5,120
35135,6,**
,,
35136,,650
35136,1,240
35136,2,170
35136,3,110
35136,4,60
35136,5,70
35136,6,**
,,
35143,,1240
35143,1,480
35143,2,320
35143,3,160
35143,4,120
35143,5,130
35143,6,30
,,
35146,,4520
35146,1,1340
35146,2,1010
35146,3,730
35146,4,560
35146,5,750
35146,6,130
,,
35147,,2280
35147,1,630
35147,2,500
35147,3,380
35147,4,280
35147,5,400
35147,6,90
,,
35148,,1060
35148,1,460
35148,2,290
35148,3,140
35148,4,100
35148,5,70
35148,6,**
,,
35150,,6940
35150,1,3090
35150,2,1910
35150,3,890
35150,4,490
35150,5,490
35150,6,70
,,
35151,,2940
35151,1,1100
35151,2,750
35151,3,460
35151,4,310
35151,5,290
35151,6,30
,,
35160,,9680
35160,1,4420
35160,2,2780
35160,3,1210
35160,4,650
35160,5,520
35160,6,100
,,
35171,,1330
35171,1,460
35171,2,330
35171,3,220
35171,4,130
35171,5,190
35171,6,**
,,
35172,,1120
35172,1,430
35172,2,320
35172,3,190
35172,4,90
35172,5,90
35172,6,**
,,
35173,,12710
35173,1,3280
35173,2,2260
35173,3,1840
35173,4,1590
35173,5,2950
35173,6,790
,,
35175,,2060
35175,1,730
35175,2,510
35175,3,300
35175,4,210
35175,5,270
35175,6,40
,,
35176,,330
35176,1,130
35176,2,100
35176,3,50
35176,4,30
35176,5,20
35176,6,**
,,
35178,,1460
35178,1,590
35178,2,390
35178,3,230
35178,4,120
35178,5,110
35178,6,20
,,
35179,,3730
35179,1,1440
35179,2,960
35179,3,600
35179,4,340
35179,5,320
35179,6,70
,,
35180,,5680
35180,1,1820
35180,2,1400
35180,3,980
35180,4,630
35180,5,770
35180,6,80
,,
35183,,280
35183,1,100
35183,2,80
35183,3,40
35183,4,30
35183,5,30
35183,6,**
,,
35184,,2080
35184,1,800
35184,2,610
35184,3,330
35184,4,190
35184,5,130
35184,6,20
,,
35186,,2020
35186,1,630
35186,2,420
35186,3,310
35186,4,240
35186,5,340
35186,6,80
,,
35188,,1170
35188,1,370
35188,2,290
35188,3,220
35188,4,140
35188,5,150
35188,6,**
,,
35203,,1350
35203,1,540
35203,2,270
35203,3,160
35203,4,100
35203,5,160
35203,6,120
,,
35204,,3590
35204,1,2320
35204,2,920
35204,3,240
35204,4,70
35204,5,40
35204,6,**
,,
35205,,7630
35205,1,3330
35205,2,2370
35205,3,830
35205,4,350
35205,5,470
35205,6,280
,,
35206,,6530
35206,1,3720
35206,2,1830
35206,3,590
35206,4,220
35206,5,170
35206,6,**
,,
35207,,3280
35207,1,2070
35207,2,850
35207,3,230
35207,4,90
35207,5,40
35207,6,0
,,
35208,,5790
35208,1,3400
35208,2,1690
35208,3,450
35208,4,150
35208,5,100
35208,6,**
,,
35209,,11970
35209,1,4020
35209,2,2660
35209,3,1410
35209,4,920
35209,5,1830
35209,6,1130
,,
35210,,6580
35210,1,2320
35210,2,1770
35210,3,1040
35210,4,600
35210,5,660
35210,6,190
,,
35211,,10610
35211,1,6090
35211,2,2910
35211,3,930
35211,4,360
35211,5,270
35211,6,50
,,
35212,,4710
35212,1,2720
35212,2,1080
35212,3,420
35212,4,200
35212,5,240
35212,6,50
,,
35213,,6830
35213,1,1490
35213,2,1040
35213,3,790
35213,4,470
35213,5,1230
35213,6,1810
,,
35214,,8260
35214,1,3730
35214,2,2560
35214,3,1100
35214,4,450
35214,5,400
35214,6,20
,,
35215,,19940
35215,1,10180
35215,2,5960
35215,3,2170
35215,4,910
35215,5,680
35215,6,40
,,
35216,,16150
35216,1,5290
35216,2,3940
35216,3,2010
35216,4,1160
35216,5,2430
35216,6,1320
,,
35217,,5030
35217,1,2800
35217,2,1380
35217,3,470
35217,4,200
35217,5,160
35217,6,20
,,
35218,,2580
35218,1,1630
35218,2,720
35218,3,170
35218,4,40
35218,5,20
35218,6,**
,,
35221,,1790
35221,1,1010
35221,2,580
35221,3,140
35221,4,40
35221,5,20
35221,6,**
,,
35222,,3760
35222,1,1190
35222,2,830
35222,3,520
35222,4,370
35222,5,530
35222,6,320
,,
35223,,5480
35223,1,1140
35223,2,580
35223,3,460
35223,4,370
35223,5,1190
35223,6,1740
,,
35224,,2150
35224,1,1190
35224,2,630
35224,3,220
35224,4,70
35224,5,40
35224,6,**
,,
35226,,16570
35226,1,3710
35226,2,2790
35226,3,2280
35226,4,1950
35226,5,4210
35226,6,1630
,,
35228,,4220
35228,1,2320
35228,2,1280
35228,3,420
35228,4,110
35228,5,90
35228,6,**
,,
35233,,880
35233,1,290
35233,2,210
35233,3,170
35233,4,80
35233,5,90
35233,6,40
,,
35234,,1910
35234,1,1220
35234,2,530
35234,3,110
35234,4,30
35234,5,20
35234,6,**
,,
35235,,9230
35235,1,3450
35235,2,3050
35235,3,1430
35235,4,690
35235,5,560
35235,6,50
,,
35242,,25250
35242,1,6280
35242,2,4280
35242,3,2930
35242,4,2240
35242,5,5530
35242,6,3990
,,
35243,,9880
35243,1,2310
35243,2,1940
35243,3,1360
35243,4,970
35243,5,1770
35243,6,1530
,,
35244,,15940
35244,1,4040
35244,2,3140
35244,3,2060
35244,4,1570
35244,5,3620
35244,6,1510
,,
35401,,9870
35401,1,6140
35401,2,2370
35401,3,630
35401,4,270
35401,5,330
35401,6,130
,,
35404,,7910
35404,1,4020
35404,2,2150
35404,3,860
35404,4,370
35404,5,410
35404,6,100
,,
35405,,18070
35405,1,7630
35405,2,4830
35405,3,2270
35405,4,1380
35405,5,1700
35405,6,260
,,
35406,,6670
35406,1,1650
35406,2,1060
35406,3,750
35406,4,660
35406,5,1480
35406,6,1070
,,
35441,,460
35441,1,190
35441,2,140
35441,3,60
35441,4,30
35441,5,40
35441,6,**
,,
35442,,1880
35442,1,1040
35442,2,500
35442,3,150
35442,4,90
35442,5,80
35442,6,20
,,
35443,,650
35443,1,390
35443,2,170
35443,3,70
35443,4,**
35443,5,20
35443,6,**
,,
35444,,1510
35444,1,570
35444,2,420
35444,3,240
35444,4,160
35444,5,120
35444,6,**
,,
35446,,840
35446,1,330
35446,2,230
35446,3,120
35446,4,80
35446,5,80
35446,6,**
,,
35447,,1220
35447,1,610
35447,2,300
35447,3,140
35447,4,80
35447,5,90
35447,6,**
,,
35452,,1570
35452,1,590
35452,2,370
35452,3,270
35452,4,150
35452,5,190
35452,6,**
,,
35453,,4860
35453,1,1960
35453,2,1290
35453,3,720
35453,4,440
35453,5,400
35453,6,50
,,
35456,,1810
35456,1,770
35456,2,480
35456,3,260
35456,4,150
35456,5,130
35456,6,20
,,
35458,,220
35458,1,80
35458,2,60
35458,3,40
35458,4,20
35458,5,20
35458,6,0
,,
35459,,320
35459,1,160
35459,2,90
35459,3,40
35459,4,30
35459,5,**
35459,6,**
,,
35460,,240
35460,1,130
35460,2,80
35460,3,30
35460,4,**
35460,5,**
35460,6,**
,,
35461,,700
35461,1,280
35461,2,200
35461,3,100
35461,4,60
35461,5,60
35461,6,**
,,
35462,,1850
35462,1,1040
35462,2,500
35462,3,140
35462,4,70
35462,5,100
35462,6,**
,,
35463,,770
35463,1,290
35463,2,210
35463,3,120
35463,4,70
35463,5,80
35463,6,**
,,
35464,,200
35464,1,140
35464,2,40
35464,3,20
35464,4,**
35464,5,**
35464,6,0
,,
35466,,2240
35466,1,810
35466,2,590
35466,3,350
35466,4,230
35466,5,260
35466,6,**
,,
35469,,130
35469,1,60
35469,2,40
35469,3,30
35469,4,**
35469,5,**
35469,6,**
,,
35470,,1800
35470,1,910
35470,2,450
35470,3,180
35470,4,110
35470,5,120
35470,6,30
,,
35473,,7110
35473,1,2290
35473,2,1880
35473,3,1120
35473,4,760
35473,5,910
35473,6,150
,,
35474,,2770
35474,1,990
35474,2,780
35474,3,420
35474,4,290
35474,5,270
35474,6,20
,,
35475,,6850
35475,1,1840
35475,2,1370
35475,3,1090
35475,4,920
35475,5,1360
35475,6,270
,,
35476,,3660
35476,1,1740
35476,2,1080
35476,3,440
35476,4,180
35476,5,170
35476,6,50
,,
35480,,690
35480,1,220
35480,2,190
35480,3,90
35480,4,90
35480,5,100
35480,6,**
,,
35481,,1280
35481,1,600
35481,2,330
35481,3,170
35481,4,90
35481,5,90
35481,6,**
,,
35490,,1720
35490,1,530
35490,2,490
35490,3,280
35490,4,210
35490,5,210
35490,6,**
,,
35501,,3670
35501,1,1750
35501,2,940
35501,3,440
35501,4,260
35501,5,240
35501,6,40
,,
35503,,3290
35503,1,1320
35503,2,860
35503,3,460
35503,4,290
35503,5,320
35503,6,40
,,
35504,,5050
35504,1,1690
35504,2,1210
35504,3,740
35504,4,570
35504,5,690
35504,6,150
,,
35540,,920
35540,1,360
35540,2,260
35540,3,150
35540,4,80
35540,5,70
35540,6,**
,,
35541,,1280
35541,1,470
35541,2,310
35541,3,170
35541,4,140
35541,5,150
35541,6,40
,,
35542,,440
35542,1,170
35542,2,130
35542,3,60
35542,4,50
35542,5,30
35542,6,**
,,
35543,,380
35543,1,190
35543,2,100
35543,3,70
35543,4,**
35543,5,20
35543,6,**
,,
35544,,230
35544,1,100
35544,2,60
35544,3,40
35544,4,30
35544,5,**
35544,6,0
,,
35546,,1470
35546,1,530
35546,2,450
35546,3,240
35546,4,130
35546,5,120
35546,6,**
,,
35548,,550
35548,1,270
35548,2,170
35548,3,60
35548,4,50
35548,5,**
35548,6,**
,,
35549,,1350
35549,1,640
35549,2,380
35549,3,160
35549,4,90
35549,5,80
35549,6,**
,,
35550,,1820
35550,1,760
35550,2,490
35550,3,260
35550,4,140
35550,5,150
35550,6,20
,,
35552,,350
35552,1,140
35552,2,100
35552,3,60
35552,4,30
35552,5,20
35552,6,**
,,
35553,,1660
35553,1,740
35553,2,450
35553,3,210
35553,4,130
35553,5,100
35553,6,30
,,
35554,,410
35554,1,160
35554,2,110
35554,3,70
35554,4,30
35554,5,40
35554,6,**
,,
35555,,3640
35555,1,1580
35555,2,970
35555,3,490
35555,4,290
35555,5,260
35555,6,50
,,
35563,,1560
35563,1,670
35563,2,400
35563,3,220
35563,4,130
35563,5,140
35563,6,**
,,
35564,,780
35564,1,350
35564,2,230
35564,3,110
35564,4,50
35564,5,40
35564,6,**
,,
35565,,4710
35565,1,2250
35565,2,1270
35565,3,610
35565,4,270
35565,5,250
35565,6,60
,,
35570,,3900
35570,1,1800
35570,2,1000
35570,3,520
35570,4,320
35570,5,220
35570,6,40
,,
35571,,330
35571,1,140
35571,2,100
35571,3,40
35571,4,50
35571,5,**
35571,6,**
,,
35572,,380
35572,1,140
35572,2,120
35572,3,60
35572,4,20
35572,5,40
35572,6,**
,,
35574,,560
35574,1,200
35574,2,160
35574,3,100
35574,4,50
35574,5,50
35574,6,**
,,
35575,,370
35575,1,150
35575,2,100
35575,3,50
35575,4,40
35575,5,30
35575,6,**
,,
35576,,1140
35576,1,420
35576,2,300
35576,3,200
35576,4,110
35576,5,110
35576,6,**
,,
35578,,1820
35578,1,760
35578,2,540
35578,3,260
35578,4,150
35578,5,110
35578,6,**
,,
35579,,1170
35579,1,470
35579,2,340
35579,3,170
35579,4,90
35579,5,100
35579,6,**
,,
35580,,1430
35580,1,600
35580,2,350
35580,3,210
35580,4,140
35580,5,130
35580,6,**
,,
35581,,1930
35581,1,910
35581,2,520
35581,3,260
35581,4,130
35581,5,110
35581,6,**
,,
35582,,1680
35582,1,670
35582,2,510
35582,3,230
35582,4,120
35582,5,110
35582,6,40
,,
35585,,610
35585,1,260
35585,2,140
35585,3,90
35585,4,70
35585,5,50
35585,6,**
,,
35586,,1580
35586,1,690
35586,2,430
35586,3,220
35586,4,140
35586,5,100
35586,6,**
,,
35587,,310
35587,1,140
35587,2,70
35587,3,40
35587,4,30
35587,5,30
35587,6,**
,,
35592,,1620
35592,1,670
35592,2,430
35592,3,260
35592,4,130
35592,5,130
35592,6,**
,,
35593,,670
35593,1,260
35593,2,210
35593,3,100
35593,4,60
35593,5,40
35593,6,**
,,
35594,,2840
35594,1,1170
35594,2,740
35594,3,390
35594,4,250
35594,5,250
35594,6,40
,,
35601,,13580
35601,1,6530
35601,2,3690
35601,3,1500
35601,4,760
35601,5,830
35601,6,270
,,
35603,,13950
35603,1,4940
35603,2,3100
35603,3,1880
35603,4,1430
35603,5,2140
35603,6,460
,,
35610,,750
35610,1,290
35610,2,190
35610,3,130
35610,4,80
35610,5,60
35610,6,**
,,
35611,,10180
35611,1,4450
35611,2,2710
35611,3,1220
35611,4,770
35611,5,860
35611,6,170
,,
35613,,9040
35613,1,2500
35613,2,1680
35613,3,1340
35613,4,1110
35613,5,1990
35613,6,420
,,
35614,,2990
35614,1,1210
35614,2,820
35614,3,430
35614,4,250
35614,5,240
35614,6,40
,,
35616,,1460
35616,1,600
35616,2,390
35616,3,230
35616,4,120
35616,5,120
35616,6,**
,,
35618,,750
35618,1,340
35618,2,240
35618,3,90
35618,4,30
35618,5,50
35618,6,**
,,
35619,,2020
35619,1,790
35619,2,550
35619,3,300
35619,4,190
35619,5,190
35619,6,**
,,
35620,,3750
35620,1,1420
35620,2,970
35620,3,570
35620,4,370
35620,5,380
35620,6,40
,,
35621,,1150
35621,1,490
35621,2,270
35621,3,150
35621,4,110
35621,5,130
35621,6,**
,,
35622,,2610
35622,1,1070
35622,2,710
35622,3,360
35622,4,220
35622,5,230
35622,6,20
,,
35630,,12520
35630,1,6270
35630,2,3040
35630,3,1340
35630,4,760
35630,5,880
35630,6,230
,,
35633,,8570
35633,1,3310
35633,2,2030
35633,3,1280
35633,4,880
35633,5,900
35633,6,170
,,
35634,,4500
35634,1,1630
35634,2,920
35634,3,680
35634,4,420
35634,5,610
35634,6,240
,,
35640,,10680
35640,1,3920
35640,2,2550
35640,3,1530
35640,4,1090
35640,5,1380
35640,6,210
,,
35643,,1300
35643,1,580
35643,2,390
35643,3,150
35643,4,80
35643,5,100
35643,6,**
,,
35645,,5710
35645,1,1920
35645,2,1230
35645,3,880
35645,4,640
35645,5,850
35645,6,190
,,
35646,,1820
35646,1,750
35646,2,510
35646,3,250
35646,4,130
35646,5,150
35646,6,30
,,
35647,,430
35647,1,140
35647,2,130
35647,3,60
35647,4,60
35647,5,40
35647,6,**
,,
35648,,1550
35648,1,570
35648,2,370
35648,3,270
35648,4,170
35648,5,170
35648,6,**
,,
35650,,5480
35650,1,2220
35650,2,1360
35650,3,810
35650,4,500
35650,5,540
35650,6,50
,,
35651,,430
35651,1,170
35651,2,110
35651,3,70
35651,4,50
35651,5,30
35651,6,**
,,
35652,,3370
35652,1,1210
35652,2,780
35652,3,570
35652,4,350
35652,5,390
35652,6,70
,,
35653,,4570
35653,1,2000
35653,2,1420
35653,3,510
35653,4,300
35653,5,280
35653,6,60
,,
35654,,3050
35654,1,1370
35654,2,850
35654,3,390
35654,4,230
35654,5,190
35654,6,20
,,
35660,,3790
35660,1,1820
35660,2,1070
35660,3,420
35660,4,230
35660,5,210
35660,6,40
,,
35661,,7680
35661,1,2760
35661,2,1780
35661,3,1170
35661,4,810
35661,5,950
35661,6,210
,,
35670,,3170
35670,1,1260
35670,2,720
35670,3,490
35670,4,310
35670,5,340
35670,6,50
,,
35671,,910
35671,1,400
35671,2,250
35671,3,100
35671,4,60
35671,5,80
35671,6,20
,,
35672,,2430
35672,1,930
35672,2,700
35672,3,330
35672,4,220
35672,5,250
35672,6,**
,,
35673,,3420
35673,1,1260
35673,2,870
35673,3,500
35673,4,380
35673,5,370
35673,6,40
,,
35674,,7840
35674,1,3140
35674,2,1970
35674,3,1060
35674,4,720
35674,5,820
35674,6,130
,,
35677,,720
35677,1,300
35677,2,200
35677,3,110
35677,4,50
35677,5,60
35677,6,**
,,
35739,,2120
35739,1,790
35739,2,550
35739,3,310
35739,4,210
35739,5,240
35739,6,20
,,
35740,,1340
35740,1,550
35740,2,390
35740,3,180
35740,4,110
35740,5,110
35740,6,**
,,
35741,,1460
35741,1,410
35741,2,280
35741,3,190
35741,4,130
35741,5,270
35741,6,180
,,
35744,,930
35744,1,410
35744,2,260
35744,3,130
35744,4,80
35744,5,50
35744,6,**
,,
35746,,350
35746,1,140
35746,2,100
35746,3,60
35746,4,50
35746,5,**
35746,6,**
,,
35747,,2430
35747,1,950
35747,2,570
35747,3,340
35747,4,230
35747,5,290
35747,6,50
,,
35748,,3130
35748,1,1050
35748,2,610
35748,3,370
35748,4,260
35748,5,610
35748,6,230
,,
35749,,11230
35749,1,3350
35749,2,2320
35749,3,1660
35749,4,1340
35749,5,2230
35749,6,330
,,
35750,,5890
35750,1,2180
35750,2,1460
35750,3,860
35750,4,600
35750,5,710
35750,6,80
,,
35752,,820
35752,1,370
35752,2,220
35752,3,100
35752,4,50
35752,5,80
35752,6,**
,,
35754,,2190
35754,1,900
35754,2,540
35754,3,270
35754,4,190
35754,5,240
35754,6,50
,,
35755,,270
35755,1,110
35755,2,80
35755,3,50
35755,4,**
35755,5,30
35755,6,**
,,
35756,,7500
35756,1,1830
35756,2,1260
35756,3,1060
35756,4,950
35756,5,1930
35756,6,470
,,
35757,,7350
35757,1,2010
35757,2,1340
35757,3,1080
35757,4,890
35757,5,1720
35757,6,310
,,
35758,,21200
35758,1,6170
35758,2,3490
35758,3,2430
35758,4,2280
35758,5,5160
35758,6,1670
,,
35759,,4060
35759,1,1130
35759,2,820
35759,3,680
35759,4,540
35759,5,780
35759,6,110
,,
35760,,2090
35760,1,830
35760,2,540
35760,3,320
35760,4,180
35760,5,200
35760,6,20
,,
35761,,5100
35761,1,1640
35761,2,1200
35761,3,780
35761,4,530
35761,5,810
35761,6,140
,,
35763,,8070
35763,1,1840
35763,2,1090
35763,3,910
35763,4,880
35763,5,2480
35763,6,870
,,
35764,,230
35764,1,100
35764,2,70
35764,3,40
35764,4,20
35764,5,**
35764,6,**
,,
35765,,1440
35765,1,630
35765,2,380
35765,3,210
35765,4,100
35765,5,120
35765,6,**
,,
35768,,4710
35768,1,2000
35768,2,1340
35768,3,590
35768,4,350
35768,5,350
35768,6,80
,,
35769,,4190
35769,1,1540
35769,2,990
35769,3,580
35769,4,330
35769,5,570
35769,6,180
,,
35771,,1380
35771,1,570
35771,2,410
35771,3,190
35771,4,110
35771,5,100
35771,6,**
,,
35772,,1850
35772,1,800
35772,2,530
35772,3,230
35772,4,160
35772,5,130
35772,6,**
,,
35773,,5500
35773,1,2070
35773,2,1420
35773,3,750
35773,4,490
35773,5,670
35773,6,100
,,
35775,,300
35775,1,160
35775,2,70
35775,3,50
35775,4,**
35775,5,20
35775,6,**
,,
35776,,1380
35776,1,550
35776,2,380
35776,3,220
35776,4,130
35776,5,100
35776,6,**
,,
35801,,10110
35801,1,2860
35801,2,1750
35801,3,1330
35801,4,1030
35801,5,2030
35801,6,1110
,,
35802,,11070
35802,1,3490
35802,2,2140
35802,3,1310
35802,4,1100
35802,5,2170
35802,6,860
,,
35803,,13260
35803,1,3790
35803,2,2460
35803,3,1900
35803,4,1640
35803,5,2820
35803,6,650
,,
35805,,8320
35805,1,5440
35805,2,2020
35805,3,510
35805,4,200
35805,5,150
35805,6,**
,,
35806,,11180
35806,1,3660
35806,2,2300
35806,3,1510
35806,4,1050
35806,5,2090
35806,6,570
,,
35808,,430
35808,1,70
35808,2,60
35808,3,70
35808,4,60
35808,5,150
35808,6,20
,,
35810,,13510
35810,1,7140
35810,2,3780
35810,3,1380
35810,4,610
35810,5,550
35810,6,50
,,
35811,,12530
35811,1,4390
35811,2,2700
35811,3,1790
35811,4,1380
35811,5,1950
35811,6,320
,,
35816,,5640
35816,1,3650
35816,2,1320
35816,3,350
35816,4,170
35816,5,130
35816,6,20
,,
35824,,4180
35824,1,1040
35824,2,860
35824,3,610
35824,4,490
35824,5,960
35824,6,220
,,
35901,,7340
35901,1,3530
35901,2,1700
35901,3,800
35901,4,460
35901,5,550
35901,6,300
,,
35903,,7130
35903,1,3450
35903,2,1850
35903,3,910
35903,4,480
35903,5,400
35903,6,40
,,
35904,,5210
35904,1,2540
35904,2,1420
35904,3,650
35904,4,320
35904,5,250
35904,6,30
,,
35905,,2670
35905,1,1020
35905,2,690
35905,3,400
35905,4,240
35905,5,280
35905,6,40
,,
35906,,4470
35906,1,1780
35906,2,1100
35906,3,650
35906,4,380
35906,5,460
35906,6,100
,,
35907,,3770
35907,1,1090
35907,2,870
35907,3,630
35907,4,520
35907,5,580
35907,6,80
,,
35950,,8660
35950,1,4130
35950,2,2570
35950,3,910
35950,4,480
35950,5,480
35950,6,90
,,
35951,,4970
35951,1,2500
35951,2,1330
35951,3,560
35951,4,290
35951,5,230
35951,6,60
,,
35952,,2660
35952,1,1140
35952,2,690
35952,3,430
35952,4,210
35952,5,190
35952,6,**
,,
35953,,2920
35953,1,1120
35953,2,780
35953,3,440
35953,4,260
35953,5,280
35953,6,40
,,
35954,,4710
35954,1,2300
35954,2,1240
35954,3,620
35954,4,310
35954,5,210
35954,6,30
,,
35956,,3370
35956,1,1420
35956,2,890
35956,3,510
35956,4,270
35956,5,250
35956,6,30
,,
35957,,6330
35957,1,3010
35957,2,1690
35957,3,770
35957,4,440
35957,5,340
35957,6,80
,,
35958,,1160
35958,1,490
35958,2,290
35958,3,190
35958,4,100
35958,5,90
35958,6,**
,,
35959,,1770
35959,1,790
35959,2,430
35959,3,250
35959,4,140
35959,5,140
35959,6,20
,,
35960,,3700
35960,1,1540
35960,2,940
35960,3,480
35960,4,320
35960,5,360
35960,6,60
,,
35961,,2260
35961,1,1120
35961,2,690
35961,3,220
35961,4,120
35961,5,90
35961,6,20
,,
35962,,2620
35962,1,1250
35962,2,770
35962,3,330
35962,4,150
35962,5,100
35962,6,20
,,
35963,,620
35963,1,280
35963,2,180
35963,3,80
35963,4,40
35963,5,40
35963,6,**
,,
35966,,1330
35966,1,540
35966,2,380
35966,3,200
35966,4,110
35966,5,100
35966,6,**
,,
35967,,6060
35967,1,2740
35967,2,1690
35967,3,760
35967,4,420
35967,5,370
35967,6,80
,,
35968,,2210
35968,1,870
35968,2,650
35968,3,320
35968,4,170
35968,5,170
35968,6,30
,,
35971,,1740
35971,1,820
35971,2,450
35971,3,230
35971,4,130
35971,5,90
35971,6,20
,,
35972,,490
35972,1,190
35972,2,140
35972,3,70
35972,4,40
35972,5,50
35972,6,**
,,
35973,,1040
35973,1,490
35973,2,270
35973,3,140
35973,4,80
35973,5,60
35973,6,**
,,
35974,,730
35974,1,320
35974,2,210
35974,3,90
35974,4,60
35974,5,50
35974,6,**
,,
35975,,380
35975,1,160
35975,2,110
35975,3,60
35975,4,20
35975,5,30
35975,6,**
,,
35976,,6970
35976,1,2890
35976,2,1530
35976,3,900
35976,4,590
35976,5,740
35976,6,320
,,
35978,,2000
35978,1,870
35978,2,570
35978,3,280
35978,4,140
35978,5,140
35978,6,**
,,
35979,,550
35979,1,250
35979,2,150
35979,3,80
35979,4,40
35979,5,30
35979,6,0
,,
35980,,1800
35980,1,880
35980,2,480
35980,3,220
35980,4,130
35980,5,90
35980,6,**
,,
35981,,780
35981,1,320
35981,2,200
35981,3,130
35981,4,70
35981,5,60
35981,6,**
,,
35983,,1420
35983,1,590
35983,2,370
35983,3,210
35983,4,120
35983,5,130
35983,6,**
,,
35984,,820
35984,1,340
35984,2,200
35984,3,120
35984,4,70
35984,5,90
35984,6,**
,,
35986,,3150
35986,1,1340
35986,2,820
35986,3,450
35986,4,260
35986,5,240
35986,6,40
,,
35987,,950
35987,1,390
35987,2,260
35987,3,140
35987,4,80
35987,5,80
35987,6,**
,,
35988,,690
35988,1,310
35988,2,200
35988,3,90
35988,4,50
35988,5,40
35988,6,**
,,
35989,,1240
35989,1,570
35989,2,330
35989,3,140
35989,4,80
35989,5,100
35989,6,20
,,
36003,,750
36003,1,360
36003,2,180
36003,3,90
36003,4,50
36003,5,70
36003,6,**
,,
36005,,660
36005,1,260
36005,2,190
36005,3,90
36005,4,60
36005,5,60
36005,6,**
,,
36006,,560
36006,1,230
36006,2,140
36006,3,90
36006,4,50
36006,5,50
36006,6,**
,,
36009,,1050
36009,1,460
36009,2,260
36009,3,130
36009,4,100
36009,5,100
36009,6,**
,,
36010,,2110
36010,1,1080
36010,2,570
36010,3,210
36010,4,120
36010,5,130
36010,6,**
,,
36013,,210
36013,1,70
36013,2,30
36013,3,40
36013,4,**
36013,5,70
36013,6,**
,,
36016,,1200
36016,1,600
36016,2,330
36016,3,130
36016,4,70
36016,5,70
36016,6,**
,,
36017,,530
36017,1,280
36017,2,140
36017,3,50
36017,4,30
36017,5,30
36017,6,**
,,
36020,,530
36020,1,230
36020,2,150
36020,3,60
36020,4,40
36020,5,50
36020,6,**
,,
36022,,5740
36022,1,1710
36022,2,1190
36022,3,950
36022,4,820
36022,5,980
36022,6,90
,,
36024,,2600
36024,1,990
36024,2,640
36024,3,380
36024,4,240
36024,5,280
36024,6,70
,,
36025,,1650
36025,1,660
36025,2,450
36025,3,230
36025,4,150
36025,5,160
36025,6,**
,,
36026,,430
36026,1,130
36026,2,110
36026,3,70
36026,4,50
36026,5,50
36026,6,20
,,
36027,,5950
36027,1,2990
36027,2,1450
36027,3,600
36027,4,350
36027,5,490
36027,6,70
,,
36028,,700
36028,1,310
36028,2,200
36028,3,90
36028,4,50
36028,5,50
36028,6,**
,,
36029,,380
36029,1,150
36029,2,100
36029,3,60
36029,4,**
36029,5,70
36029,6,**
,,
36030,,200
36030,1,100
36030,2,40
36030,3,30
36030,4,30
36030,5,**
36030,6,**
,,
36032,,1060
36032,1,570
36032,2,310
36032,3,100
36032,4,40
36032,5,40
36032,6,**
,,
36033,,1530
36033,1,730
36033,2,440
36033,3,170
36033,4,90
36033,5,100
36033,6,**
,,
36034,,310
36034,1,130
36034,2,90
36034,3,40
36034,4,50
36034,5,**
36034,6,**
,,
36035,,790
36035,1,310
36035,2,210
36035,3,120
36035,4,70
36035,5,80
36035,6,**
,,
36036,,790
36036,1,340
36036,2,250
36036,3,90
36036,4,50
36036,5,60
36036,6,**
,,
36037,,5420
36037,1,2680
36037,2,1390
36037,3,570
36037,4,350
36037,5,370
36037,6,60
,,
36039,,120
36039,1,60
36039,2,60
36039,3,**
36039,4,**
36039,5,.
36039,6,**
,,
36040,,1560
36040,1,870
36040,2,480
36040,3,130
36040,4,40
36040,5,40
36040,6,**
,,
36041,,560
36041,1,210
36041,2,180
36041,3,80
36041,4,50
36041,5,40
36041,6,**
,,
36042,,560
36042,1,210
36042,2,170
36042,3,80
36042,4,60
36042,5,40
36042,6,**
,,
36043,,1630
36043,1,620
36043,2,420
36043,3,220
36043,4,160
36043,5,180
36043,6,30
,,
36046,,560
36046,1,250
36046,2,150
36046,3,70
36046,4,50
36046,5,40
36046,6,**
,,
36047,,570
36047,1,270
36047,2,150
36047,3,70
36047,4,40
36047,5,40
36047,6,**
,,
36048,,540
36048,1,300
36048,2,130
36048,3,50
36048,4,30
36048,5,30
36048,6,**
,,
36049,,2210
36049,1,960
36049,2,600
36049,3,280
36049,4,180
36049,5,160
36049,6,30
,,
36051,,950
36051,1,400
36051,2,260
36051,3,120
36051,4,70
36051,5,100
36051,6,**
,,
36052,,390
36052,1,120
36052,2,80
36052,3,40
36052,4,40
36052,5,80
36052,6,30
,,
36053,,760
36053,1,420
36053,2,230
36053,3,60
36053,4,20
36053,5,30
36053,6,**
,,
36054,,6530
36054,1,2390
36054,2,1750
36054,3,950
36054,4,600
36054,5,750
36054,6,90
,,
36064,,4820
36064,1,1170
36064,2,830
36064,3,640
36064,4,620
36064,5,1140
36064,6,420
,,
36066,,8820
36066,1,2810
36066,2,2030
36066,3,1400
36066,4,1080
36066,5,1350
36066,6,150
,,
36067,,11050
36067,1,4340
36067,2,2560
36067,3,1560
36067,4,970
36067,5,1410
36067,6,210
,,
36069,,780
36069,1,320
36069,2,220
36069,3,100
36069,4,70
36069,5,70
36069,6,**
,,
36071,,330
36071,1,170
36071,2,90
36071,3,40
36071,4,30
36071,5,**
36071,6,**
,,
36075,,870
36075,1,410
36075,2,270
36075,3,80
36075,4,50
36075,5,60
36075,6,**
,,
36078,,5500
36078,1,2250
36078,2,1420
36078,3,810
36078,4,440
36078,5,500
36078,6,80
,,
36079,,3630
36079,1,1540
36079,2,910
36079,3,470
36079,4,290
36079,5,350
36079,6,70
,,
36080,,1040
36080,1,320
36080,2,260
36080,3,140
36080,4,130
36080,5,160
36080,6,30
,,
36081,,5740
36081,1,2890
36081,2,1300
36081,3,560
36081,4,410
36081,5,450
36081,6,130
,,
36083,,3360
36083,1,1820
36083,2,950
36083,3,320
36083,4,140
36083,5,130
36083,6,**
,,
36088,,1010
36088,1,600
36088,2,270
36088,3,80
36088,4,30
36088,5,30
36088,6,0
,,
36089,,2950
36089,1,1680
36089,2,810
36089,3,240
36089,4,100
36089,5,90
36089,6,30
,,
36091,,1440
36091,1,570
36091,2,420
36091,3,190
36091,4,130
36091,5,110
36091,6,20
,,
36092,,8710
36092,1,3440
36092,2,2280
36092,3,1270
36092,4,770
36092,5,840
36092,6,110
,,
36093,,5030
36093,1,1230
36093,2,980
36093,3,800
36093,4,680
36093,5,1130
36093,6,210
,,
36104,,2640
36104,1,1570
36104,2,570
36104,3,200
36104,4,100
36104,5,140
36104,6,60
,,
36105,,4280
36105,1,2470
36105,2,1100
36105,3,330
36105,4,150
36105,5,200
36105,6,30
,,
36106,,6530
36106,1,2260
36106,2,1600
36106,3,970
36106,4,570
36106,5,780
36106,6,350
,,
36107,,3020
36107,1,1750
36107,2,860
36107,3,240
36107,4,90
36107,5,80
36107,6,**
,,
36108,,7560
36108,1,4630
36108,2,1980
36108,3,560
36108,4,210
36108,5,180
36108,6,**
,,
36109,,11040
36109,1,4070
36109,2,3150
36109,3,1670
36109,4,990
36109,5,1040
36109,6,120
,,
36110,,4680
36110,1,2960
36110,2,1230
36110,3,290
36110,4,110
36110,5,90
36110,6,**
,,
36111,,5700
36111,1,2560
36111,2,1420
36111,3,610
36111,4,300
36111,5,460
36111,6,350
,,
36113,,290
36113,1,100
36113,2,60
36113,3,30
36113,4,30
36113,5,70
36113,6,**
,,
36115,,250
36115,1,80
36115,2,100
36115,3,40
36115,4,30
36115,5,**
36115,6,**
,,
36116,,18280
36116,1,8920
36116,2,5080
36116,3,1990
36116,4,940
36116,5,1070
36116,6,280
,,
36117,,22350
36117,1,7260
36117,2,5660
36117,3,3250
36117,4,2090
36117,5,2990
36117,6,1100
,,
36201,,6470
36201,1,3550
36201,2,1840
36201,3,660
36201,4,250
36201,5,170
36201,6,**
,,
36203,,8380
36203,1,3150
36203,2,2230
36203,3,1250
36203,4,780
36203,5,820
36203,6,150
,,
36205,,280
36205,1,130
36205,2,60
36205,3,30
36205,4,20
36205,5,40
36205,6,**
,,
36206,,4560
36206,1,1990
36206,2,1330
36206,3,660
36206,4,310
36206,5,250
36206,6,20
,,
36207,,8280
36207,1,3060
36207,2,2110
36207,3,1150
36207,4,770
36207,5,900
36207,6,290
,,
36250,,2020
36250,1,660
36250,2,490
36250,3,410
36250,4,220
36250,5,220
36250,6,20
,,
36251,,2080
36251,1,840
36251,2,620
36251,3,300
36251,4,150
36251,5,150
36251,6,20
,,
36255,,380
36255,1,140
36255,2,100
36255,3,70
36255,4,40
36255,5,30
36255,6,**
,,
36256,,610
36256,1,230
36256,2,170
36256,3,100
36256,4,60
36256,5,50
36256,6,**
,,
36258,,620
36258,1,260
36258,2,150
36258,3,100
36258,4,50
36258,5,60
36258,6,**
,,
36260,,1600
36260,1,610
36260,2,480
36260,3,250
36260,4,160
36260,5,100
36260,6,**
,,
36262,,520
36262,1,250
36262,2,120
36262,3,70
36262,4,40
36262,5,40
36262,6,**
,,
36263,,250
36263,1,90
36263,2,60
36263,3,40
36263,4,30
36263,5,30
36263,6,**
,,
36264,,3400
36264,1,1320
36264,2,880
36264,3,570
36264,4,320
36264,5,270
36264,6,40
,,
36265,,7660
36265,1,3240
36265,2,1790
36265,3,1110
36265,4,690
36265,5,720
36265,6,110
,,
36266,,2210
36266,1,960
36266,2,610
36266,3,300
36266,4,160
36266,5,150
36266,6,30
,,
36268,,2210
36268,1,890
36268,2,610
36268,3,340
36268,4,180
36268,5,170
36268,6,20
,,
36269,,460
36269,1,190
36269,2,120
36269,3,70
36269,4,40
36269,5,40
36269,6,**
,,
36271,,2380
36271,1,910
36271,2,590
36271,3,400
36271,4,250
36271,5,210
36271,6,20
,,
36272,,4680
36272,1,2050
36272,2,1290
36272,3,670
36272,4,350
36272,5,290
36272,6,30
,,
36273,,1030
36273,1,370
36273,2,260
36273,3,170
36273,4,110
36273,5,120
36273,6,**
,,
36274,,4290
36274,1,2090
36274,2,1200
36274,3,500
36274,4,250
36274,5,220
36274,6,30
,,
36276,,870
36276,1,380
36276,2,250
36276,3,100
36276,4,60
36276,5,80
36276,6,**
,,
36277,,2330
36277,1,860
36277,2,690
36277,3,410
36277,4,210
36277,5,160
36277,6,**
,,
36278,,1860
36278,1,750
36278,2,480
36278,3,240
36278,4,140
36278,5,200
36278,6,50
,,
36279,,1040
36279,1,400
36279,2,300
36279,3,160
36279,4,90
36279,5,90
36279,6,**
,,
36280,,1420
36280,1,590
36280,2,350
36280,3,220
36280,4,120
36280,5,140
36280,6,**
,,
36301,,15220
36301,1,7170
36301,2,3820
36301,3,1790
36301,4,990
36301,5,1180
36301,6,270
,,
36303,,12710
36303,1,6080
36303,2,2930
36303,3,1240
36303,4,790
36303,5,1160
36303,6,510
,,
36305,,6770
36305,1,2120
36305,2,1540
36305,3,930
36305,4,720
36305,5,1050
36305,6,410
,,
36310,,2380
36310,1,1080
36310,2,650
36310,3,290
36310,4,150
36310,5,180
36310,6,30
,,
36311,,1040
36311,1,430
36311,2,260
36311,3,140
36311,4,90
36311,5,120
36311,6,**
,,
36312,,2370
36312,1,950
36312,2,620
36312,3,300
36312,4,230
36312,5,230
36312,6,40
,,
36314,,220
36314,1,90
36314,2,70
36314,3,20
36314,4,20
36314,5,20
36314,6,**
,,
36316,,740
36316,1,280
36316,2,180
36316,3,90
36316,4,90
36316,5,100
36316,6,**
,,
36317,,160
36317,1,80
36317,2,60
36317,3,**
36317,4,20
36317,5,**
36317,6,**
,,
36318,,490
36318,1,190
36318,2,120
36318,3,70
36318,4,50
36318,5,60
36318,6,**
,,
36319,,870
36319,1,320
36319,2,200
36319,3,140
36319,4,90
36319,5,120
36319,6,**
,,
36320,,1310
36320,1,610
36320,2,350
36320,3,160
36320,4,90
36320,5,100
36320,6,**
,,
36321,,750
36321,1,320
36321,2,220
36321,3,100
36321,4,50
36321,5,60
36321,6,**
,,
36322,,3380
36322,1,1530
36322,2,850
36322,3,400
36322,4,310
36322,5,260
36322,6,30
,,
36323,,2850
36323,1,1260
36323,2,740
36323,3,370
36323,4,230
36323,5,220
36323,6,30
,,
36330,,14900
36330,1,5510
36330,2,3330
36330,3,2100
36330,4,1530
36330,5,2100
36330,6,330
,,
36340,,2000
36340,1,930
36340,2,500
36340,3,260
36340,4,150
36340,5,130
36340,6,30
,,
36343,,590
36343,1,300
36343,2,160
36343,3,60
36343,4,30
36343,5,40
36343,6,**
,,
36344,,2080
36344,1,940
36344,2,490
36344,3,270
36344,4,190
36344,5,190
36344,6,**
,,
36345,,3510
36345,1,1400
36345,2,800
36345,3,440
36345,4,340
36345,5,450
36345,6,80
,,
36346,,570
36346,1,230
36346,2,130
36346,3,90
36346,4,50
36346,5,70
36346,6,**
,,
36350,,2970
36350,1,1270
36350,2,750
36350,3,400
36350,4,230
36350,5,280
36350,6,40
,,
36351,,1430
36351,1,540
36351,2,320
36351,3,230
36351,4,160
36351,5,160
36351,6,20
,,
36352,,2130
36352,1,830
36352,2,470
36352,3,310
36352,4,220
36352,5,270
36352,6,30
,,
36353,,820
36353,1,350
36353,2,200
36353,3,110
36353,4,70
36353,5,90
36353,6,**
,,
36360,,7700
36360,1,3410
36360,2,1760
36360,3,990
36360,4,760
36360,5,700
36360,6,80
,,
36362,,1500
36362,1,300
36362,2,660
36362,3,290
36362,4,140
36362,5,110
36362,6,**
,,
36370,,380
36370,1,160
36370,2,90
36370,3,50
36370,4,50
36370,5,30
36370,6,**
,,
36373,,210
36373,1,110
36373,2,60
36373,3,40
36373,4,**
36373,5,**
36373,6,**
,,
36374,,470
36374,1,170
36374,2,120
36374,3,70
36374,4,50
36374,5,60
36374,6,**
,,
36375,,2770
36375,1,1250
36375,2,730
36375,3,340
36375,4,220
36375,5,200
36375,6,30
,,
36376,,890
36376,1,440
36376,2,220
36376,3,120
36376,4,60
36376,5,50
36376,6,**
,,
36401,,2850
36401,1,1530
36401,2,700
36401,3,290
36401,4,170
36401,5,130
36401,6,30
,,
36420,,4400
36420,1,2010
36420,2,1060
36420,3,540
36420,4,320
36420,5,370
36420,6,100
,,
36421,,3510
36421,1,1370
36421,2,880
36421,3,470
36421,4,310
36421,5,390
36421,6,90
,,
36425,,340
36425,1,170
36425,2,100
36425,3,40
36425,4,30
36425,5,**
36425,6,0
,,
36426,,5640
36426,1,2460
36426,2,1440
36426,3,730
36426,4,460
36426,5,480
36426,6,70
,,
36432,,910
36432,1,440
36432,2,250
36432,3,100
36432,4,80
36432,5,40
36432,6,**
,,
36435,,200
36435,1,120
36435,2,50
36435,3,30
36435,4,**
36435,5,**
36435,6,**
,,
36436,,190
36436,1,90
36436,2,40
36436,3,30
36436,4,30
36436,5,**
36436,6,**
,,
36441,,1460
36441,1,600
36441,2,380
36441,3,210
36441,4,140
36441,5,130
36441,6,**
,,
36442,,1100
36442,1,550
36442,2,290
36442,3,130
36442,4,60
36442,5,70
36442,6,**
,,
36444,,210
36444,1,100
36444,2,50
36444,3,30
36444,4,30
36444,5,**
36444,6,0
,,
36445,,1510
36445,1,680
36445,2,380
36445,3,210
36445,4,120
36445,5,120
36445,6,**
,,
36451,,1900
36451,1,780
36451,2,420
36451,3,280
36451,4,180
36451,5,200
36451,6,40
,,
36453,,870
36453,1,350
36453,2,250
36453,3,100
36453,4,70
36453,5,100
36453,6,**
,,
36456,,720
36456,1,320
36456,2,210
36456,3,90
36456,4,50
36456,5,50
36456,6,**
,,
36460,,3330
36460,1,1550
36460,2,730
36460,3,380
36460,4,260
36460,5,340
36460,6,70
,,
36467,,3740
36467,1,1770
36467,2,950
36467,3,410
36467,4,280
36467,5,280
36467,6,50
,,
36471,,390
36471,1,200
36471,2,110
36471,3,40
36471,4,20
36471,5,20
36471,6,**
,,
36474,,1090
36474,1,470
36474,2,280
36474,3,140
36474,4,100
36474,5,100
36474,6,**
,,
36475,,740
36475,1,340
36475,2,190
36475,3,90
36475,4,60
36475,5,60
36475,6,**
,,
36477,,1610
36477,1,730
36477,2,420
36477,3,210
36477,4,110
36477,5,110
36477,6,30
,,
36480,,700
36480,1,260
36480,2,180
36480,3,110
36480,4,80
36480,5,70
36480,6,**
,,
36481,,110
36481,1,70
36481,2,40
36481,3,**
36481,4,**
36481,5,**
36481,6,0
,,
36482,,380
36482,1,200
36482,2,110
36482,3,40
36482,4,30
36482,5,**
36482,6,**
,,
36483,,180
36483,1,90
36483,2,40
36483,3,20
36483,4,30
36483,5,**
36483,6,0
,,
36502,,6080
36502,1,2890
36502,2,1590
36502,3,740
36502,4,400
36502,5,400
36502,6,60
,,
36505,,610
36505,1,220
36505,2,150
36505,3,90
36505,4,70
36505,5,80
36505,6,**
,,
36507,,7900
36507,1,3320
36507,2,2030
36507,3,1010
36507,4,690
36507,5,730
36507,6,120
,,
36509,,830
36509,1,520
36509,2,140
36509,3,90
36509,4,40
36509,5,40
36509,6,**
,,
36511,,380
36511,1,190
36511,2,90
36511,3,70
36511,4,**
36511,5,30
36511,6,**
,,
36518,,1030
36518,1,350
36518,2,210
36518,3,160
36518,4,130
36518,5,150
36518,6,30
,,
36521,,1940
36521,1,760
36521,2,420
36521,3,290
36521,4,230
36521,5,210
36521,6,30
,,
36522,,2790
36522,1,1200
36522,2,620
36522,3,460
36522,4,250
36522,5,260
36522,6,**
,,
36523,,1030
36523,1,490
36523,2,230
36523,3,120
36523,4,80
36523,5,80
36523,6,30
,,
36524,,420
36524,1,200
36524,2,100
36524,3,40
36524,4,30
36524,5,50
36524,6,**
,,
36525,,820
36525,1,320
36525,2,190
36525,3,110
36525,4,70
36525,5,130
36525,6,**
,,
36526,,14950
36526,1,4580
36526,2,3190
36526,3,2190
36526,4,1670
36526,5,2660
36526,6,660
,,
36527,,6640
36527,1,1820
36527,2,1030
36527,3,900
36527,4,740
36527,5,1590
36527,6,560
,,
36528,,770
36528,1,250
36528,2,150
36528,3,110
36528,4,100
36528,5,130
36528,6,30
,,
36529,,220
36529,1,80
36529,2,50
36529,3,40
36529,4,20
36529,5,30
36529,6,**
,,
36530,,3270
36530,1,1380
36530,2,830
36530,3,410
36530,4,290
36530,5,290
36530,6,70
,,
36532,,14010
36532,1,4480
36532,2,2640
36532,3,1830
36532,4,1470
36532,5,2460
36532,6,1130
,,
36535,,12760
36535,1,5700
36535,2,3320
36535,3,1670
36535,4,990
36535,5,940
36535,6,140
,,
36538,,140
36538,1,80
36538,2,40
36538,3,**
36538,4,20
36538,5,**
36538,6,**
,,
36539,,270
36539,1,110
36539,2,60
36539,3,40
36539,4,20
36539,5,40
36539,6,**
,,
36540,,380
36540,1,210
36540,2,100
36540,3,40
36540,4,30
36540,5,**
36540,6,**
,,
36541,,5750
36541,1,2310
36541,2,1370
36541,3,850
36541,4,530
36541,5,590
36541,6,100
,,
36542,,6290
36542,1,2480
36542,2,1430
36542,3,820
36542,4,580
36542,5,770
36542,6,210
,,
36544,,4480
36544,1,2130
36544,2,1080
36544,3,610
36544,4,330
36544,5,300
36544,6,30
,,
36545,,3610
36545,1,1550
36545,2,860
36545,3,460
36545,4,330
36545,5,350
36545,6,60
,,
36548,,460
36548,1,160
36548,2,110
36548,3,60
36548,4,50
36548,5,80
36548,6,**
,,
36549,,2270
36549,1,820
36549,2,610
36549,3,340
36549,4,230
36549,5,230
36549,6,40
,,
36551,,3880
36551,1,1530
36551,2,950
36551,3,590
36551,4,370
36551,5,390
36551,6,50
,,
36553,,1240
36553,1,550
36553,2,330
36553,3,150
36553,4,100
36553,5,110
36553,6,**
,,
36555,,620
36555,1,230
36555,2,130
36555,3,80
36555,4,60
36555,5,80
36555,6,40
,,
36558,,1300
36558,1,480
36558,2,310
36558,3,200
36558,4,140
36558,5,150
36558,6,20
,,
36560,,1300
36560,1,700
36560,2,300
36560,3,160
36560,4,80
36560,5,60
36560,6,**
,,
36561,,3950
36561,1,1330
36561,2,800
36561,3,510
36561,4,360
36561,5,630
36561,6,320
,,
36562,,690
36562,1,270
36562,2,190
36562,3,120
36562,4,50
36562,5,60
36562,6,**
,,
36567,,5790
36567,1,2440
36567,2,1550
36567,3,840
36567,4,470
36567,5,430
36567,6,60
,,
36569,,330
36569,1,120
36569,2,70
36569,3,50
36569,4,40
36569,5,50
36569,6,**
,,
36571,,6850
36571,1,2430
36571,2,1600
36571,3,980
36571,4,730
36571,5,970
36571,6,140
,,
36572,,2900
36572,1,860
36572,2,660
36572,3,490
36572,4,380
36572,5,470
36572,6,40
,,
36574,,560
36574,1,210
36574,2,140
36574,3,80
36574,4,50
36574,5,80
36574,6,**
,,
36575,,8490
36575,1,3000
36575,2,2210
36575,3,1410
36575,4,930
36575,5,860
36575,6,80
,,
36576,,1980
36576,1,790
36576,2,490
36576,3,330
36576,4,170
36576,5,180
36576,6,20
,,
36578,,820
36578,1,270
36578,2,170
36578,3,130
36578,4,110
36578,5,140
36578,6,**
,,
36579,,710
36579,1,250
36579,2,200
36579,3,110
36579,4,60
36579,5,90
36579,6,**
,,
36580,,2510
36580,1,1100
36580,2,680
36580,3,320
36580,4,190
36580,5,180
36580,6,40
,,
36582,,9990
36582,1,4410
36582,2,2440
36582,3,1360
36582,4,770
36582,5,830
36582,6,180
,,
36583,,260
36583,1,70
36583,2,60
36583,3,50
36583,4,30
36583,5,50
36583,6,**
,,
36584,,240
36584,1,90
36584,2,50
36584,3,40
36584,4,30
36584,5,30
36584,6,0
,,
36585,,390
36585,1,140
36585,2,90
36585,3,80
36585,4,30
36585,5,50
36585,6,**
,,
36587,,4090
36587,1,1750
36587,2,1020
36587,3,560
36587,4,370
36587,5,350
36587,6,40
,,
36602,,450
36602,1,150
36602,2,110
36602,3,60
36602,4,50
36602,5,50
36602,6,30
,,
36603,,2500
36603,1,1700
36603,2,540
36603,3,140
36603,4,70
36603,5,50
36603,6,**
,,
36604,,3890
36604,1,1740
36604,2,890
36604,3,440
36604,4,270
36604,5,410
36604,6,140
,,
36605,,10890
36605,1,6760
36605,2,2410
36605,3,900
36605,4,390
36605,5,330
36605,6,100
,,
36606,,8030
36606,1,4170
36606,2,2060
36606,3,820
36606,4,430
36606,5,430
36606,6,120
,,
36607,,2670
36607,1,1300
36607,2,690
36607,3,280
36607,4,110
36607,5,180
36607,6,110
,,
36608,,15160
36608,1,6350
36608,2,3500
36608,3,1670
36608,4,1020
36608,5,1520
36608,6,1100
,,
36609,,10300
36609,1,4640
36609,2,2710
36609,3,1250
36609,4,710
36609,5,780
36609,6,210
,,
36610,,4110
36610,1,2970
36610,2,890
36610,3,180
36610,4,40
36610,5,30
36610,6,**
,,
36611,,2380
36611,1,1300
36611,2,640
36611,3,260
36611,4,120
36611,5,60
36611,6,**
,,
36612,,1620
36612,1,1120
36612,2,360
36612,3,100
36612,4,40
36612,5,**
36612,6,**
,,
36613,,4770
36613,1,2400
36613,2,1250
36613,3,580
36613,4,290
36613,5,250
36613,6,**
,,
36617,,5150
36617,1,3310
36617,2,1250
36617,3,390
36617,4,120
36617,5,80
36617,6,**
,,
36618,,7610
36618,1,3540
36618,2,2120
36618,3,970
36618,4,490
36618,5,440
36618,6,50
,,
36619,,6370
36619,1,2500
36619,2,1590
36619,3,850
36619,4,520
36619,5,720
36619,6,190
,,
36693,,8530
36693,1,3120
36693,2,2090
36693,3,1260
36693,4,730
36693,5,1020
36693,6,310
,,
36695,,21090
36695,1,6720
36695,2,4790
36695,3,3160
36695,4,2310
36695,5,3330
36695,6,780
,,
36701,,8640
36701,1,4440
36701,2,2180
36701,3,930
36701,4,470
36701,5,500
36701,6,120
,,
36703,,4330
36703,1,2610
36703,2,1030
36703,3,340
36703,4,170
36703,5,180
36703,6,**
,,
36720,,310
36720,1,210
36720,2,70
36720,3,30
36720,4,**
36720,5,**
36720,6,0
,,
36722,,150
36722,1,80
36722,2,40
36722,3,30
36722,4,**
36722,5,**
36722,6,**
,,
36726,,1770
36726,1,940
36726,2,420
36726,3,150
36726,4,100
36726,5,130
36726,6,30
,,
36728,,230
36728,1,120
36728,2,90
36728,3,**
36728,4,20
36728,5,**
36728,6,**
,,
36732,,3510
36732,1,1610
36732,2,850
36732,3,360
36732,4,270
36732,5,340
36732,6,80
,,
36736,,490
36736,1,240
36736,2,140
36736,3,50
36736,4,30
36736,5,30
36736,6,**
,,
36738,,370
36738,1,200
36738,2,90
36738,3,40
36738,4,40
36738,5,**
36738,6,**
,,
36740,,460
36740,1,260
36740,2,110
36740,3,30
36740,4,30
36740,5,30
36740,6,0
,,
36742,,940
36742,1,400
36742,2,240
36742,3,100
36742,4,70
36742,5,130
36742,6,**
,,
36744,,2550
36744,1,1360
36744,2,670
36744,3,240
36744,4,140
36744,5,140
36744,6,**
,,
36748,,1270
36748,1,570
36748,2,310
36748,3,150
36748,4,110
36748,5,130
36748,6,**
,,
36749,,390
36749,1,180
36749,2,120
36749,3,40
36749,4,20
36749,5,30
36749,6,0
,,
36750,,1140
36750,1,460
36750,2,290
36750,3,170
36750,4,110
36750,5,110
36750,6,**
,,
36751,,350
36751,1,210
36751,2,90
36751,3,50
36751,4,**
36751,5,**
36751,6,0
,,
36752,,710
36752,1,270
36752,2,200
36752,3,90
36752,4,60
36752,5,90
36752,6,**
,,
36756,,2010
36756,1,1090
36756,2,490
36756,3,220
36756,4,100
36756,5,110
36756,6,**
,,
36758,,520
36758,1,220
36758,2,140
36758,3,80
36758,4,40
36758,5,40
36758,6,**
,,
36759,,650
36759,1,350
36759,2,160
36759,3,80
36759,4,30
36759,5,30
36759,6,**
,,
36761,,400
36761,1,190
36761,2,110
36761,3,50
36761,4,50
36761,5,**
36761,6,**
,,
36765,,480
36765,1,270
36765,2,130
36765,3,60
36765,4,**
36765,5,20
36765,6,**
,,
36767,,690
36767,1,420
36767,2,180
36767,3,70
36767,4,**
36767,5,20
36767,6,**
,,
36768,,300
36768,1,160
36768,2,80
36768,3,30
36768,4,30
36768,5,**
36768,6,**
,,
36769,,1110
36769,1,620
36769,2,260
36769,3,110
36769,4,60
36769,5,60
36769,6,**
,,
36773,,140
36773,1,80
36773,2,40
36773,3,20
36773,4,**
36773,5,**
36773,6,**
,,
36775,,310
36775,1,150
36775,2,90
36775,3,30
36775,4,40
36775,5,**
36775,6,**
,,
36776,,600
36776,1,340
36776,2,180
36776,3,50
36776,4,30
36776,5,**
36776,6,**
,,
36782,,850
36782,1,350
36782,2,250
36782,3,120
36782,4,50
36782,5,80
36782,6,**
,,
36783,,320
36783,1,140
36783,2,70
36783,3,50
36783,4,30
36783,5,30
36783,6,**
,,
36784,,3080
36784,1,1340
36784,2,700
36784,3,420
36784,4,250
36784,5,330
36784,6,40
,,
36785,,480
36785,1,240
36785,2,150
36785,3,50
36785,4,**
36785,5,40
36785,6,**
,,
36786,,1200
36786,1,810
36786,2,280
36786,3,70
36786,4,40
36786,5,**
36786,6,**
,,
36790,,100
36790,1,30
36790,2,30
36790,3,20
36790,4,20
36790,5,**
36790,6,**
,,
36792,,460
36792,1,160
36792,2,140
36792,3,80
36792,4,40
36792,5,40
36792,6,**
,,
36793,,210
36793,1,70
36793,2,60
36793,3,40
36793,4,40
36793,5,**
36793,6,**
,,
36801,,9660
36801,1,4270
36801,2,2480
36801,3,1190
36801,4,710
36801,5,800
36801,6,210
,,
36804,,8170
36804,1,3390
36804,2,2300
36804,3,1110
36804,4,620
36804,5,630
36804,6,120
,,
36830,,16300
36830,1,5730
36830,2,3100
36830,3,1860
36830,4,1540
36830,5,2890
36830,6,1180
,,
36832,,8340
36832,1,4310
36832,2,1830
36832,3,730
36832,4,510
36832,5,780
36832,6,180
,,
36850,,1070
36850,1,540
36850,2,320
36850,3,120
36850,4,50
36850,5,40
36850,6,**
,,
36852,,970
36852,1,420
36852,2,300
36852,3,150
36852,4,60
36852,5,40
36852,6,**
,,
36853,,3510
36853,1,1370
36853,2,850
36853,3,420
36853,4,320
36853,5,400
36853,6,150
,,
36854,,6650
36854,1,3010
36854,2,1850
36854,3,890
36854,4,450
36854,5,410
36854,6,40
,,
36855,,540
36855,1,230
36855,2,140
36855,3,90
36855,4,40
36855,5,40
36855,6,**
,,
36856,,2770
36856,1,960
36856,2,860
36856,3,450
36856,4,270
36856,5,230
36856,6,**
,,
36858,,190
36858,1,90
36858,2,50
36858,3,30
36858,4,20
36858,5,**
36858,6,**
,,
36860,,610
36860,1,310
36860,2,200
36860,3,60
36860,4,20
36860,5,20
36860,6,**
,,
36861,,1360
36861,1,510
36861,2,350
36861,3,170
36861,4,110
36861,5,160
36861,6,60
,,
36862,,2380
36862,1,1190
36862,2,690
36862,3,240
36862,4,120
36862,5,140
36862,6,**
,,
36863,,4850
36863,1,2570
36863,2,1240
36863,3,490
36863,4,250
36863,5,240
36863,6,60
,,
36866,,1540
36866,1,640
36866,2,480
36866,3,200
36866,4,110
36866,5,110
36866,6,**
,,
36867,,8550
36867,1,3910
36867,2,2260
36867,3,1000
36867,4,580
36867,5,680
36867,6,120
,,
36869,,7880
36869,1,4010
36869,2,2330
36869,3,830
36869,4,390
36869,5,290
36869,6,30
,,
36870,,7480
36870,1,2690
36870,2,2240
36870,3,1220
36870,4,720
36870,5,570
36870,6,40
,,
36871,,420
36871,1,210
36871,2,110
36871,3,40
36871,4,20
36871,5,40
36871,6,**
,,
36874,,3570
36874,1,1270
36874,2,940
36874,3,570
36874,4,320
36874,5,400
36874,6,70
,,
36875,,1860
36875,1,780
36875,2,530
36875,3,270
36875,4,140
36875,5,120
36875,6,20
,,
36877,,4960
36877,1,1820
36877,2,1280
36877,3,740
36877,4,490
36877,5,550
36877,6,80
,,
36879,,1010
36879,1,310
36879,2,190
36879,3,130
36879,4,100
36879,5,230
36879,6,50
,,
36904,,1530
36904,1,630
36904,2,340
36904,3,220
36904,4,160
36904,5,150
36904,6,30
,,
36907,,610
36907,1,330
36907,2,160
36907,3,60
36907,4,30
36907,5,30
36907,6,**
,,
36908,,870
36908,1,300
36908,2,180
36908,3,170
36908,4,110
36908,5,110
36908,6,**
,,
36912,,710
36912,1,350
36912,2,200
36912,3,90
36912,4,40
36912,5,30
36912,6,**
,,
36915,,210
36915,1,80
36915,2,60
36915,3,30
36915,4,40
36915,5,**
36915,6,**
,,
36916,,230
36916,1,110
36916,2,40
36916,3,30
36916,4,20
36916,5,30
36916,6,**
,,
36919,,730
36919,1,310
36919,2,200
36919,3,90
36919,4,50
36919,5,80
36919,6,**
,,
36921,,400
36921,1,150
36921,2,100
36921,3,60
36921,4,40
36921,5,50
36921,6,**
,,
36922,,220
36922,1,110
36922,2,70
36922,3,20
36922,4,20
36922,5,**
36922,6,**
,,
36925,,1190
36925,1,750
36925,2,290
36925,3,90
36925,4,30
36925,5,30
36925,6,**
