6001,,9250
6001,1,2170
6001,2,980
6001,3,990
6001,4,840
6001,5,2170
6001,6,2100
,,
6002,,11680
6002,1,3270
6002,2,2760
6002,3,2020
6002,4,1270
6002,5,1720
6002,6,640
,,
6010,,30100
6010,1,9890
6010,2,7360
6010,3,4850
6010,4,3290
6010,5,4130
6010,6,580
,,
6013,,4660
6013,1,1110
6013,2,610
6013,3,570
6013,4,500
6013,5,1260
6013,6,610
,,
6016,,3290
6016,1,910
6016,2,720
6016,3,540
6016,4,390
6016,5,630
6016,6,100
,,
6018,,1390
6018,1,530
6018,2,380
6018,3,200
6018,4,120
6018,5,140
6018,6,20
,,
6019,,4880
6019,1,1260
6019,2,740
6019,3,610
6019,4,530
6019,5,1110
6019,6,630
,,
6021,,710
6021,1,190
6021,2,130
6021,3,110
6021,4,100
6021,5,150
6021,6,30
,,
6023,,720
6023,1,190
6023,2,110
6023,3,110
6023,4,80
6023,5,190
6023,6,40
,,
6024,,300
6024,1,120
6024,2,70
6024,3,50
6024,4,20
6024,5,40
6024,6,**
,,
6026,,2690
6026,1,650
6026,2,440
6026,3,410
6026,4,310
6026,5,680
6026,6,200
,,
6027,,760
6027,1,180
6027,2,150
6027,3,110
6027,4,120
6027,5,160
6027,6,40
,,
6029,,8090
6029,1,1900
6029,2,1490
6029,3,1210
6029,4,910
6029,5,1890
6029,6,690
,,
6031,,570
6031,1,190
6031,2,120
6031,3,70
6031,4,50
6031,5,100
6031,6,40
,,
6032,,9300
6032,1,2200
6032,2,1400
6032,3,1320
6032,4,980
6032,5,2020
6032,6,1380
,,
6033,,14430
6033,1,3500
6033,2,1980
6033,3,1660
6033,4,1460
6033,5,3470
6033,6,2360
,,
6035,,3700
6035,1,930
6035,2,550
6035,3,500
6035,4,410
6035,5,980
6035,6,330
,,
6037,,10090
6037,1,2700
6037,2,1720
6037,3,1450
6037,4,1200
6037,5,2370
6037,6,650
,,
6039,,1070
6039,1,310
6039,2,210
6039,3,140
6039,4,100
6039,5,190
6039,6,120
,,
6040,,17800
6040,1,5860
6040,2,4480
6040,3,2840
6040,4,1720
6040,5,2350
6040,6,550
,,
6042,,12420
6042,1,3270
6042,2,3010
6042,3,2490
6042,4,1720
6042,5,1720
6042,6,210
,,
6043,,2610
6043,1,660
6043,2,400
6043,3,370
6043,4,270
6043,5,650
6043,6,260
,,
6051,,13160
6051,1,6770
6051,2,4100
6051,3,1410
6051,4,500
6051,5,380
6051,6,**
,,
6052,,3890
6052,1,1370
6052,2,1050
6052,3,590
6052,4,340
6052,5,440
6052,6,100
,,
6053,,15730
6053,1,6160
6053,2,4670
6053,3,2550
6053,4,1240
6053,5,1030
6053,6,80
,,
6057,,3440
6057,1,950
6057,2,580
6057,3,440
6057,4,410
6057,5,800
6057,6,260
,,
6058,,830
6058,1,250
6058,2,170
6058,3,120
6058,4,90
6058,5,140
6058,6,60
,,
6060,,1200
6060,1,280
6060,2,130
6060,3,100
6060,4,140
6060,5,350
6060,6,200
,,
6062,,9370
6062,1,2740
6062,2,2300
6062,3,1680
6062,4,1120
6062,5,1360
6062,6,170
,,
6063,,1650
6063,1,410
6063,2,270
6063,3,250
6063,4,240
6063,5,400
6063,6,80
,,
6065,,370
6065,1,100
6065,2,70
6065,3,50
6065,4,60
6065,5,90
6065,6,**
,,
6066,,15500
6066,1,4590
6066,2,3880
6066,3,2570
6066,4,1730
6066,5,2370
6066,6,360
,,
6067,,10550
6067,1,2480
6067,2,1970
6067,3,1820
6067,4,1450
6067,5,2160
6067,6,670
,,
6068,,700
6068,1,200
6068,2,130
6068,3,110
6068,4,70
6068,5,120
6068,6,70
,,
6069,,1150
6069,1,350
6069,2,220
6069,3,160
6069,4,110
6069,5,170
6069,6,140
,,
6070,,7580
6070,1,1790
6070,2,970
6070,3,850
6070,4,740
6070,5,1960
6070,6,1270
,,
6071,,4590
6071,1,1210
6071,2,710
6071,3,590
6071,4,500
6071,5,1170
6071,6,410
,,
6073,,2830
6073,1,720
6073,2,270
6073,3,250
6073,4,250
6073,5,630
6073,6,710
,,
6074,,13320
6074,1,3340
6074,2,2180
6074,3,1770
6074,4,1540
6074,5,3290
6074,6,1200
,,
6076,,6050
6076,1,1730
6076,2,1440
6076,3,1010
6076,4,730
6076,5,1010
6076,6,130
,,
6078,,5130
6078,1,1290
6078,2,800
6078,3,700
6078,4,560
6078,5,1170
6078,6,610
,,
6081,,740
6081,1,200
6081,2,180
6081,3,120
6081,4,90
6081,5,120
6081,6,30
,,
6082,,20960
6082,1,6130
6082,2,4850
6082,3,3660
6082,4,2560
6082,5,3350
6082,6,410
,,
6084,,7130
6084,1,1770
6084,2,990
6084,3,900
6084,4,830
6084,5,1900
6084,6,740
,,
6085,,3560
6085,1,930
6085,2,610
6085,3,490
6085,4,350
6085,5,790
6085,6,390
,,
6088,,2670
6088,1,770
6088,2,670
6088,3,540
6088,4,310
6088,5,330
6088,6,50
,,
6089,,1570
6089,1,400
6089,2,230
6089,3,170
6089,4,170
6089,5,370
6089,6,230
,,
6090,,580
6090,1,130
6090,2,70
6090,3,60
6090,4,60
6090,5,140
6090,6,120
,,
6092,,1980
6092,1,480
6092,2,190
6092,3,150
6092,4,150
6092,5,500
6092,6,510
,,
6093,,1790
6093,1,450
6093,2,280
6093,3,260
6093,4,200
6093,5,440
6093,6,160
,,
6095,,15700
6095,1,4350
6095,2,3560
6095,3,2700
6095,4,1800
6095,5,2720
6095,6,570
,,
6096,,6870
6096,1,2030
6096,2,1670
6096,3,1260
6096,4,790
6096,5,1020
6096,6,100
,,
6098,,5020
6098,1,1740
6098,2,1290
6098,3,850
6098,4,510
6098,5,540
6098,6,90
,,
6103,,1360
6103,1,260
6103,2,250
6103,3,320
6103,4,210
6103,5,220
6103,6,100
,,
6105,,8280
6105,1,3680
6105,2,2490
6105,3,970
6105,4,410
6105,5,440
6105,6,290
,,
6106,,15490
6106,1,8080
6106,2,4770
6106,3,1590
6106,4,600
6106,5,400
6106,6,50
,,
6107,,9620
6107,1,1900
6107,2,1130
6107,3,1180
6107,4,970
6107,5,2590
6107,6,1850
,,
6108,,11750
6108,1,4880
6108,2,3720
6108,3,1670
6108,4,780
6108,5,620
6108,6,80
,,
6109,,14090
6109,1,3700
6109,2,2650
6109,3,2230
6109,4,1660
6109,5,2990
6109,6,860
,,
6110,,6500
6110,1,2080
6110,2,1570
6110,3,1130
6110,4,730
6110,5,830
6110,6,160
,,
6111,,16210
6111,1,4320
6111,2,3340
6111,3,2870
6111,4,2110
6111,5,3100
6111,6,470
,,
6112,,9640
6112,1,5110
6112,2,3080
6112,3,930
6112,4,310
6112,5,210
6112,6,**
,,
6114,,11480
6114,1,5890
6114,2,3640
6114,3,1190
6114,4,470
6114,5,260
6114,6,30
,,
6117,,7170
6117,1,1750
6117,2,770
6117,3,720
6117,4,680
6117,5,1680
6117,6,1570
,,
6118,,13980
6118,1,4800
6118,2,3970
6118,3,2330
6118,4,1350
6118,5,1390
6118,6,140
,,
6119,,7280
6119,1,1920
6119,2,1540
6119,3,1220
6119,4,740
6119,5,1220
6119,6,640
,,
6120,,4620
6120,1,2960
6120,2,1230
6120,3,280
6120,4,100
6120,5,50
6120,6,**
,,
6226,,7160
6226,1,3490
6226,2,2190
6226,3,740
6226,4,390
6226,5,320
6226,6,30
,,
6231,,1880
6231,1,460
6231,2,280
6231,3,240
6231,4,220
6231,5,530
6231,6,150
,,
6232,,1660
6232,1,450
6232,2,250
6232,3,260
6232,4,200
6232,5,400
6232,6,100
,,
6234,,3810
6234,1,1210
6234,2,810
6234,3,560
6234,4,450
6234,5,660
6234,6,120
,,
6235,,1130
6235,1,340
6235,2,270
6235,3,190
6235,4,140
6235,5,170
6235,6,20
,,
6237,,2790
6237,1,650
6237,2,500
6237,3,440
6237,4,360
6237,5,680
6237,6,160
,,
6238,,6330
6238,1,1620
6238,2,1190
6238,3,920
6238,4,810
6238,5,1480
6238,6,310
,,
6239,,5100
6239,1,1730
6239,2,1400
6239,3,840
6239,4,530
6239,5,540
6239,6,60
,,
6241,,3020
6241,1,910
6241,2,770
6241,3,530
6241,4,350
6241,5,410
6241,6,50
,,
6242,,740
6242,1,190
6242,2,150
6242,3,130
6242,4,90
6242,5,150
6242,6,30
,,
6243,,140
6243,1,40
6243,2,40
6243,3,30
6243,4,30
6243,5,**
6243,6,0
,,
6247,,1210
6247,1,310
6247,2,260
6247,3,200
6247,4,170
6247,5,240
6247,6,30
,,
6248,,2780
6248,1,720
6248,2,410
6248,3,330
6248,4,300
6248,5,720
6248,6,300
,,
6249,,3580
6249,1,990
6249,2,670
6249,3,550
6249,4,450
6249,5,790
6249,6,130
,,
6250,,2380
6250,1,670
6250,2,440
6250,3,350
6250,4,300
6250,5,500
6250,6,120
,,
6254,,980
6254,1,250
6254,2,200
6254,3,150
6254,4,150
6254,5,190
6254,6,40
,,
6255,,2140
6255,1,610
6255,2,550
6255,3,390
6255,4,270
6255,5,290
6255,6,30
,,
6256,,1150
6256,1,350
6256,2,370
6256,3,200
6256,4,100
6256,5,130
6256,6,**
,,
6259,,1820
6259,1,500
6259,2,350
6259,3,280
6259,4,180
6259,5,380
6259,6,130
,,
6260,,4400
6260,1,1590
6260,2,1210
6260,3,650
6260,4,410
6260,5,470
6260,6,70
,,
6262,,310
6262,1,90
6262,2,90
6262,3,50
6262,4,40
6262,5,40
6262,6,**
,,
6264,,320
6264,1,70
6264,2,70
6264,3,70
6264,4,50
6264,5,60
6264,6,**
,,
6266,,300
6266,1,90
6266,2,80
6266,3,60
6266,4,30
6266,5,40
6266,6,**
,,
6268,,3190
6268,1,930
6268,2,540
6268,3,410
6268,4,310
6268,5,710
6268,6,290
,,
6277,,2090
6277,1,550
6277,2,500
6277,3,340
6277,4,270
6277,5,370
6277,6,60
,,
6278,,2220
6278,1,610
6278,2,490
6278,3,360
6278,4,260
6278,5,430
6278,6,70
,,
6279,,2760
6279,1,770
6279,2,560
6279,3,400
6279,4,330
6279,5,590
6279,6,110
,,
6280,,1570
6280,1,440
6280,2,410
6280,3,260
6280,4,190
6280,5,220
6280,6,50
,,
6281,,3210
6281,1,800
6281,2,620
6281,3,500
6281,4,360
6281,5,700
6281,6,230
,,
6282,,550
6282,1,130
6282,2,100
6282,3,90
6282,4,90
6282,5,140
6282,6,**
,,
6320,,12700
6320,1,5940
6320,2,3610
6320,3,1530
6320,4,700
6320,5,780
6320,6,140
,,
6330,,1430
6330,1,440
6330,2,340
6330,3,280
6330,4,150
6330,5,190
6330,6,30
,,
6331,,2500
6331,1,720
6331,2,540
6331,3,400
6331,4,320
6331,5,470
6331,6,50
,,
6333,,3610
6333,1,920
6333,2,540
6333,3,450
6333,4,330
6333,5,860
6333,6,510
,,
6334,,1290
6334,1,370
6334,2,280
6334,3,220
6334,4,170
6334,5,210
6334,6,40
,,
6335,,3280
6335,1,790
6335,2,600
6335,3,500
6335,4,420
6335,5,810
6335,6,160
,,
6339,,4140
6339,1,1100
6339,2,950
6339,3,680
6339,4,450
6339,5,800
6339,6,160
,,
6340,,13730
6340,1,4200
6340,2,3870
6340,3,2410
6340,4,1380
6340,5,1500
6340,6,370
,,
6351,,7800
6351,1,2390
6351,2,1960
6351,3,1240
6351,4,830
6351,5,1210
6351,6,170
,,
6353,,220
6353,1,70
6353,2,70
6353,3,40
6353,4,40
6353,5,**
6353,6,**
,,
6354,,2570
6354,1,890
6354,2,660
6354,3,420
6354,4,280
6354,5,290
6354,6,30
,,
6355,,6780
6355,1,1680
6355,2,1200
6355,3,950
6355,4,760
6355,5,1560
6355,6,630
,,
6357,,5700
6357,1,1450
6357,2,1050
6357,3,930
6357,4,710
6357,5,1240
6357,6,320
,,
6359,,2660
6359,1,700
6359,2,510
6359,3,420
6359,4,330
6359,5,550
6359,6,150
,,
6360,,17880
6360,1,7200
6360,2,5090
6360,3,2440
6360,4,1330
6360,5,1570
6360,6,250
,,
6365,,2320
6365,1,600
6365,2,500
6365,3,360
6365,4,280
6365,5,500
6365,6,80
,,
6370,,3660
6370,1,1010
6370,2,740
6370,3,590
6370,4,460
6370,5,750
6370,6,110
,,
6371,,4960
6371,1,1270
6371,2,790
6371,3,630
6371,4,450
6371,5,1130
6371,6,690
,,
6374,,3660
6374,1,1130
6374,2,960
6374,3,660
6374,4,420
6374,5,460
6374,6,30
,,
6375,,2010
6375,1,560
6375,2,430
6375,3,300
6375,4,280
6375,5,380
6375,6,60
,,
6377,,1320
6377,1,380
6377,2,310
6377,3,240
6377,4,150
6377,5,240
6377,6,**
,,
6378,,2880
6378,1,730
6378,2,460
6378,3,380
6378,4,300
6378,5,600
6378,6,410
,,
6379,,4500
6379,1,1380
6379,2,970
6379,3,700
6379,4,440
6379,5,780
6379,6,230
,,
6380,,1180
6380,1,540
6380,2,370
6380,3,140
6380,4,70
6380,5,60
6380,6,**
,,
6382,,5160
6382,1,1600
6382,2,1380
6382,3,930
6382,4,540
6382,5,660
6382,6,50
,,
6384,,1330
6384,1,380
6384,2,280
6384,3,230
6384,4,160
6384,5,250
6384,6,30
,,
6385,,8440
6385,1,2290
6385,2,1660
6385,3,1390
6385,4,950
6385,5,1660
6385,6,490
,,
6401,,9180
6401,1,3330
6401,2,2490
6401,3,1400
6401,4,850
6401,5,1020
6401,6,90
,,
6403,,3040
6403,1,770
6403,2,600
6403,3,470
6403,4,380
6403,5,700
6403,6,120
,,
6405,,15490
6405,1,4230
6405,2,3190
6405,3,2550
6405,4,1790
6405,5,2630
6405,6,1100
,,
6409,,360
6409,1,110
6409,2,80
6409,3,60
6409,4,30
6409,5,60
6409,6,20
,,
6410,,13290
6410,1,3410
6410,2,1890
6410,3,1590
6410,4,1380
6410,5,3310
6410,6,1710
,,
6412,,1990
6412,1,550
6412,2,380
6412,3,290
6412,4,200
6412,5,410
6412,6,160
,,
6413,,6890
6413,1,2070
6413,2,1320
6413,3,980
6413,4,770
6413,5,1360
6413,6,390
,,
6415,,8240
6415,1,2260
6415,2,1490
6415,3,1150
6415,4,950
6415,5,1920
6415,6,470
,,
6416,,7480
6416,1,1770
6416,2,1450
6416,3,1220
6416,4,910
6416,5,1610
6416,6,520
,,
6417,,2310
6417,1,640
6417,2,460
6417,3,340
6417,4,280
6417,5,440
6417,6,150
,,
6418,,6260
6418,1,2100
6418,2,1660
6418,3,1010
6418,4,600
6418,5,780
6418,6,110
,,
6419,,3200
6419,1,880
6419,2,440
6419,3,380
6419,4,300
6419,5,800
6419,6,400
,,
6420,,2090
6420,1,520
6420,2,310
6420,3,300
6420,4,250
6420,5,550
6420,6,160
,,
6422,,3710
6422,1,930
6422,2,550
6422,3,440
6422,4,430
6422,5,950
6422,6,410
,,
6423,,2550
6423,1,650
6423,2,410
6423,3,360
6423,4,300
6423,5,640
6423,6,190
,,
6424,,6270
6424,1,1550
6424,2,1080
6424,3,960
6424,4,760
6424,5,1520
6424,6,400
,,
6426,,1790
6426,1,410
6426,2,230
6426,3,210
6426,4,190
6426,5,400
6426,6,350
,,
6437,,11050
6437,1,2840
6437,2,1520
6437,3,1330
6437,4,1050
6437,5,2580
6437,6,1730
,,
6438,,1360
6438,1,340
6438,2,220
6438,3,180
6438,4,180
6438,5,310
6438,6,130
,,
6441,,2780
6441,1,680
6441,2,450
6441,3,370
6441,4,330
6441,5,710
6441,6,240
,,
6442,,1440
6442,1,420
6442,2,230
6442,3,210
6442,4,150
6442,5,300
6442,6,130
,,
6443,,8950
6443,1,2390
6443,2,1080
6443,3,900
6443,4,790
6443,5,2110
6443,6,1680
,,
6447,,3080
6447,1,720
6447,2,460
6447,3,410
6447,4,340
6447,5,830
6447,6,320
,,
6450,,17490
6450,1,6070
6450,2,4690
6450,3,2770
6450,4,1730
6450,5,2010
6450,6,220
,,
6451,,11620
6451,1,4440
6451,2,3080
6451,3,1710
6451,4,1080
6451,5,1170
6451,6,140
,,
6455,,1630
6455,1,420
6455,2,260
6455,3,270
6455,4,190
6455,5,360
6455,6,130
,,
6457,,22260
6457,1,6610
6457,2,5350
6457,3,3720
6457,4,2430
6457,5,3370
6457,6,780
,,
6460,,20150
6460,1,5300
6460,2,4020
6460,3,3190
6460,4,2480
6460,5,4000
6460,6,1160
,,
6461,,7550
6461,1,1960
6461,2,1320
6461,3,1080
6461,4,890
6461,5,1670
6461,6,630
,,
6468,,9410
6468,1,2570
6468,2,1330
6468,3,1110
6468,4,950
6468,5,2260
6468,6,1190
,,
6469,,1610
6469,1,460
6469,2,320
6469,3,220
6469,4,210
6469,5,340
6469,6,60
,,
6470,,7610
6470,1,1950
6470,2,1060
6470,3,810
6470,4,700
6470,5,1820
6470,6,1270
,,
6471,,3910
6471,1,1040
6471,2,720
6471,3,640
6471,4,460
6471,5,860
6471,6,190
,,
6472,,3410
6472,1,890
6472,2,600
6472,3,520
6472,4,410
6472,5,810
6472,6,180
,,
6473,,12640
6473,1,3330
6473,2,2200
6473,3,1910
6473,4,1500
6473,5,2850
6473,6,850
,,
6475,,5680
6475,1,1590
6475,2,970
6475,3,790
6475,4,580
6475,5,1170
6475,6,580
,,
6477,,7210
6477,1,1810
6477,2,990
6477,3,870
6477,4,700
6477,5,1930
6477,6,910
,,
6478,,6330
6478,1,1570
6478,2,960
6478,3,810
6478,4,760
6478,5,1710
6478,6,520
,,
6479,,5040
6479,1,1330
6479,2,930
6479,3,780
6479,4,640
6479,5,1100
6479,6,260
,,
6480,,4730
6480,1,1200
6480,2,830
6480,3,690
6480,4,570
6480,5,1120
6480,6,320
,,
6481,,590
6481,1,160
6481,2,120
6481,3,90
6481,4,60
6481,5,130
6481,6,30
,,
6482,,5190
6482,1,1390
6482,2,720
6482,3,570
6482,4,500
6482,5,1210
6482,6,800
,,
6483,,8360
6483,1,2400
6483,2,1840
6483,3,1310
6483,4,970
6483,5,1540
6483,6,300
,,
6484,,20840
6484,1,5570
6484,2,3930
6484,3,3110
6484,4,2390
6484,5,4470
6484,6,1370
,,
6488,,9690
6488,1,2590
6488,2,1590
6488,3,1310
6488,4,1010
6488,5,2130
6488,6,1060
,,
6489,,16390
6489,1,4400
6489,2,2960
6489,3,2280
6489,4,1870
6489,5,3720
6489,6,1160
,,
6492,,23300
6492,1,6430
6492,2,4920
6492,3,3670
6492,4,2630
6492,5,4520
6492,6,1130
,,
6498,,3580
6498,1,1160
6498,2,700
6498,3,500
6498,4,350
6498,5,610
6498,6,260
,,
6510,,1560
6510,1,390
6510,2,360
6510,3,290
6510,4,140
6510,5,240
6510,6,140
,,
6511,,20860
6511,1,8990
6511,2,5930
6511,3,2680
6511,4,1120
6511,5,1400
6511,6,740
,,
6512,,14770
6512,1,4830
6512,2,3680
6512,3,2550
6512,4,1600
6512,5,1860
6512,6,250
,,
6513,,16330
6513,1,7580
6513,2,4800
6513,3,2050
6513,4,920
6513,5,880
6513,6,100
,,
6514,,12880
6514,1,4300
6514,2,3090
6514,3,2280
6514,4,1270
6514,5,1680
6514,6,260
,,
6515,,7100
6515,1,2680
6515,2,1740
6515,3,1000
6515,4,570
6515,5,810
6515,6,300
,,
6516,,25940
6516,1,9620
6516,2,7040
6516,3,4030
6516,4,2230
6516,5,2710
6516,6,310
,,
6517,,7390
6517,1,2020
6517,2,1500
6517,3,1110
6517,4,800
6517,5,1370
6517,6,590
,,
6518,,7410
6518,1,1840
6518,2,1330
6518,3,1170
6518,4,940
6518,5,1670
6518,6,460
,,
6519,,6010
6519,1,3290
6519,2,1800
6519,3,570
6519,4,190
6519,5,140
6519,6,20
,,
6524,,2760
6524,1,680
6524,2,410
6524,3,350
6524,4,280
6524,5,690
6524,6,350
,,
6525,,4440
6525,1,1090
6525,2,540
6525,3,410
6525,4,340
6525,5,1010
6525,6,1050
,,
6604,,11560
6604,1,5870
6604,2,3230
6604,3,1250
6604,4,550
6604,5,560
6604,6,100
,,
6605,,10310
6605,1,5030
6605,2,3050
6605,3,1100
6605,4,480
6605,5,490
6605,6,160
,,
6606,,21980
6606,1,9260
6606,2,6390
6606,3,3250
6606,4,1600
6606,5,1350
6606,6,130
,,
6607,,3390
6607,1,1910
6607,2,1010
6607,3,320
6607,4,100
6607,5,50
6607,6,**
,,
6608,,5720
6608,1,3480
6608,2,1640
6608,3,410
6608,4,130
6608,5,60
6608,6,**
,,
6610,,10810
6610,1,4940
6610,2,3390
6610,3,1390
6610,4,590
6610,5,470
6610,6,30
,,
6611,,17120
6611,1,4370
6611,2,2300
6611,3,1930
6611,4,1780
6611,5,4450
6611,6,2290
,,
6612,,3510
6612,1,840
6612,2,380
6612,3,320
6612,4,270
6612,5,770
6612,6,930
,,
6614,,17320
6614,1,4970
6614,2,3530
6614,3,2720
6614,4,2090
6614,5,3340
6614,6,670
,,
6615,,9560
6615,1,3360
6615,2,2450
6615,3,1510
6615,4,870
6615,5,1120
6615,6,250
,,
6702,,1080
6702,1,770
6702,2,230
6702,3,50
6702,4,30
6702,5,**
6702,6,**
,,
6704,,11290
6704,1,5730
6704,2,3150
6704,3,1330
6704,4,610
6704,5,440
6704,6,30
,,
6705,,12440
6705,1,5350
6705,2,3770
6705,3,1810
6705,4,820
6705,5,660
6705,6,30
,,
6706,,6340
6706,1,3010
6706,2,1750
6706,3,830
6706,4,400
6706,5,330
6706,6,20
,,
6708,,14020
6708,1,5520
6708,2,3820
6708,3,2110
6708,4,1140
6708,5,1290
6708,6,140
,,
6710,,3970
6710,1,2220
6710,2,1020
6710,3,360
6710,4,160
6710,5,180
6710,6,30
,,
6712,,4920
6712,1,1350
6712,2,870
6712,3,700
6712,4,590
6712,5,1150
6712,6,260
,,
6716,,8240
6716,1,2400
6716,2,1600
6716,3,1300
6716,4,960
6716,5,1670
6716,6,310
,,
6750,,660
6750,1,220
6750,2,140
6750,3,110
6750,4,60
6750,5,100
6750,6,30
,,
6751,,1830
6751,1,530
6751,2,350
6751,3,250
6751,4,210
6751,5,390
6751,6,100
,,
6752,,870
6752,1,210
6752,2,130
6752,3,120
6752,4,90
6752,5,190
6752,6,130
,,
6754,,780
6754,1,230
6754,2,160
6754,3,120
6754,4,100
6754,5,120
6754,6,50
,,
6755,,580
6755,1,150
6755,2,120
6755,3,90
6755,4,70
6755,5,120
6755,6,30
,,
6756,,1480
6756,1,380
6756,2,300
6756,3,190
6756,4,180
6756,5,310
6756,6,120
,,
6757,,1070
6757,1,310
6757,2,230
6757,3,170
6757,4,120
6757,5,180
6757,6,60
,,
6759,,2880
6759,1,750
6759,2,520
6759,3,400
6759,4,320
6759,5,580
6759,6,310
,,
6762,,3690
6762,1,910
6762,2,490
6762,3,480
6762,4,350
6762,5,930
6762,6,530
,,
6763,,1050
6763,1,310
6763,2,210
6763,3,160
6763,4,110
6763,5,190
6763,6,70
,,
6770,,15310
6770,1,5050
6770,2,3780
6770,3,2540
6770,4,1580
6770,5,2140
6770,6,220
,,
6776,,13290
6776,1,3980
6776,2,2690
6776,3,1930
6776,4,1370
6776,5,2560
6776,6,760
,,
6777,,870
6777,1,270
6777,2,170
6777,3,130
6777,4,100
6777,5,130
6777,6,70
,,
6778,,630
6778,1,150
6778,2,120
6778,3,100
6778,4,80
6778,5,150
6778,6,30
,,
6779,,4110
6779,1,1290
6779,2,1020
6779,3,680
6779,4,510
6779,5,560
6779,6,50
,,
6782,,1190
6782,1,330
6782,2,250
6782,3,190
6782,4,160
6782,5,230
6782,6,30
,,
6783,,1070
6783,1,250
6783,2,150
6783,3,130
6783,4,120
6783,5,250
6783,6,170
,,
6784,,1760
6784,1,450
6784,2,250
6784,3,220
6784,4,180
6784,5,430
6784,6,230
,,
6785,,330
6785,1,90
6785,2,60
6785,3,50
6785,4,30
6785,5,60
6785,6,40
,,
6786,,4820
6786,1,1400
6786,2,1190
6786,3,870
6786,4,570
6786,5,720
6786,6,70
,,
6787,,3970
6787,1,1160
6787,2,890
6787,3,680
6787,4,490
6787,5,650
6787,6,100
,,
6790,,17270
6790,1,6080
6790,2,4610
6790,3,2680
6790,4,1690
6790,5,1940
6790,6,270
,,
6791,,2820
6791,1,720
6791,2,480
6791,3,400
6791,4,340
6791,5,700
6791,6,180
,,
6793,,500
6793,1,110
6793,2,70
6793,3,70
6793,4,60
6793,5,100
6793,6,90
,,
6794,,590
6794,1,180
6794,2,110
6794,3,80
6794,4,60
6794,5,100
6794,6,60
,,
6795,,7150
6795,1,1960
6795,2,1330
6795,3,1050
6795,4,840
6795,5,1540
6795,6,430
,,
6796,,420
6796,1,120
6796,2,80
6796,3,60
6796,4,50
6796,5,80
6796,6,30
,,
6798,,5090
6798,1,1370
6798,2,880
6798,3,750
6798,4,540
6798,5,1050
6798,6,500
,,
6801,,9610
6801,1,2780
6801,2,1810
6801,3,1260
6801,4,1020
6801,5,2060
6801,6,680
,,
6804,,8820
6804,1,2350
6804,2,1440
6804,3,1130
6804,4,920
6804,5,1970
6804,6,1010
,,
6807,,3490
6807,1,800
6807,2,490
6807,3,360
6807,4,280
6807,5,600
6807,6,960
,,
6810,,25020
6810,1,10260
6810,2,6550
6810,3,3330
6810,4,1960
6810,5,2300
6810,6,620
,,
6811,,14900
6811,1,4260
6811,2,3010
6811,3,2170
6811,4,1660
6811,5,2850
6811,6,950
,,
6812,,6740
6812,1,1790
6812,2,1000
6812,3,840
6812,4,680
6812,5,1640
6812,6,790
,,
6820,,9390
6820,1,2220
6820,2,840
6820,3,590
6820,4,490
6820,5,1280
6820,6,3970
,,
6824,,14850
6824,1,3580
6824,2,1790
6824,3,1480
6824,4,1130
6824,5,2870
6824,6,4000
,,
6825,,9650
6825,1,2610
6825,2,1500
6825,3,1190
6825,4,920
6825,5,2050
6825,6,1380
,,
6830,,12190
6830,1,3470
6830,2,1810
6830,3,1330
6830,4,850
6830,5,1620
6830,6,3110
,,
6831,,7360
6831,1,1730
6831,2,940
6831,3,750
6831,4,570
6831,5,1200
6831,6,2170
,,
6840,,9050
6840,1,2180
6840,2,790
6840,3,640
6840,4,480
6840,5,1260
6840,6,3700
,,
6850,,10610
6850,1,3060
6850,2,2170
6850,3,1570
6850,4,1080
6850,5,1860
6850,6,870
,,
6851,,14300
6851,1,4040
6851,2,2770
6851,3,1980
6851,4,1480
6851,5,2820
6851,6,1210
,,
6853,,1740
6853,1,390
6853,2,120
6853,3,140
6853,4,110
6853,5,280
6853,6,700
,,
6854,,14320
6854,1,5590
6854,2,3560
6854,3,1910
6854,4,1080
6854,5,1570
6854,6,610
,,
6855,,4230
6855,1,1350
6855,2,880
6855,3,590
6855,4,390
6855,5,610
6855,6,410
,,
6870,,3270
6870,1,720
6870,2,270
6870,3,220
6870,4,200
6870,5,530
6870,6,1330
,,
6877,,11460
6877,1,2630
6877,2,1150
6877,3,1020
6877,4,870
6877,5,2420
6877,6,3370
,,
6878,,3600
6878,1,850
6878,2,350
6878,3,300
6878,4,180
6878,5,490
6878,6,1430
,,
6880,,12600
6880,1,3080
6880,2,1110
6880,3,920
6880,4,790
6880,5,1950
6880,6,4750
,,
6883,,4490
6883,1,1070
6883,2,380
6883,3,310
6883,4,240
6883,5,750
6883,6,1740
,,
6890,,2220
6890,1,540
6890,2,230
6890,3,180
6890,4,160
6890,5,380
6890,6,730
,,
6896,,4140
6896,1,940
6896,2,420
6896,3,390
6896,4,360
6896,5,960
6896,6,1070
,,
6897,,8330
6897,1,2020
6897,2,780
6897,3,600
6897,4,490
6897,5,1460
6897,6,2980
,,
6901,,4720
6901,1,1050
6901,2,910
6901,3,850
6901,4,590
6901,5,840
6901,6,480
,,
6902,,34130
6902,1,12170
6902,2,8310
6902,3,4420
6902,4,2630
6902,5,3940
6902,6,2660
,,
6903,,6960
6903,1,1510
6903,2,710
6903,3,560
6903,4,440
6903,5,1440
6903,6,2300
,,
6905,,11060
6905,1,2730
6905,2,1880
6905,3,1540
6905,4,1240
6905,5,2300
6905,6,1370
,,
6906,,5030
6906,1,1570
6906,2,1120
6906,3,750
6906,4,490
6906,5,780
6906,6,320
,,
6907,,5030
6907,1,1340
6907,2,970
6907,3,720
6907,4,500
6907,5,1000
6907,6,500
