46001,,4930
46001,1,1920
46001,2,1350
46001,3,710
46001,4,470
46001,5,440
46001,6,40
,,
46011,,8120
46011,1,2960
46011,2,2040
46011,3,1180
46011,4,860
46011,5,920
46011,6,160
,,
46012,,8800
46012,1,3630
46012,2,2340
46012,3,1290
46012,4,720
46012,5,740
46012,6,80
,,
46013,,8930
46013,1,3920
46013,2,2630
46013,3,1220
46013,4,630
46013,5,490
46013,6,40
,,
46016,,6960
46016,1,4340
46016,2,1880
46016,3,470
46016,4,160
46016,5,110
46016,6,**
,,
46017,,2960
46017,1,1220
46017,2,780
46017,3,460
46017,4,260
46017,5,210
46017,6,30
,,
46030,,1420
46030,1,490
46030,2,350
46030,3,190
46030,4,150
46030,5,190
46030,6,50
,,
46031,,1050
46031,1,360
46031,2,240
46031,3,180
46031,4,120
46031,5,130
46031,6,20
,,
46032,,22740
46032,1,5930
46032,2,3500
46032,3,2640
46032,4,2030
46032,5,4700
46032,6,3940
,,
46033,,17710
46033,1,4460
46033,2,1950
46033,3,1580
46033,4,1590
46033,5,4740
46033,6,3390
,,
46034,,3560
46034,1,1110
46034,2,680
46034,3,470
46034,4,420
46034,5,660
46034,6,220
,,
46035,,570
46035,1,210
46035,2,140
46035,3,100
46035,4,60
46035,5,60
46035,6,0
,,
46036,,5150
46036,1,2190
46036,2,1430
46036,3,700
46036,4,440
46036,5,350
46036,6,40
,,
46037,,19230
46037,1,4690
46037,2,2600
46037,3,2180
46037,4,2050
46037,5,5260
46037,6,2450
,,
46038,,19980
46038,1,5220
46038,2,3800
46038,3,3210
46038,4,2550
46038,5,4230
46038,6,970
,,
46039,,360
46039,1,140
46039,2,90
46039,3,50
46039,4,40
46039,5,40
46039,6,**
,,
46040,,5760
46040,1,1700
46040,2,960
46040,3,660
46040,4,500
46040,5,1140
46040,6,800
,,
46041,,10720
46041,1,4210
46041,2,3240
46041,3,1470
46041,4,880
46041,5,790
46041,6,130
,,
46044,,1420
46044,1,520
46044,2,380
46044,3,220
46044,4,140
46044,5,160
46044,6,**
,,
46048,,880
46048,1,320
46048,2,270
46048,3,170
46048,4,80
46048,5,40
46048,6,0
,,
46049,,380
46049,1,120
46049,2,90
46049,3,60
46049,4,60
46049,5,50
46049,6,**
,,
46050,,790
46050,1,280
46050,2,190
46050,3,130
46050,4,80
46050,5,90
46050,6,20
,,
46051,,1360
46051,1,470
46051,2,340
46051,3,200
46051,4,150
46051,5,200
46051,6,**
,,
46052,,10900
46052,1,3930
46052,2,2780
46052,3,1610
46052,4,1070
46052,5,1260
46052,6,250
,,
46055,,6080
46055,1,1500
46055,2,1010
46055,3,860
46055,4,790
46055,5,1350
46055,6,570
,,
46056,,1130
46056,1,380
46056,2,280
46056,3,190
46056,4,120
46056,5,160
46056,6,**
,,
46057,,540
46057,1,190
46057,2,140
46057,3,90
46057,4,60
46057,5,60
46057,6,**
,,
46058,,1010
46058,1,330
46058,2,260
46058,3,160
46058,4,110
46058,5,150
46058,6,**
,,
46060,,19580
46060,1,6170
46060,2,4420
46060,3,2960
46060,4,2210
46060,5,3120
46060,6,700
,,
46062,,16430
46062,1,4470
46062,2,2860
46062,3,2140
46062,4,1890
46062,5,3660
46062,6,1410
,,
46064,,6680
46064,1,2020
46064,2,1450
46064,3,1060
46064,4,810
46064,5,1090
46064,6,250
,,
46065,,1640
46065,1,570
46065,2,390
46065,3,250
46065,4,190
46065,5,210
46065,6,30
,,
46068,,1310
46068,1,400
46068,2,290
46068,3,200
46068,4,170
46068,5,230
46068,6,20
,,
46069,,3310
46069,1,1190
46069,2,780
46069,3,500
46069,4,330
46069,5,400
46069,6,110
,,
46070,,1000
46070,1,390
46070,2,270
46070,3,150
46070,4,80
46070,5,110
46070,6,**
,,
46071,,1580
46071,1,550
46071,2,370
46071,3,230
46071,4,190
46071,5,190
46071,6,50
,,
46072,,4430
46072,1,1620
46072,2,1120
46072,3,680
46072,4,440
46072,5,500
46072,6,70
,,
46074,,15830
46074,1,4010
46074,2,2380
46074,3,1820
46074,4,1690
46074,5,4110
46074,6,1820
,,
46075,,2900
46075,1,610
46075,2,650
46075,3,550
46075,4,420
46075,5,550
46075,6,120
,,
46076,,720
46076,1,260
46076,2,170
46076,3,120
46076,4,80
46076,5,90
46076,6,**
,,
46077,,14230
46077,1,3470
46077,2,1570
46077,3,1370
46077,4,1150
46077,5,3540
46077,6,3130
,,
46104,,440
46104,1,170
46104,2,110
46104,3,70
46104,4,50
46104,5,40
46104,6,**
,,
46105,,860
46105,1,300
46105,2,210
46105,3,140
46105,4,100
46105,5,110
46105,6,**
,,
46106,,3460
46106,1,990
46106,2,670
46106,3,480
46106,4,380
46106,5,620
46106,6,320
,,
46107,,6420
46107,1,2550
46107,2,2060
46107,3,960
46107,4,450
46107,5,360
46107,6,40
,,
46110,,230
46110,1,70
46110,2,60
46110,3,40
46110,4,20
46110,5,40
46110,6,**
,,
46112,,18550
46112,1,5430
46112,2,3570
46112,3,2710
46112,4,2170
46112,5,3790
46112,6,880
,,
46113,,7030
46113,1,2320
46113,2,1820
46113,3,1230
46113,4,830
46113,5,760
46113,6,70
,,
46115,,910
46115,1,310
46115,2,250
46115,3,150
46115,4,90
46115,5,110
46115,6,**
,,
46117,,300
46117,1,100
46117,2,70
46117,3,50
46117,4,30
46117,5,50
46117,6,**
,,
46118,,2420
46118,1,770
46118,2,560
46118,3,400
46118,4,300
46118,5,350
46118,6,40
,,
46120,,2800
46120,1,1050
46120,2,690
46120,3,470
46120,4,270
46120,5,280
46120,6,40
,,
46121,,2420
46121,1,730
46121,2,560
46121,3,400
46121,4,300
46121,5,370
46121,6,60
,,
46122,,7650
46122,1,2430
46122,2,1670
46122,3,1120
46122,4,870
46122,5,1300
46122,6,260
,,
46123,,17730
46123,1,5030
46123,2,3420
46123,3,2530
46123,4,2220
46123,5,3720
46123,6,810
,,
46124,,3620
46124,1,1480
46124,2,1020
46124,3,490
46124,4,300
46124,5,270
46124,6,60
,,
46126,,2280
46126,1,750
46126,2,540
46126,3,390
46126,4,240
46126,5,320
46126,6,40
,,
46127,,160
46127,1,50
46127,2,40
46127,3,20
46127,4,50
46127,5,**
46127,6,**
,,
46128,,990
46128,1,350
46128,2,240
46128,3,170
46128,4,100
46128,5,130
46128,6,**
,,
46130,,1240
46130,1,380
46130,2,270
46130,3,230
46130,4,140
46130,5,190
46130,6,30
,,
46131,,14630
46131,1,5270
46131,2,3630
46131,3,2310
46131,4,1470
46131,5,1670
46131,6,280
,,
46133,,380
46133,1,150
46133,2,110
46133,3,60
46133,4,30
46133,5,30
46133,6,**
,,
46135,,7770
46135,1,2980
46135,2,1990
46135,3,1170
46135,4,710
46135,5,800
46135,6,120
,,
46140,,19890
46140,1,6780
46140,2,4640
46140,3,3060
46140,4,2140
46140,5,2720
46140,6,550
,,
46142,,15900
46142,1,5320
46142,2,3480
46142,3,2190
46142,4,1790
46142,5,2600
46142,6,520
,,
46143,,27160
46143,1,8400
46143,2,6230
46143,3,3900
46143,4,2840
46143,5,4500
46143,6,1290
,,
46147,,1370
46147,1,450
46147,2,290
46147,3,200
46147,4,180
46147,5,230
46147,6,20
,,
46148,,2300
46148,1,850
46148,2,570
46148,3,320
46148,4,240
46148,5,270
46148,6,50
,,
46149,,920
46149,1,270
46149,2,200
46149,3,140
46149,4,100
46149,5,180
46149,6,30
,,
46150,,370
46150,1,140
46150,2,80
46150,3,60
46150,4,40
46150,5,50
46150,6,**
,,
46151,,14750
46151,1,5410
46151,2,3390
46151,3,2160
46151,4,1530
46151,5,1930
46151,6,330
,,
46156,,670
46156,1,260
46156,2,150
46156,3,110
46156,4,70
46156,5,80
46156,6,**
,,
46157,,1840
46157,1,550
46157,2,450
46157,3,320
46157,4,220
46157,5,260
46157,6,40
,,
46158,,11750
46158,1,4090
46158,2,2710
46158,3,1710
46158,4,1220
46158,5,1730
46158,6,290
,,
46160,,2890
46160,1,1050
46160,2,650
46160,3,450
46160,4,340
46160,5,340
46160,6,60
,,
46161,,1220
46161,1,400
46161,2,320
46161,3,200
46161,4,140
46161,5,160
46161,6,**
,,
46162,,250
46162,1,90
46162,2,40
46162,3,30
46162,4,30
46162,5,60
46162,6,**
,,
46163,,6320
46163,1,1810
46163,2,1010
46163,3,830
46163,4,750
46163,5,1570
46163,6,350
,,
46164,,2080
46164,1,680
46164,2,490
46164,3,350
46164,4,240
46164,5,280
46164,6,40
,,
46165,,690
46165,1,220
46165,2,160
46165,3,100
46165,4,80
46165,5,110
46165,6,20
,,
46166,,1040
46166,1,420
46166,2,270
46166,3,160
46166,4,110
46166,5,80
46166,6,**
,,
46167,,3340
46167,1,960
46167,2,630
46167,3,440
46167,4,460
46167,5,700
46167,6,150
,,
46168,,15740
46168,1,5000
46168,2,3630
46168,3,2340
46168,4,1720
46168,5,2610
46168,6,440
,,
46171,,840
46171,1,290
46171,2,230
46171,3,140
46171,4,90
46171,5,90
46171,6,**
,,
46172,,1120
46172,1,430
46172,2,300
46172,3,160
46172,4,100
46172,5,130
46172,6,**
,,
46173,,4980
46173,1,2010
46173,2,1300
46173,3,730
46173,4,460
46173,5,410
46173,6,70
,,
46175,,260
46175,1,100
46175,2,80
46175,3,40
46175,4,40
46175,5,**
46175,6,**
,,
46176,,13280
46176,1,5070
46176,2,3580
46176,3,1960
46176,4,1240
46176,5,1210
46176,6,220
,,
46180,,470
46180,1,150
46180,2,120
46180,3,70
46180,4,60
46180,5,70
46180,6,**
,,
46181,,2440
46181,1,820
46181,2,480
46181,3,350
46181,4,300
46181,5,400
46181,6,90
,,
46182,,910
46182,1,300
46182,2,230
46182,3,170
46182,4,110
46182,5,100
46182,6,**
,,
46184,,5980
46184,1,2030
46184,2,1540
46184,3,940
46184,4,760
46184,5,640
46184,6,70
,,
46186,,830
46186,1,260
46186,2,190
46186,3,140
46186,4,110
46186,5,130
46186,6,**
,,
46201,,12990
46201,1,7320
46201,2,3720
46201,3,1160
46201,4,430
46201,5,320
46201,6,40
,,
46202,,8740
46202,1,3130
46202,2,2290
46202,3,1270
46202,4,640
46202,5,910
46202,6,500
,,
46203,,16660
46203,1,8050
46203,2,5020
46203,3,1970
46203,4,830
46203,5,670
46203,6,120
,,
46204,,3900
46204,1,1010
46204,2,950
46204,3,760
46204,4,340
46204,5,500
46204,6,340
,,
46205,,13720
46205,1,5770
46205,2,3990
46205,3,1620
46205,4,790
46205,5,1080
46205,6,470
,,
46208,,9080
46208,1,4430
46208,2,2310
46208,3,810
46208,4,400
46208,5,710
46208,6,420
,,
46214,,12270
46214,1,4910
46214,2,4100
46214,3,1660
46214,4,830
46214,5,710
46214,6,60
,,
46216,,1210
46216,1,400
46216,2,320
46216,3,210
46216,4,110
46216,5,130
46216,6,40
,,
46217,,16230
46217,1,4910
46217,2,4600
46217,3,2660
46217,4,1690
46217,5,2040
46217,6,330
,,
46218,,12620
46218,1,7930
46218,2,3490
46218,3,820
46218,4,250
46218,5,130
46218,6,**
,,
46219,,17040
46219,1,7360
46219,2,5070
46219,3,2320
46219,4,1160
46219,5,1000
46219,6,130
,,
46220,,19720
46220,1,5150
46220,2,5050
46220,3,3030
46220,4,1890
46220,5,3100
46220,6,1500
,,
46221,,12320
46221,1,5060
46221,2,3850
46221,3,1730
46221,4,930
46221,5,710
46221,6,40
,,
46222,,14390
46222,1,8180
46222,2,4590
46222,3,1110
46222,4,290
46222,5,200
46222,6,20
,,
46224,,16860
46224,1,8170
46224,2,5510
46224,3,1710
46224,4,750
46224,5,650
46224,6,70
,,
46225,,2890
46225,1,1510
46225,2,920
46225,3,290
46225,4,90
46225,5,80
46225,6,**
,,
46226,,20300
46226,1,10370
46226,2,6210
46226,3,1990
46226,4,900
46226,5,660
46226,6,170
,,
46227,,26800
46227,1,11150
46227,2,8680
46227,3,3420
46227,4,1710
46227,5,1660
46227,6,180
,,
46228,,7680
46228,1,2620
46228,2,1950
46228,3,1140
46228,4,730
46228,5,930
46228,6,310
,,
46229,,13660
46229,1,5930
46229,2,4170
46229,3,1770
46229,4,920
46229,5,800
46229,6,70
,,
46231,,5120
46231,1,1810
46231,2,1490
46231,3,870
46231,4,470
46231,5,450
46231,6,30
,,
46234,,12970
46234,1,4080
46234,2,3350
46234,3,2110
46234,4,1430
46234,5,1690
46234,6,310
,,
46235,,14640
46235,1,7320
46235,2,4480
46235,3,1610
46235,4,710
46235,5,500
46235,6,20
,,
46236,,13520
46236,1,3850
46236,2,2680
46236,3,1920
46236,4,1420
46236,5,2590
46236,6,1060
,,
46237,,20600
46237,1,6480
46237,2,5420
46237,3,3490
46237,4,2230
46237,5,2600
46237,6,380
,,
46239,,14110
46239,1,4230
46239,2,3500
46239,3,2470
46239,4,1680
46239,5,2010
46239,6,220
,,
46240,,11370
46240,1,3440
46240,2,3070
46240,3,1650
46240,4,880
46240,5,1470
46240,6,860
,,
46241,,13900
46241,1,7010
46241,2,4390
46241,3,1500
46241,4,620
46241,5,380
46241,6,**
,,
46250,,10740
46250,1,3140
46250,2,3420
46250,3,1600
46250,4,830
46250,5,1190
46250,6,560
,,
46254,,19230
46254,1,8090
46254,2,6560
46254,3,2420
46254,4,1030
46254,5,960
46254,6,170
,,
46256,,11900
46256,1,3500
46256,2,2490
46256,3,1630
46256,4,1230
46256,5,2150
46256,6,900
,,
46259,,5970
46259,1,1620
46259,2,890
46259,3,790
46259,4,700
46259,5,1560
46259,6,410
,,
46260,,16830
46260,1,6450
46260,2,4550
46260,3,1980
46260,4,1170
46260,5,1720
46260,6,960
,,
46268,,13460
46268,1,4900
46268,2,4320
46268,3,1920
46268,4,1080
46268,5,1100
46268,6,140
,,
46278,,4500
46278,1,1220
46278,2,710
46278,3,510
46278,4,420
46278,5,980
46278,6,660
,,
46280,,4030
46280,1,1140
46280,2,960
46280,3,730
46280,4,440
46280,5,600
46280,6,160
,,
46290,,140
46290,1,30
46290,2,20
46290,3,20
46290,4,**
46290,5,30
46290,6,40
,,
46303,,7390
46303,1,2360
46303,2,1590
46303,3,1200
46303,4,920
46303,5,1200
46303,6,120
,,
46304,,12630
46304,1,4050
46304,2,2280
46304,3,1830
46304,4,1550
46304,5,2360
46304,6,560
,,
46307,,31960
46307,1,9830
46307,2,5820
46307,3,4630
46307,4,4000
46307,5,6420
46307,6,1260
,,
46310,,6400
46310,1,2280
46310,2,1300
46310,3,1020
46310,4,820
46310,5,890
46310,6,90
,,
46311,,10890
46311,1,3130
46311,2,1930
46311,3,1640
46311,4,1360
46311,5,2300
46311,6,530
,,
46312,,10200
46312,1,5890
46312,2,2650
46312,3,900
46312,4,420
46312,5,340
46312,6,**
,,
46319,,9020
46319,1,3260
46319,2,2270
46319,3,1450
46319,4,960
46319,5,1010
46319,6,70
,,
46320,,5060
46320,1,2950
46320,2,1410
46320,3,400
46320,4,200
46320,5,100
46320,6,**
,,
46321,,11820
46321,1,3540
46321,2,1890
46321,3,1560
46321,4,1350
46321,5,2530
46321,6,950
,,
46322,,12530
46322,1,4040
46322,2,2870
46322,3,2230
46322,4,1500
46322,5,1690
46322,6,200
,,
46323,,10110
46323,1,4380
46323,2,2870
46323,3,1550
46323,4,750
46323,5,530
46323,6,30
,,
46324,,9830
46324,1,4340
46324,2,2690
46324,3,1510
46324,4,720
46324,5,530
46324,6,40
,,
46327,,4530
46327,1,2170
46327,2,1410
46327,3,580
46327,4,220
46327,5,150
46327,6,**
,,
46340,,570
46340,1,180
46340,2,120
46340,3,100
46340,4,70
46340,5,100
46340,6,**
,,
46341,,4980
46341,1,1670
46341,2,950
46341,3,750
46341,4,670
46341,5,850
46341,6,90
,,
46342,,15500
46342,1,5630
46342,2,3680
46342,3,2480
46342,4,1730
46342,5,1830
46342,6,150
,,
46347,,2160
46347,1,650
46347,2,410
46347,3,360
46347,4,320
46347,5,380
46347,6,40
,,
46348,,500
46348,1,170
46348,2,120
46348,3,80
46348,4,60
46348,5,70
46348,6,**
,,
46349,,1480
46349,1,490
46349,2,320
46349,3,240
46349,4,200
46349,5,230
46349,6,**
,,
46350,,20330
46350,1,7680
46350,2,4860
46350,3,2840
46350,4,2020
46350,5,2480
46350,6,450
,,
46356,,8720
46356,1,2860
46356,2,1690
46356,3,1310
46356,4,1150
46356,5,1550
46356,6,160
,,
46360,,19720
46360,1,9080
46360,2,4970
46360,3,2450
46360,4,1430
46360,5,1460
46360,6,330
,,
46365,,540
46365,1,170
46365,2,130
46365,3,100
46365,4,60
46365,5,80
46365,6,**
,,
46366,,2540
46366,1,1060
46366,2,610
46366,3,360
46366,4,260
46366,5,230
46366,6,20
,,
46368,,18720
46368,1,7210
46368,2,4290
46368,3,2680
46368,4,2100
46368,5,2210
46368,6,230
,,
46371,,1760
46371,1,590
46371,2,370
46371,3,300
46371,4,240
46371,5,240
46371,6,20
,,
46373,,7990
46373,1,2150
46373,2,1080
46373,3,950
46373,4,940
46373,5,2180
46373,6,690
,,
46374,,450
46374,1,150
46374,2,100
46374,3,70
46374,4,70
46374,5,60
46374,6,**
,,
46375,,12510
46375,1,3690
46375,2,2370
46375,3,1830
46375,4,1500
46375,5,2510
46375,6,610
,,
46381,,140
46381,1,70
46381,2,30
46381,3,40
46381,4,**
46381,5,**
46381,6,0
,,
46382,,1000
46382,1,310
46382,2,200
46382,3,170
46382,4,150
46382,5,140
46382,6,30
,,
46383,,18490
46383,1,6220
46383,2,3710
46383,3,2580
46383,4,2070
46383,5,3220
46383,6,690
,,
46385,,19690
46385,1,5980
46385,2,3440
46385,3,2730
46385,4,2330
46385,5,4100
46385,6,1110
,,
46390,,1380
46390,1,420
46390,2,280
46390,3,260
46390,4,210
46390,5,210
46390,6,**
,,
46391,,2990
46391,1,1010
46391,2,620
46391,3,420
46391,4,360
46391,5,510
46391,6,70
,,
46392,,3590
46392,1,1260
46392,2,680
46392,3,570
46392,4,490
46392,5,540
46392,6,50
,,
46394,,5500
46394,1,2160
46394,2,1470
46394,3,830
46394,4,490
46394,5,490
46394,6,60
,,
46402,,1910
46402,1,1300
46402,2,420
46402,3,120
46402,4,40
46402,5,30
46402,6,**
,,
46403,,5010
46403,1,2530
46403,2,1130
46403,3,570
46403,4,350
46403,5,360
46403,6,70
,,
46404,,6360
46404,1,3690
46404,2,1580
46404,3,560
46404,4,310
46404,5,220
46404,6,**
,,
46405,,5130
46405,1,2490
46405,2,1390
46405,3,690
46405,4,350
46405,5,210
46405,6,**
,,
46406,,3350
46406,1,1990
46406,2,870
46406,3,310
46406,4,100
46406,5,80
46406,6,**
,,
46407,,3950
46407,1,2560
46407,2,940
46407,3,260
46407,4,110
46407,5,80
46407,6,**
,,
46408,,6220
46408,1,3320
46408,2,1630
46408,3,660
46408,4,340
46408,5,270
46408,6,**
,,
46409,,2760
46409,1,1680
46409,2,690
46409,3,220
46409,4,100
46409,5,70
46409,6,**
,,
46410,,18140
46410,1,7130
46410,2,4800
46410,3,2820
46410,4,1680
46410,5,1570
46410,6,140
,,
46501,,1690
46501,1,660
46501,2,490
46501,3,250
46501,4,160
46501,5,130
46501,6,**
,,
46504,,1590
46504,1,540
46504,2,440
46504,3,280
46504,4,180
46504,5,130
46504,6,20
,,
46506,,4780
46506,1,1640
46506,2,1250
46506,3,860
46506,4,470
46506,5,450
46506,6,110
,,
46507,,4540
46507,1,1450
46507,2,1160
46507,3,720
46507,4,460
46507,5,470
46507,6,280
,,
46510,,1560
46510,1,550
46510,2,400
46510,3,260
46510,4,170
46510,5,180
46510,6,**
,,
46511,,1960
46511,1,730
46511,2,480
46511,3,290
46511,4,180
46511,5,220
46511,6,60
,,
46514,,20100
46514,1,7350
46514,2,6210
46514,3,2970
46514,4,1640
46514,5,1490
46514,6,440
,,
46516,,14770
46516,1,6180
46516,2,4820
46516,3,1990
46516,4,900
46516,5,680
46516,6,200
,,
46517,,10390
46517,1,4060
46517,2,3160
46517,3,1520
46517,4,800
46517,5,730
46517,6,120
,,
46524,,1030
46524,1,360
46524,2,290
46524,3,250
46524,4,80
46524,5,50
46524,6,**
,,
46526,,14610
46526,1,4970
46526,2,4410
46526,3,2420
46526,4,1370
46526,5,1130
46526,6,310
,,
46528,,11770
46528,1,3730
46528,2,3230
46528,3,2040
46528,4,1290
46528,5,1180
46528,6,300
,,
46530,,14500
46530,1,4080
46530,2,2120
46530,3,1760
46530,4,1630
46530,5,3250
46530,6,1660
,,
46531,,670
46531,1,260
46531,2,160
46531,3,120
46531,4,70
46531,5,60
46531,6,**
,,
46532,,790
46532,1,310
46532,2,210
46532,3,130
46532,4,80
46532,5,60
46532,6,**
,,
46534,,4770
46534,1,1990
46534,2,1310
46534,3,720
46534,4,350
46534,5,360
46534,6,40
,,
46536,,1510
46536,1,550
46536,2,360
46536,3,250
46536,4,160
46536,5,160
46536,6,30
,,
46538,,2010
46538,1,600
46538,2,430
46538,3,350
46538,4,240
46538,5,290
46538,6,100
,,
46539,,1110
46539,1,420
46539,2,300
46539,3,190
46539,4,100
46539,5,100
46539,6,**
,,
46540,,5430
46540,1,1650
46540,2,1200
46540,3,1050
46540,4,660
46540,5,630
46540,6,240
,,
46542,,2110
46542,1,670
46542,2,600
46542,3,410
46542,4,220
46542,5,170
46542,6,40
,,
46543,,1610
46543,1,440
46543,2,400
46543,3,360
46543,4,250
46543,5,130
46543,6,30
,,
46544,,15100
46544,1,6050
46544,2,4240
46544,3,2280
46544,4,1200
46544,5,1120
46544,6,210
,,
46545,,12520
46545,1,5250
46545,2,3780
46545,3,1650
46545,4,830
46545,5,790
46545,6,220
,,
46550,,5680
46550,1,1850
46550,2,1470
46550,3,1220
46550,4,520
46550,5,490
46550,6,130
,,
46552,,3080
46552,1,1090
46552,2,650
46552,3,480
46552,4,350
46552,5,440
46552,6,70
,,
46553,,1730
46553,1,500
46553,2,450
46553,3,340
46553,4,230
46553,5,170
46553,6,40
,,
46554,,2060
46554,1,690
46554,2,510
46554,3,330
46554,4,250
46554,5,280
46554,6,**
,,
46555,,1530
46555,1,590
46555,2,400
46555,3,250
46555,4,130
46555,5,130
46555,6,30
,,
46561,,6450
46561,1,2280
46561,2,1550
46561,3,980
46561,4,730
46561,5,810
46561,6,100
,,
46562,,2310
46562,1,890
46562,2,620
46562,3,360
46562,4,200
46562,5,200
46562,6,40
,,
46563,,10640
46563,1,4080
46563,2,2970
46563,3,1520
46563,4,950
46563,5,950
46563,6,170
,,
46565,,3730
46565,1,1220
46565,2,800
46565,3,850
46565,4,510
46565,5,250
46565,6,100
,,
46567,,4760
46567,1,1630
46567,2,1210
46567,3,780
46567,4,430
46567,5,510
46567,6,200
,,
46570,,470
46570,1,170
46570,2,120
46570,3,90
46570,4,40
46570,5,50
46570,6,**
,,
46571,,2370
46571,1,770
46571,2,540
46571,3,560
46571,4,330
46571,5,140
46571,6,30
,,
46573,,1660
46573,1,550
46573,2,370
46573,3,300
46573,4,190
46573,5,200
46573,6,50
,,
46574,,3770
46574,1,1400
46574,2,980
46574,3,600
46574,4,390
46574,5,360
46574,6,40
,,
46580,,10260
46580,1,3800
46580,2,2720
46580,3,1580
46580,4,890
46580,5,1000
46580,6,270
,,
46582,,6360
46582,1,2110
46582,2,1530
46582,3,1070
46582,4,650
46582,5,800
46582,6,200
,,
46590,,2050
46590,1,690
46590,2,490
46590,3,320
46590,4,190
46590,5,240
46590,6,120
,,
46601,,2080
46601,1,1330
46601,2,480
46601,3,140
46601,4,60
46601,5,70
46601,6,**
,,
46613,,4780
46613,1,2690
46613,2,1450
46613,3,440
46613,4,140
46613,5,60
46613,6,0
,,
46614,,14980
46614,1,5580
46614,2,3890
46614,3,2240
46614,4,1350
46614,5,1480
46614,6,440
,,
46615,,7150
46615,1,3190
46615,2,2110
46615,3,1000
46615,4,410
46615,5,350
46615,6,90
,,
46616,,2720
46616,1,1320
46616,2,790
46616,3,310
46616,4,140
46616,5,120
46616,6,40
,,
46617,,4450
46617,1,1650
46617,2,1060
46617,3,580
46617,4,380
46617,5,510
46617,6,270
,,
46619,,9380
46619,1,4650
46619,2,2710
46619,3,1100
46619,4,490
46619,5,390
46619,6,40
,,
46628,,12260
46628,1,5650
46628,2,3070
46628,3,1470
46628,4,870
46628,5,990
46628,6,210
,,
46635,,3060
46635,1,1150
46635,2,670
46635,3,490
46635,4,340
46635,5,340
46635,6,70
,,
46637,,7510
46637,1,2900
46637,2,2040
46637,3,1100
46637,4,640
46637,5,650
46637,6,180
,,
46701,,3460
46701,1,1160
46701,2,960
46701,3,560
46701,4,420
46701,5,320
46701,6,40
,,
46702,,1060
46702,1,410
46702,2,270
46702,3,170
46702,4,120
46702,5,90
46702,6,**
,,
46703,,8510
46703,1,3420
46703,2,2210
46703,3,1090
46703,4,760
46703,5,820
46703,6,210
,,
46705,,830
46705,1,340
46705,2,250
46705,3,130
46705,4,60
46705,5,50
46705,6,**
,,
46706,,9510
46706,1,3430
46706,2,2420
46706,3,1380
46706,4,970
46706,5,1060
46706,6,250
,,
46710,,2200
46710,1,710
46710,2,560
46710,3,380
46710,4,290
46710,5,220
46710,6,40
,,
46711,,3060
46711,1,1170
46711,2,860
46711,3,440
46711,4,270
46711,5,250
46711,6,70
,,
46714,,6990
46714,1,2760
46714,2,1750
46714,3,1050
46714,4,660
46714,5,620
46714,6,150
,,
46721,,2210
46721,1,840
46721,2,650
46721,3,330
46721,4,210
46721,5,180
46721,6,**
,,
46723,,3670
46723,1,1250
46723,2,900
46723,3,590
46723,4,440
46723,5,420
46723,6,70
,,
46725,,11640
46725,1,4170
46725,2,2840
46725,3,1800
46725,4,1260
46725,5,1350
46725,6,220
,,
46730,,600
46730,1,190
46730,2,150
46730,3,110
46730,4,70
46730,5,80
46730,6,**
,,
46731,,310
46731,1,100
46731,2,70
46731,3,50
46731,4,50
46731,5,40
46731,6,**
,,
46732,,1450
46732,1,560
46732,2,430
46732,3,250
46732,4,110
46732,5,100
46732,6,**
,,
46733,,8840
46733,1,3290
46733,2,2380
46733,3,1370
46733,4,890
46733,5,770
46733,6,140
,,
46737,,3500
46737,1,1240
46737,2,900
46737,3,550
46737,4,370
46737,5,320
46737,6,120
,,
46738,,3880
46738,1,1620
46738,2,1090
46738,3,590
46738,4,320
46738,5,230
46738,6,30
,,
46740,,1490
46740,1,620
46740,2,480
46740,3,200
46740,4,100
46740,5,90
46740,6,**
,,
46741,,1780
46741,1,680
46741,2,490
46741,3,260
46741,4,160
46741,5,150
46741,6,40
,,
46742,,1610
46742,1,550
46742,2,400
46742,3,260
46742,4,160
46742,5,200
46742,6,40
,,
46743,,1050
46743,1,370
46743,2,260
46743,3,170
46743,4,120
46743,5,130
46743,6,**
,,
46745,,960
46745,1,300
46745,2,190
46745,3,160
46745,4,130
46745,5,150
46745,6,30
,,
46746,,1860
46746,1,700
46746,2,490
46746,3,330
46746,4,180
46746,5,130
46746,6,30
,,
46747,,1200
46747,1,460
46747,2,330
46747,3,170
46747,4,120
46747,5,120
46747,6,**
,,
46748,,3150
46748,1,910
46748,2,720
46748,3,470
46748,4,360
46748,5,440
46748,6,250
,,
46750,,12340
46750,1,4920
46750,2,3240
46750,3,1820
46750,4,1190
46750,5,1020
46750,6,150
,,
46755,,7240
46755,1,2960
46755,2,1950
46755,3,1120
46755,4,610
46755,5,510
46755,6,90
,,
46759,,260
46759,1,90
46759,2,80
46759,3,50
46759,4,40
46759,5,**
46759,6,**
,,
46760,,610
46760,1,210
46760,2,170
46760,3,110
46760,4,70
46760,5,50
46760,6,**
,,
46761,,5240
46761,1,1920
46761,2,1410
46761,3,1030
46761,4,500
46761,5,310
46761,6,70
,,
46763,,810
46763,1,260
46763,2,190
46763,3,120
46763,4,120
46763,5,120
46763,6,**
,,
46764,,650
46764,1,240
46764,2,160
46764,3,100
46764,4,80
46764,5,70
46764,6,**
,,
46765,,2590
46765,1,870
46765,2,410
46765,3,330
46765,4,290
46765,5,540
46765,6,150
,,
46766,,250
46766,1,90
46766,2,60
46766,3,50
46766,4,50
46766,5,**
46766,6,**
,,
46767,,3680
46767,1,1190
46767,2,1250
46767,3,690
46767,4,350
46767,5,180
46767,6,20
,,
46770,,1310
46770,1,420
46770,2,320
46770,3,220
46770,4,160
46770,5,160
46770,6,30
,,
46772,,1220
46772,1,440
46772,2,400
46772,3,180
46772,4,100
46772,5,100
46772,6,**
,,
46773,,1780
46773,1,610
46773,2,440
46773,3,300
46773,4,230
46773,5,170
46773,6,30
,,
46774,,8400
46774,1,3200
46774,2,2160
46774,3,1340
46774,4,840
46774,5,770
46774,6,90
,,
46776,,760
46776,1,330
46776,2,220
46776,3,120
46776,4,40
46776,5,50
46776,6,**
,,
46777,,3090
46777,1,1030
46777,2,760
46777,3,500
46777,4,390
46777,5,360
46777,6,50
,,
46779,,980
46779,1,380
46779,2,270
46779,3,140
46779,4,100
46779,5,90
46779,6,**
,,
46781,,440
46781,1,150
46781,2,120
46781,3,90
46781,4,50
46781,5,30
46781,6,**
,,
46783,,3350
46783,1,930
46783,2,570
46783,3,520
46783,4,470
46783,5,640
46783,6,220
,,
46784,,1120
46784,1,400
46784,2,290
46784,3,180
46784,4,110
46784,5,110
46784,6,30
,,
46785,,710
46785,1,270
46785,2,140
46785,3,120
46785,4,80
46785,5,100
46785,6,**
,,
46787,,1790
46787,1,630
46787,2,490
46787,3,290
46787,4,190
46787,5,170
46787,6,20
,,
46788,,1460
46788,1,460
46788,2,290
46788,3,210
46788,4,160
46788,5,270
46788,6,70
,,
46791,,450
46791,1,150
46791,2,90
46791,3,80
46791,4,60
46791,5,70
46791,6,**
,,
46792,,1910
46792,1,720
46792,2,520
46792,3,320
46792,4,190
46792,5,160
46792,6,**
,,
46793,,2050
46793,1,770
46793,2,600
46793,3,300
46793,4,180
46793,5,170
46793,6,30
,,
46794,,600
46794,1,220
46794,2,150
46794,3,130
46794,4,60
46794,5,40
46794,6,**
,,
46795,,2900
46795,1,930
46795,2,720
46795,3,520
46795,4,330
46795,5,330
46795,6,70
,,
46797,,1750
46797,1,590
46797,2,440
46797,3,300
46797,4,200
46797,5,180
46797,6,40
,,
46798,,650
46798,1,220
46798,2,170
46798,3,110
46798,4,70
46798,5,80
46798,6,**
,,
46802,,4220
46802,1,2330
46802,2,1180
46802,3,360
46802,4,150
46802,5,140
46802,6,60
,,
46803,,3670
46803,1,2420
46803,2,940
46803,3,220
46803,4,50
46803,5,40
46803,6,**
,,
46804,,14210
46804,1,4410
46804,2,3040
46804,3,2150
46804,4,1700
46804,5,2230
46804,6,680
,,
46805,,9910
46805,1,4550
46805,2,3100
46805,3,1210
46805,4,530
46805,5,430
46805,6,90
,,
46806,,9960
46806,1,5960
46806,2,2990
46806,3,680
46806,4,220
46806,5,110
46806,6,**
,,
46807,,7480
46807,1,3440
46807,2,2170
46807,3,960
46807,4,450
46807,5,380
46807,6,80
,,
46808,,9180
46808,1,4260
46808,2,2880
46808,3,1170
46808,4,520
46808,5,320
46808,6,30
,,
46809,,4460
46809,1,2020
46809,2,1340
46809,3,590
46809,4,300
46809,5,210
46809,6,**
,,
46814,,6740
46814,1,1800
46814,2,780
46814,3,590
46814,4,680
46814,5,1640
46814,6,1250
,,
46815,,13170
46815,1,4990
46815,2,3490
46815,3,2070
46815,4,1290
46815,5,1200
46815,6,130
,,
46816,,7870
46816,1,3950
46816,2,2380
46816,3,790
46816,4,400
46816,5,320
46816,6,30
,,
46818,,9690
46818,1,3340
46818,2,2350
46818,3,1570
46818,4,1110
46818,5,1180
46818,6,140
,,
46819,,4520
46819,1,1790
46819,2,1310
46819,3,700
46819,4,400
46819,5,290
46819,6,30
,,
46825,,14330
46825,1,5280
46825,2,4080
46825,3,2150
46825,4,1270
46825,5,1260
46825,6,290
,,
46835,,17780
46835,1,6150
46835,2,4520
46835,3,2880
46835,4,1810
46835,5,1980
46835,6,440
,,
46845,,12010
46845,1,3340
46845,2,1610
46845,3,1550
46845,4,1590
46845,5,2890
46845,6,1030
,,
46901,,17370
46901,1,7800
46901,2,4050
46901,3,2320
46901,4,1390
46901,5,1590
46901,6,220
,,
46902,,17440
46902,1,6770
46902,2,4160
46902,3,2580
46902,4,1670
46902,5,2010
46902,6,250
,,
46910,,1510
46910,1,540
46910,2,440
46910,3,240
46910,4,140
46910,5,150
46910,6,**
,,
46911,,640
46911,1,230
46911,2,140
46911,3,110
46911,4,80
46911,5,80
46911,6,**
,,
46913,,620
46913,1,190
46913,2,140
46913,3,120
46913,4,80
46913,5,90
46913,6,**
,,
46914,,920
46914,1,370
46914,2,200
46914,3,150
46914,4,90
46914,5,110
46914,6,**
,,
46915,,330
46915,1,110
46915,2,90
46915,3,60
46915,4,30
46915,5,40
46915,6,**
,,
46917,,830
46917,1,330
46917,2,190
46917,3,120
46917,4,90
46917,5,100
46917,6,**
,,
46919,,1040
46919,1,390
46919,2,240
46919,3,150
46919,4,130
46919,5,130
46919,6,**
,,
46920,,460
46920,1,140
46920,2,100
46920,3,90
46920,4,50
46920,5,80
46920,6,**
,,
46923,,3760
46923,1,1450
46923,2,910
46923,3,580
46923,4,390
46923,5,370
46923,6,60
,,
46926,,790
46926,1,290
46926,2,210
46926,3,130
46926,4,90
46926,5,70
46926,6,**
,,
46928,,2150
46928,1,880
46928,2,550
46928,3,300
46928,4,190
46928,5,200
46928,6,30
,,
46929,,1480
46929,1,510
46929,2,400
46929,3,240
46929,4,150
46929,5,150
46929,6,30
,,
46932,,1660
46932,1,600
46932,2,380
46932,3,240
46932,4,210
46932,5,210
46932,6,20
,,
46933,,3130
46933,1,1420
46933,2,850
46933,3,410
46933,4,240
46933,5,210
46933,6,**
,,
46936,,2750
46936,1,890
46936,2,600
46936,3,400
46936,4,330
46936,5,480
46936,6,50
,,
46938,,1380
46938,1,590
46938,2,350
46938,3,210
46938,4,120
46938,5,110
46938,6,**
,,
46939,,880
46939,1,350
46939,2,230
46939,3,130
46939,4,80
46939,5,90
46939,6,**
,,
46940,,1120
46940,1,390
46940,2,290
46940,3,160
46940,4,130
46940,5,150
46940,6,**
,,
46941,,540
46941,1,210
46941,2,120
46941,3,70
46941,4,70
46941,5,70
46941,6,**
,,
46943,,120
46943,1,70
46943,2,30
46943,3,20
46943,4,**
46943,5,**
46943,6,0
,,
46947,,12800
46947,1,5310
46947,2,3920
46947,3,1710
46947,4,950
46947,5,760
46947,6,150
,,
46950,,330
46950,1,130
46950,2,70
46950,3,60
46950,4,40
46950,5,30
46950,6,**
,,
46951,,940
46951,1,350
46951,2,260
46951,3,160
46951,4,90
46951,5,80
46951,6,**
,,
46952,,8990
46952,1,3880
46952,2,2240
46952,3,1140
46952,4,740
46952,5,810
46952,6,180
,,
46953,,8740
46953,1,4420
46953,2,2350
46953,3,1020
46953,4,480
46953,5,430
46953,6,40
,,
46960,,530
46960,1,210
46960,2,150
46960,3,80
46960,4,50
46960,5,40
46960,6,**
,,
46962,,4040
46962,1,1660
46962,2,950
46962,3,630
46962,4,390
46962,5,340
46962,6,70
,,
46970,,10570
46970,1,4480
46970,2,2710
46970,3,1540
46970,4,910
46970,5,820
46970,6,110
,,
46974,,800
46974,1,320
46974,2,180
46974,3,140
46974,4,80
46974,5,80
46974,6,**
,,
46975,,6360
46975,1,2600
46975,2,1610
46975,3,900
46975,4,580
46975,5,560
46975,6,110
,,
46978,,980
46978,1,370
46978,2,230
46978,3,160
46978,4,120
46978,5,100
46978,6,**
,,
46979,,2340
46979,1,730
46979,2,460
46979,3,370
46979,4,300
46979,5,420
46979,6,60
,,
46982,,1200
46982,1,460
46982,2,310
46982,3,210
46982,4,110
46982,5,110
46982,6,**
,,
46985,,610
46985,1,210
46985,2,170
46985,3,110
46985,4,50
46985,5,70
46985,6,**
,,
46986,,860
46986,1,280
46986,2,220
46986,3,150
46986,4,100
46986,5,110
46986,6,**
,,
46988,,380
46988,1,140
46988,2,120
46988,3,60
46988,4,30
46988,5,30
46988,6,**
,,
46989,,1620
46989,1,590
46989,2,360
46989,3,250
46989,4,200
46989,5,220
46989,6,**
,,
46990,,370
46990,1,130
46990,2,90
46990,3,60
46990,4,40
46990,5,50
46990,6,**
,,
46991,,790
46991,1,320
46991,2,210
46991,3,120
46991,4,80
46991,5,60
46991,6,**
,,
46992,,7740
46992,1,3240
46992,2,1920
46992,3,1180
46992,4,700
46992,5,580
46992,6,120
,,
46994,,1290
46994,1,450
46994,2,310
46994,3,210
46994,4,140
46994,5,160
46994,6,20
,,
46996,,3160
46996,1,1290
46996,2,840
46996,3,430
46996,4,280
46996,5,260
46996,6,60
,,
47001,,5120
47001,1,2010
47001,2,1260
47001,3,740
47001,4,500
47001,5,530
47001,6,80
,,
47003,,420
47003,1,180
47003,2,130
47003,3,50
47003,4,30
47003,5,30
47003,6,**
,,
47006,,5900
47006,1,2070
47006,2,1200
47006,3,830
47006,4,660
47006,5,890
47006,6,250
,,
47010,,120
47010,1,40
47010,2,30
47010,3,20
47010,4,30
47010,5,**
47010,6,**
,,
47011,,400
47011,1,160
47011,2,100
47011,3,70
47011,4,40
47011,5,30
47011,6,**
,,
47012,,4690
47012,1,1750
47012,2,1080
47012,3,730
47012,4,520
47012,5,520
47012,6,90
,,
47016,,440
47016,1,140
47016,2,100
47016,3,80
47016,4,50
47016,5,70
47016,6,**
,,
47017,,280
47017,1,120
47017,2,60
47017,3,30
47017,4,30
47017,5,40
47017,6,**
,,
47018,,2040
47018,1,790
47018,2,480
47018,3,320
47018,4,230
47018,5,190
47018,6,30
,,
47020,,440
47020,1,180
47020,2,130
47020,3,70
47020,4,30
47020,5,30
47020,6,**
,,
47022,,1550
47022,1,490
47022,2,270
47022,3,240
47022,4,180
47022,5,310
47022,6,60
,,
47023,,740
47023,1,290
47023,2,210
47023,3,120
47023,4,60
47023,5,60
47023,6,**
,,
47024,,1230
47024,1,520
47024,2,340
47024,3,180
47024,4,110
47024,5,80
47024,6,**
,,
47025,,11080
47025,1,3710
47025,2,2400
47025,3,1690
47025,4,1240
47025,5,1720
47025,6,320
,,
47030,,680
47030,1,280
47030,2,190
47030,3,110
47030,4,50
47030,5,50
47030,6,**
,,
47031,,2450
47031,1,980
47031,2,600
47031,3,390
47031,4,250
47031,5,210
47031,6,20
,,
47032,,1720
47032,1,610
47032,2,460
47032,3,280
47032,4,180
47032,5,160
47032,6,30
,,
47036,,540
47036,1,180
47036,2,120
47036,3,80
47036,4,50
47036,5,90
47036,6,20
,,
47037,,1930
47037,1,720
47037,2,510
47037,3,310
47037,4,210
47037,5,180
47037,6,**
,,
47038,,490
47038,1,210
47038,2,130
47038,3,60
47038,4,40
47038,5,50
47038,6,**
,,
47040,,2380
47040,1,890
47040,2,610
47040,3,380
47040,4,250
47040,5,220
47040,6,30
,,
47041,,2930
47041,1,1090
47041,2,680
47041,3,440
47041,4,330
47041,5,350
47041,6,40
,,
47042,,1950
47042,1,800
47042,2,500
47042,3,270
47042,4,200
47042,5,180
47042,6,**
,,
47043,,2240
47043,1,950
47043,2,600
47043,3,310
47043,4,200
47043,5,180
47043,6,**
,,
47060,,3290
47060,1,1030
47060,2,680
47060,3,500
47060,4,440
47060,5,560
47060,6,80
,,
47102,,2750
47102,1,1230
47102,2,750
47102,3,410
47102,4,200
47102,5,160
47102,6,**
,,
47106,,2240
47106,1,760
47106,2,490
47106,3,330
47106,4,260
47106,5,340
47106,6,60
,,
47108,,960
47108,1,370
47108,2,310
47108,3,150
47108,4,80
47108,5,50
47108,6,**
,,
47110,,210
47110,1,90
47110,2,60
47110,3,30
47110,4,30
47110,5,**
47110,6,0
,,
47111,,7330
47111,1,2470
47111,2,1740
47111,3,1100
47111,4,770
47111,5,1110
47111,6,140
,,
47112,,7810
47112,1,2790
47112,2,1960
47112,3,1170
47112,4,850
47112,5,890
47112,6,150
,,
47114,,190
47114,1,70
47114,2,50
47114,3,20
47114,4,20
47114,5,30
47114,6,**
,,
47115,,1090
47115,1,390
47115,2,280
47115,3,170
47115,4,120
47115,5,130
47115,6,**
,,
47116,,310
47116,1,130
47116,2,110
47116,3,40
47116,4,30
47116,5,**
47116,6,**
,,
47117,,1980
47117,1,610
47117,2,530
47117,3,320
47117,4,260
47117,5,230
47117,6,30
,,
47118,,1410
47118,1,620
47118,2,420
47118,3,180
47118,4,110
47118,5,80
47118,6,**
,,
47119,,5860
47119,1,1630
47119,2,980
47119,3,710
47119,4,680
47119,5,1260
47119,6,600
,,
47120,,390
47120,1,150
47120,2,120
47120,3,50
47120,4,40
47120,5,30
47120,6,**
,,
47122,,5140
47122,1,1510
47122,2,1040
47122,3,760
47122,4,630
47122,5,990
47122,6,210
,,
47124,,2260
47124,1,660
47124,2,430
47124,3,330
47124,4,290
47124,5,460
47124,6,90
,,
47125,,700
47125,1,290
47125,2,180
47125,3,120
47125,4,60
47125,5,50
47125,6,**
,,
47126,,2050
47126,1,680
47126,2,490
47126,3,320
47126,4,240
47126,5,270
47126,6,50
,,
47129,,9430
47129,1,4110
47129,2,3040
47129,3,1170
47129,4,600
47129,5,450
47129,6,60
,,
47130,,22970
47130,1,8310
47130,2,6810
47130,3,3370
47130,4,2090
47130,5,2050
47130,6,340
,,
47135,,590
47135,1,210
47135,2,150
47135,3,110
47135,4,60
47135,5,60
47135,6,**
,,
47136,,2210
47136,1,660
47136,2,400
47136,3,350
47136,4,280
47136,5,430
47136,6,90
,,
47137,,590
47137,1,240
47137,2,150
47137,3,100
47137,4,60
47137,5,40
47137,6,**
,,
47138,,1980
47138,1,790
47138,2,500
47138,3,290
47138,4,210
47138,5,190
47138,6,**
,,
47140,,1170
47140,1,530
47140,2,320
47140,3,140
47140,4,100
47140,5,80
47140,6,**
,,
47141,,730
47141,1,260
47141,2,180
47141,3,110
47141,4,90
47141,5,90
47141,6,**
,,
47142,,370
47142,1,150
47142,2,90
47142,3,60
47142,4,40
47142,5,30
47142,6,**
,,
47143,,1710
47143,1,480
47143,2,390
47143,3,300
47143,4,250
47143,5,270
47143,6,20
,,
47145,,900
47145,1,370
47145,2,240
47145,3,140
47145,4,80
47145,5,70
47145,6,**
,,
47147,,430
47147,1,140
47147,2,120
47147,3,70
47147,4,50
47147,5,50
47147,6,**
,,
47150,,23180
47150,1,9160
47150,2,6370
47150,3,3160
47150,4,1900
47150,5,2170
47150,6,420
,,
47161,,1680
47161,1,560
47161,2,430
47161,3,280
47161,4,200
47161,5,190
47161,6,20
,,
47162,,440
47162,1,150
47162,2,130
47162,3,70
47162,4,50
47162,5,40
47162,6,**
,,
47163,,710
47163,1,240
47163,2,190
47163,3,120
47163,4,80
47163,5,80
47163,6,**
,,
47164,,1610
47164,1,610
47164,2,420
47164,3,260
47164,4,140
47164,5,160
47164,6,20
,,
47165,,2590
47165,1,930
47165,2,750
47165,3,420
47165,4,240
47165,5,220
47165,6,30
,,
47166,,640
47166,1,220
47166,2,170
47166,3,110
47166,4,70
47166,5,70
47166,6,**
,,
47167,,6900
47167,1,2860
47167,2,1950
47167,3,980
47167,4,550
47167,5,490
47167,6,70
,,
47170,,6440
47170,1,2640
47170,2,1730
47170,3,940
47170,4,560
47170,5,490
47170,6,80
,,
47172,,8960
47172,1,2680
47172,2,2090
47172,3,1350
47172,4,980
47172,5,1520
47172,6,340
,,
47175,,370
47175,1,130
47175,2,110
47175,3,70
47175,4,30
47175,5,30
47175,6,**
,,
47177,,620
47177,1,220
47177,2,150
47177,3,100
47177,4,80
47177,5,70
47177,6,**
,,
47201,,21330
47201,1,7540
47201,2,5090
47201,3,3240
47201,4,2080
47201,5,2570
47201,6,810
,,
47203,,13150
47203,1,4300
47203,2,3020
47203,3,1950
47203,4,1460
47203,5,1990
47203,6,430
,,
47220,,2460
47220,1,890
47220,2,600
47220,3,380
47220,4,260
47220,5,270
47220,6,60
,,
47223,,670
47223,1,280
47223,2,190
47223,3,100
47223,4,60
47223,5,40
47223,6,**
,,
47224,,200
47224,1,90
47224,2,40
47224,3,30
47224,4,40
47224,5,**
47224,6,0
,,
47227,,730
47227,1,280
47227,2,210
47227,3,130
47227,4,60
47227,5,50
47227,6,**
,,
47229,,1450
47229,1,560
47229,2,370
47229,3,260
47229,4,150
47229,5,110
47229,6,**
,,
47230,,860
47230,1,310
47230,2,250
47230,3,140
47230,4,90
47230,5,70
47230,6,**
,,
47231,,510
47231,1,230
47231,2,130
47231,3,70
47231,4,40
47231,5,40
47231,6,**
,,
47232,,1200
47232,1,410
47232,2,310
47232,3,190
47232,4,120
47232,5,170
47232,6,**
,,
47234,,680
47234,1,240
47234,2,160
47234,3,100
47234,4,80
47234,5,100
47234,6,**
,,
47235,,840
47235,1,320
47235,2,210
47235,3,130
47235,4,90
47235,5,90
47235,6,**
,,
47240,,10330
47240,1,3750
47240,2,2730
47240,3,1670
47240,4,970
47240,5,1020
47240,6,190
,,
47243,,2340
47243,1,930
47243,2,590
47243,3,390
47243,4,200
47243,5,210
47243,6,20
,,
47244,,350
47244,1,120
47244,2,100
47244,3,50
47244,4,30
47244,5,50
47244,6,**
,,
47246,,1920
47246,1,680
47246,2,480
47246,3,320
47246,4,200
47246,5,210
47246,6,30
,,
47250,,10110
47250,1,4020
47250,2,2550
47250,3,1420
47250,4,930
47250,5,980
47250,6,210
,,
47260,,810
47260,1,360
47260,2,220
47260,3,100
47260,4,70
47260,5,60
47260,6,**
,,
47264,,610
47264,1,230
47264,2,170
47264,3,100
47264,4,70
47264,5,40
47264,6,**
,,
47265,,9270
47265,1,3970
47265,2,2660
47265,3,1250
47265,4,740
47265,5,570
47265,6,80
,,
47270,,330
47270,1,130
47270,2,100
47270,3,50
47270,4,30
47270,5,20
47270,6,**
,,
47272,,910
47272,1,360
47272,2,240
47272,3,130
47272,4,100
47272,5,80
47272,6,**
,,
47273,,910
47273,1,310
47273,2,230
47273,3,180
47273,4,100
47273,5,90
47273,6,**
,,
47274,,15150
47274,1,5290
47274,2,4410
47274,3,2330
47274,4,1320
47274,5,1500
47274,6,300
,,
47281,,710
47281,1,240
47281,2,180
47281,3,120
47281,4,90
47281,5,80
47281,6,**
,,
47283,,1660
47283,1,650
47283,2,450
47283,3,260
47283,4,160
47283,5,140
47283,6,**
,,
47302,,11500
47302,1,6140
47302,2,2960
47302,3,1260
47302,4,620
47302,5,470
47302,6,50
,,
47303,,9430
47303,1,4880
47303,2,2340
47303,3,1050
47303,4,580
47303,5,500
47303,6,80
,,
47304,,13780
47304,1,5130
47304,2,3140
47304,3,2060
47304,4,1340
47304,5,1680
47304,6,430
,,
47305,,1370
47305,1,830
47305,2,360
47305,3,100
47305,4,40
47305,5,40
47305,6,**
,,
47320,,1900
47320,1,730
47320,2,460
47320,3,290
47320,4,210
47320,5,170
47320,6,40
,,
47325,,310
47325,1,140
47325,2,80
47325,3,40
47325,4,30
47325,5,20
47325,6,**
,,
47326,,790
47326,1,310
47326,2,240
47326,3,110
47326,4,70
47326,5,60
47326,6,**
,,
47327,,1960
47327,1,850
47327,2,500
47327,3,280
47327,4,160
47327,5,150
47327,6,20
,,
47330,,2460
47330,1,930
47330,2,610
47330,3,380
47330,4,240
47330,5,250
47330,6,50
,,
47331,,9690
47331,1,4170
47331,2,2580
47331,3,1440
47331,4,770
47331,5,630
47331,6,100
,,
47334,,1530
47334,1,580
47334,2,360
47334,3,230
47334,4,170
47334,5,150
47334,6,40
,,
47336,,1600
47336,1,720
47336,2,450
47336,3,210
47336,4,130
47336,5,90
47336,6,**
,,
47338,,1230
47338,1,490
47338,2,320
47338,3,210
47338,4,100
47338,5,110
47338,6,**
,,
47339,,310
47339,1,110
47339,2,80
47339,3,50
47339,4,30
47339,5,40
47339,6,**
,,
47340,,1320
47340,1,520
47340,2,320
47340,3,220
47340,4,120
47340,5,140
47340,6,**
,,
47341,,950
47341,1,340
47341,2,270
47341,3,150
47341,4,90
47341,5,100
47341,6,**
,,
47342,,1270
47342,1,490
47342,2,360
47342,3,180
47342,4,110
47342,5,110
47342,6,20
,,
47345,,630
47345,1,240
47345,2,170
47345,3,90
47345,4,60
47345,5,70
47345,6,**
,,
47346,,1890
47346,1,700
47346,2,510
47346,3,300
47346,4,190
47346,5,160
47346,6,30
,,
47348,,4400
47348,1,1910
47348,2,1140
47348,3,600
47348,4,390
47348,5,320
47348,6,40
,,
47352,,450
47352,1,170
47352,2,110
47352,3,70
47352,4,50
47352,5,50
47352,6,**
,,
47353,,2650
47353,1,1080
47353,2,650
47353,3,420
47353,4,250
47353,5,220
47353,6,30
,,
47354,,500
47354,1,190
47354,2,120
47354,3,100
47354,4,40
47354,5,50
47354,6,**
,,
47355,,1240
47355,1,510
47355,2,320
47355,3,210
47355,4,90
47355,5,110
47355,6,**
,,
47356,,2770
47356,1,1030
47356,2,700
47356,3,420
47356,4,290
47356,5,300
47356,6,30
,,
47357,,580
47357,1,220
47357,2,150
47357,3,90
47357,4,60
47357,5,60
47357,6,**
,,
47358,,440
47358,1,190
47358,2,110
47358,3,60
47358,4,40
47358,5,40
47358,6,**
,,
47359,,1370
47359,1,590
47359,2,370
47359,3,210
47359,4,110
47359,5,90
47359,6,**
,,
47360,,670
47360,1,260
47360,2,160
47360,3,90
47360,4,70
47360,5,90
47360,6,**
,,
47362,,12070
47362,1,5250
47362,2,3280
47362,3,1600
47362,4,940
47362,5,860
47362,6,140
,,
47368,,1250
47368,1,490
47368,2,340
47368,3,210
47368,4,110
47368,5,100
47368,6,**
,,
47369,,570
47369,1,250
47369,2,180
47369,3,70
47369,4,40
47369,5,30
47369,6,**
,,
47371,,5510
47371,1,2360
47371,2,1600
47371,3,740
47371,4,420
47371,5,320
47371,6,70
,,
47373,,970
47373,1,440
47373,2,270
47373,3,150
47373,4,50
47373,5,60
47373,6,**
,,
47374,,19690
47374,1,9210
47374,2,5030
47374,3,2460
47374,4,1420
47374,5,1230
47374,6,340
,,
47380,,890
47380,1,370
47380,2,250
47380,3,130
47380,4,80
47380,5,60
47380,6,**
,,
47383,,1330
47383,1,470
47383,2,290
47383,3,200
47383,4,160
47383,5,180
47383,6,30
,,
47384,,970
47384,1,330
47384,2,280
47384,3,170
47384,4,90
47384,5,100
47384,6,**
,,
47385,,740
47385,1,260
47385,2,170
47385,3,130
47385,4,90
47385,5,90
47385,6,**
,,
47386,,570
47386,1,220
47386,2,130
47386,3,80
47386,4,70
47386,5,70
47386,6,**
,,
47387,,350
47387,1,150
47387,2,90
47387,3,50
47387,4,30
47387,5,30
47387,6,**
,,
47390,,2240
47390,1,1010
47390,2,640
47390,3,280
47390,4,160
47390,5,130
47390,6,20
,,
47393,,670
47393,1,240
47393,2,180
47393,3,110
47393,4,70
47393,5,70
47393,6,**
,,
47394,,3750
47394,1,1620
47394,2,930
47394,3,560
47394,4,310
47394,5,280
47394,6,50
,,
47396,,3520
47396,1,1220
47396,2,780
47396,3,500
47396,4,330
47396,5,500
47396,6,190
,,
47401,,17580
47401,1,6430
47401,2,3360
47401,3,2030
47401,4,1550
47401,5,2910
47401,6,1300
,,
47403,,15120
47403,1,5960
47403,2,4140
47403,3,2170
47403,4,1310
47403,5,1360
47403,6,180
,,
47404,,9380
47404,1,3990
47404,2,2300
47404,3,1140
47404,4,800
47404,5,990
47404,6,160
,,
47406,,210
47406,1,190
47406,2,20
47406,3,**
47406,4,**
47406,5,0
47406,6,0
,,
47408,,7720
47408,1,3510
47408,2,1540
47408,3,820
47408,4,610
47408,5,900
47408,6,340
,,
47421,,12640
47421,1,4950
47421,2,3260
47421,3,1900
47421,4,1210
47421,5,1140
47421,6,180
,,
47424,,4100
47424,1,1500
47424,2,950
47424,3,650
47424,4,450
47424,5,490
47424,6,60
,,
47427,,430
47427,1,180
47427,2,120
47427,3,60
47427,4,40
47427,5,30
47427,6,**
,,
47429,,3650
47429,1,1250
47429,2,950
47429,3,600
47429,4,370
47429,5,430
47429,6,50
,,
47431,,610
47431,1,270
47431,2,140
47431,3,90
47431,4,60
47431,5,50
47431,6,**
,,
47432,,2180
47432,1,950
47432,2,620
47432,3,290
47432,4,170
47432,5,130
47432,6,20
,,
47433,,1820
47433,1,700
47433,2,440
47433,3,310
47433,4,170
47433,5,170
47433,6,30
,,
47436,,690
47436,1,250
47436,2,200
47436,3,100
47436,4,70
47436,5,70
47436,6,**
,,
47438,,1870
47438,1,810
47438,2,430
47438,3,290
47438,4,190
47438,5,150
47438,6,**
,,
47441,,4000
47441,1,1660
47441,2,960
47441,3,560
47441,4,410
47441,5,370
47441,6,40
,,
47443,,510
47443,1,220
47443,2,140
47443,3,70
47443,4,40
47443,5,40
47443,6,**
,,
47446,,4240
47446,1,1780
47446,2,1110
47446,3,590
47446,4,370
47446,5,360
47446,6,30
,,
47448,,3900
47448,1,1530
47448,2,890
47448,3,560
47448,4,360
47448,5,460
47448,6,100
,,
47449,,230
47449,1,80
47449,2,50
47449,3,50
47449,4,30
47449,5,20
47449,6,**
,,
47451,,590
47451,1,240
47451,2,150
47451,3,110
47451,4,50
47451,5,40
47451,6,**
,,
47452,,2140
47452,1,920
47452,2,540
47452,3,320
47452,4,190
47452,5,170
47452,6,**
,,
47453,,180
47453,1,60
47453,2,50
47453,3,30
47453,4,40
47453,5,**
47453,6,**
,,
47454,,3210
47454,1,1430
47454,2,870
47454,3,440
47454,4,240
47454,5,190
47454,6,40
,,
47456,,570
47456,1,200
47456,2,150
47456,3,100
47456,4,60
47456,5,60
47456,6,**
,,
47459,,1610
47459,1,580
47459,2,410
47459,3,260
47459,4,170
47459,5,190
47459,6,**
,,
47460,,5320
47460,1,2080
47460,2,1400
47460,3,850
47460,4,500
47460,5,430
47460,6,60
,,
47462,,2180
47462,1,750
47462,2,530
47462,3,370
47462,4,230
47462,5,270
47462,6,30
,,
47465,,330
47465,1,140
47465,2,70
47465,3,50
47465,4,30
47465,5,40
47465,6,**
,,
47468,,640
47468,1,210
47468,2,160
47468,3,90
47468,4,70
47468,5,80
47468,6,30
,,
47469,,860
47469,1,360
47469,2,270
47469,3,100
47469,4,70
47469,5,60
47469,6,**
,,
47470,,700
47470,1,260
47470,2,190
47470,3,110
47470,4,70
47470,5,70
47470,6,**
,,
47471,,1190
47471,1,490
47471,2,290
47471,3,180
47471,4,130
47471,5,100
47471,6,**
,,
47501,,8200
47501,1,3460
47501,2,2160
47501,3,1020
47501,4,730
47501,5,710
47501,6,120
,,
47512,,1540
47512,1,690
47512,2,400
47512,3,200
47512,4,130
47512,5,120
47512,6,**
,,
47513,,940
47513,1,330
47513,2,280
47513,3,170
47513,4,90
47513,5,70
47513,6,**
,,
47514,,160
47514,1,50
47514,2,40
47514,3,40
47514,4,30
47514,5,**
47514,6,0
,,
47515,,380
47515,1,130
47515,2,110
47515,3,60
47515,4,50
47515,5,30
47515,6,**
,,
47516,,610
47516,1,220
47516,2,120
47516,3,110
47516,4,70
47516,5,90
47516,6,**
,,
47519,,270
47519,1,90
47519,2,70
47519,3,30
47519,4,40
47519,5,40
47519,6,**
,,
47520,,1360
47520,1,550
47520,2,330
47520,3,230
47520,4,130
47520,5,120
47520,6,**
,,
47521,,500
47521,1,160
47521,2,120
47521,3,80
47521,4,60
47521,5,80
47521,6,**
,,
47522,,110
47522,1,40
47522,2,30
47522,3,20
47522,4,20
47522,5,**
47522,6,0
,,
47523,,1640
47523,1,600
47523,2,460
47523,3,260
47523,4,170
47523,5,150
47523,6,**
,,
47524,,210
47524,1,70
47524,2,70
47524,3,50
47524,4,**
47524,5,20
47524,6,**
,,
47525,,160
47525,1,40
47525,2,40
47525,3,40
47525,4,20
47525,5,20
47525,6,**
,,
47527,,980
47527,1,330
47527,2,250
47527,3,170
47527,4,120
47527,5,110
47527,6,**
,,
47528,,330
47528,1,120
47528,2,80
47528,3,60
47528,4,30
47528,5,40
47528,6,**
,,
47529,,440
47529,1,170
47529,2,110
47529,3,80
47529,4,40
47529,5,40
47529,6,**
,,
47531,,440
47531,1,130
47531,2,100
47531,3,90
47531,4,60
47531,5,60
47531,6,**
,,
47532,,2370
47532,1,840
47532,2,570
47532,3,350
47532,4,290
47532,5,250
47532,6,70
,,
47537,,400
47537,1,150
47537,2,100
47537,3,60
47537,4,50
47537,5,40
47537,6,**
,,
47541,,640
47541,1,190
47541,2,170
47541,3,100
47541,4,80
47541,5,100
47541,6,**
,,
47542,,4840
47542,1,1710
47542,2,1390
47542,3,680
47542,4,480
47542,5,490
47542,6,90
,,
47546,,11120
47546,1,3800
47546,2,2870
47546,3,1550
47546,4,1140
47546,5,1280
47546,6,480
,,
47550,,380
47550,1,140
47550,2,70
47550,3,60
47550,4,50
47550,5,60
47550,6,**
,,
47551,,270
47551,1,80
47551,2,50
47551,3,50
47551,4,50
47551,5,40
47551,6,**
,,
47553,,3930
47553,1,1360
47553,2,1070
47553,3,630
47553,4,400
47553,5,420
47553,6,50
,,
47557,,650
47557,1,230
47557,2,150
47557,3,90
47557,4,90
47557,5,90
47557,6,**
,,
47558,,1960
47558,1,660
47558,2,590
47558,3,320
47558,4,180
47558,5,160
47558,6,50
,,
47561,,650
47561,1,220
47561,2,170
47561,3,100
47561,4,70
47561,5,90
47561,6,**
,,
47562,,2000
47562,1,700
47562,2,550
47562,3,310
47562,4,200
47562,5,200
47562,6,40
,,
47564,,640
47564,1,220
47564,2,170
47564,3,90
47564,4,70
47564,5,90
47564,6,**
,,
47567,,2620
47567,1,990
47567,2,630
47567,3,390
47567,4,280
47567,5,310
47567,6,20
,,
47568,,370
47568,1,130
47568,2,110
47568,3,60
47568,4,40
47568,5,30
47568,6,**
,,
47575,,560
47575,1,180
47575,2,140
47575,3,90
47575,4,80
47575,5,70
47575,6,**
,,
47576,,180
47576,1,70
47576,2,50
47576,3,30
47576,4,30
47576,5,**
47576,6,0
,,
47577,,500
47577,1,190
47577,2,130
47577,3,80
47577,4,50
47577,5,50
47577,6,**
,,
47578,,330
47578,1,120
47578,2,70
47578,3,70
47578,4,40
47578,5,30
47578,6,**
,,
47579,,1370
47579,1,430
47579,2,240
47579,3,210
47579,4,180
47579,5,250
47579,6,60
,,
47580,,160
47580,1,50
47580,2,40
47580,3,30
47580,4,40
47580,5,**
47580,6,**
,,
47581,,1560
47581,1,600
47581,2,420
47581,3,260
47581,4,150
47581,5,130
47581,6,**
,,
47585,,200
47585,1,60
47585,2,60
47585,3,40
47585,4,20
47585,5,20
47585,6,**
,,
47586,,5310
47586,1,2110
47586,2,1320
47586,3,850
47586,4,530
47586,5,430
47586,6,70
,,
47588,,320
47588,1,120
47588,2,80
47588,3,60
47588,4,30
47588,5,30
47588,6,**
,,
47590,,350
47590,1,120
47590,2,90
47590,3,60
47590,4,40
47590,5,40
47590,6,**
,,
47591,,11240
47591,1,4770
47591,2,2690
47591,3,1490
47591,4,980
47591,5,1060
47591,6,250
,,
47597,,470
47597,1,190
47597,2,110
47597,3,70
47597,4,50
47597,5,50
47597,6,**
,,
47598,,1480
47598,1,570
47598,2,360
47598,3,240
47598,4,160
47598,5,150
47598,6,**
,,
47601,,6560
47601,1,2430
47601,2,1560
47601,3,940
47601,4,720
47601,5,760
47601,6,150
,,
47610,,2590
47610,1,990
47610,2,670
47610,3,440
47610,4,240
47610,5,210
47610,6,40
,,
47611,,550
47611,1,200
47611,2,140
47611,3,80
47611,4,70
47611,5,60
47611,6,**
,,
47612,,420
47612,1,160
47612,2,90
47612,3,70
47612,4,40
47612,5,60
47612,6,**
,,
47613,,1250
47613,1,390
47613,2,270
47613,3,180
47613,4,170
47613,5,210
47613,6,30
,,
47615,,730
47615,1,290
47615,2,180
47615,3,120
47615,4,80
47615,5,60
47615,6,**
,,
47616,,130
47616,1,50
47616,2,50
47616,3,**
47616,4,30
47616,5,**
47616,6,**
,,
47619,,770
47619,1,270
47619,2,170
47619,3,110
47619,4,90
47619,5,130
47619,6,**
,,
47620,,6190
47620,1,2070
47620,2,1370
47620,3,840
47620,4,760
47620,5,980
47620,6,170
,,
47630,,17150
47630,1,5240
47630,2,3160
47630,3,2330
47630,4,2080
47630,5,3130
47630,6,1210
,,
47631,,920
47631,1,310
47631,2,200
47631,3,130
47631,4,110
47631,5,140
47631,6,30
,,
47633,,1260
47633,1,410
47633,2,290
47633,3,220
47633,4,150
47633,5,160
47633,6,30
,,
47634,,1030
47634,1,370
47634,2,260
47634,3,150
47634,4,120
47634,5,130
47634,6,**
,,
47635,,2500
47635,1,980
47635,2,570
47635,3,360
47635,4,260
47635,5,300
47635,6,30
,,
47637,,680
47637,1,260
47637,2,150
47637,3,120
47637,4,90
47637,5,60
47637,6,**
,,
47638,,1710
47638,1,480
47638,2,350
47638,3,270
47638,4,250
47638,5,320
47638,6,40
,,
47639,,2270
47639,1,670
47639,2,390
47639,3,320
47639,4,320
47639,5,480
47639,6,90
,,
47640,,470
47640,1,180
47640,2,110
47640,3,70
47640,4,50
47640,5,60
47640,6,**
,,
47648,,2150
47648,1,670
47648,2,500
47648,3,390
47648,4,270
47648,5,290
47648,6,30
,,
47649,,640
47649,1,210
47649,2,180
47649,3,90
47649,4,80
47649,5,80
47649,6,**
,,
47660,,2160
47660,1,820
47660,2,570
47660,3,340
47660,4,210
47660,5,200
47660,6,20
,,
47665,,1690
47665,1,580
47665,2,370
47665,3,290
47665,4,200
47665,5,230
47665,6,20
,,
47666,,730
47666,1,300
47666,2,170
47666,3,120
47666,4,60
47666,5,80
47666,6,**
,,
47670,,5790
47670,1,2400
47670,2,1390
47670,3,830
47670,4,570
47670,5,520
47670,6,80
,,
47708,,320
47708,1,130
47708,2,60
47708,3,30
47708,4,20
47708,5,50
47708,6,30
,,
47710,,8160
47710,1,3940
47710,2,2150
47710,3,1000
47710,4,550
47710,5,420
47710,6,100
,,
47711,,15160
47711,1,5910
47711,2,3820
47711,3,2210
47711,4,1430
47711,5,1530
47711,6,260
,,
47712,,11130
47712,1,4210
47712,2,2720
47712,3,1650
47712,4,1070
47712,5,1260
47712,6,220
,,
47713,,4250
47713,1,2540
47713,2,1120
47713,3,330
47713,4,120
47713,5,110
47713,6,30
,,
47714,,15160
47714,1,7110
47714,2,4380
47714,3,1840
47714,4,930
47714,5,720
47714,6,180
,,
47715,,14220
47715,1,5550
47715,2,3830
47715,3,2000
47715,4,1160
47715,5,1280
47715,6,400
,,
47720,,8230
47720,1,2900
47720,2,1770
47720,3,1170
47720,4,920
47720,5,1180
47720,6,290
,,
47725,,8760
47725,1,2100
47725,2,1470
47725,3,1360
47725,4,1250
47725,5,1930
47725,6,650
,,
47802,,14570
47802,1,6230
47802,2,3400
47802,3,1890
47802,4,1160
47802,5,1450
47802,6,440
,,
47803,,9980
47803,1,3780
47803,2,2390
47803,3,1500
47803,4,910
47803,5,1110
47803,6,290
,,
47804,,4550
47804,1,2430
47804,2,1250
47804,3,470
47804,4,220
47804,5,160
47804,6,20
,,
47805,,6160
47805,1,2260
47805,2,1450
47805,3,1020
47805,4,650
47805,5,690
47805,6,90
,,
47807,,3960
47807,1,2760
47807,2,790
47807,3,240
47807,4,90
47807,5,60
47807,6,20
,,
47832,,430
47832,1,160
47832,2,100
47832,3,90
47832,4,30
47832,5,50
47832,6,**
,,
47833,,490
47833,1,210
47833,2,110
47833,3,90
47833,4,50
47833,5,30
47833,6,**
,,
47834,,8630
47834,1,3410
47834,2,2270
47834,3,1300
47834,4,800
47834,5,750
47834,6,100
,,
47837,,530
47837,1,200
47837,2,150
47837,3,90
47837,4,50
47837,5,40
47837,6,**
,,
47838,,970
47838,1,460
47838,2,200
47838,3,130
47838,4,80
47838,5,100
47838,6,**
,,
47840,,670
47840,1,210
47840,2,170
47840,3,130
47840,4,60
47840,5,100
47840,6,**
,,
47841,,920
47841,1,360
47841,2,230
47841,3,140
47841,4,80
47841,5,110
47841,6,**
,,
47842,,4380
47842,1,1760
47842,2,1170
47842,3,650
47842,4,400
47842,5,360
47842,6,40
,,
47846,,320
47846,1,110
47846,2,70
47846,3,60
47846,4,40
47846,5,40
47846,6,**
,,
47847,,490
47847,1,170
47847,2,130
47847,3,80
47847,4,60
47847,5,50
47847,6,**
,,
47848,,710
47848,1,280
47848,2,190
47848,3,100
47848,4,70
47848,5,70
47848,6,**
,,
47849,,210
47849,1,70
47849,2,60
47849,3,30
47849,4,20
47849,5,30
47849,6,**
,,
47850,,1080
47850,1,410
47850,2,270
47850,3,180
47850,4,120
47850,5,100
47850,6,**
,,
47854,,330
47854,1,110
47854,2,80
47854,3,40
47854,4,60
47854,5,40
47854,6,**
,,
47858,,280
47858,1,90
47858,2,60
47858,3,50
47858,4,40
47858,5,40
47858,6,**
,,
47859,,450
47859,1,190
47859,2,120
47859,3,70
47859,4,40
47859,5,30
47859,6,**
,,
47860,,110
47860,1,60
47860,2,30
47860,3,20
47860,4,**
47860,5,**
47860,6,0
,,
47861,,260
47861,1,100
47861,2,60
47861,3,30
47861,4,30
47861,5,40
47861,6,**
,,
47862,,710
47862,1,300
47862,2,200
47862,3,80
47862,4,70
47862,5,60
47862,6,**
,,
47866,,190
47866,1,70
47866,2,50
47866,3,40
47866,4,30
47866,5,**
47866,6,**
,,
47868,,1140
47868,1,460
47868,2,300
47868,3,180
47868,4,100
47868,5,100
47868,6,**
,,
47872,,3180
47872,1,1320
47872,2,760
47872,3,450
47872,4,300
47872,5,300
47872,6,50
,,
47874,,1520
47874,1,580
47874,2,390
47874,3,270
47874,4,140
47874,5,140
47874,6,**
,,
47879,,1340
47879,1,560
47879,2,360
47879,3,180
47879,4,130
47879,5,110
47879,6,**
,,
47882,,3740
47882,1,1470
47882,2,870
47882,3,540
47882,4,380
47882,5,420
47882,6,60
,,
47885,,4050
47885,1,1690
47885,2,1000
47885,3,570
47885,4,380
47885,5,350
47885,6,60
,,
47901,,1700
47901,1,900
47901,2,470
47901,3,140
47901,4,60
47901,5,90
47901,6,40
,,
47904,,7280
47904,1,3690
47904,2,2250
47904,3,760
47904,4,310
47904,5,230
47904,6,40
,,
47905,,19860
47905,1,7380
47905,2,4960
47905,3,2820
47905,4,1830
47905,5,2240
47905,6,630
,,
47906,,20610
47906,1,7710
47906,2,3800
47906,3,2340
47906,4,1880
47906,5,3490
47906,6,1390
,,
47909,,19830
47909,1,7060
47909,2,5300
47909,3,2970
47909,4,2050
47909,5,2100
47909,6,350
,,
47917,,180
47917,1,70
47917,2,60
47917,3,30
47917,4,20
47917,5,**
47917,6,**
,,
47918,,2780
47918,1,1110
47918,2,690
47918,3,420
47918,4,290
47918,5,230
47918,6,40
,,
47920,,1260
47920,1,400
47920,2,260
47920,3,200
47920,4,150
47920,5,210
47920,6,40
,,
47921,,500
47921,1,190
47921,2,150
47921,3,80
47921,4,40
47921,5,40
47921,6,**
,,
47922,,700
47922,1,270
47922,2,200
47922,3,100
47922,4,60
47922,5,70
47922,6,**
,,
47923,,1770
47923,1,620
47923,2,410
47923,3,310
47923,4,200
47923,5,200
47923,6,30
,,
47926,,490
47926,1,180
47926,2,130
47926,3,70
47926,4,50
47926,5,60
47926,6,**
,,
47928,,840
47928,1,320
47928,2,220
47928,3,130
47928,4,90
47928,5,80
47928,6,**
,,
47929,,410
47929,1,150
47929,2,100
47929,3,60
47929,4,50
47929,5,50
47929,6,**
,,
47930,,530
47930,1,190
47930,2,150
47930,3,80
47930,4,30
47930,5,80
47930,6,**
,,
47932,,2440
47932,1,880
47932,2,580
47932,3,360
47932,4,300
47932,5,280
47932,6,40
,,
47933,,13000
47933,1,5000
47933,2,3530
47933,3,1850
47933,4,1190
47933,5,1240
47933,6,190
,,
47940,,720
47940,1,240
47940,2,180
47940,3,150
47940,4,70
47940,5,80
47940,6,**
,,
47942,,340
47942,1,130
47942,2,100
47942,3,40
47942,4,40
47942,5,30
47942,6,**
,,
47943,,460
47943,1,160
47943,2,120
47943,3,80
47943,4,50
47943,5,50
47943,6,**
,,
47944,,1620
47944,1,650
47944,2,390
47944,3,230
47944,4,150
47944,5,170
47944,6,30
,,
47946,,890
47946,1,310
47946,2,200
47946,3,150
47946,4,100
47946,5,100
47946,6,30
,,
47948,,610
47948,1,230
47948,2,180
47948,3,90
47948,4,60
47948,5,50
47948,6,**
,,
47949,,600
47949,1,240
47949,2,150
47949,3,80
47949,4,60
47949,5,70
47949,6,**
,,
47950,,410
47950,1,190
47950,2,100
47950,3,60
47950,4,40
47950,5,20
47950,6,**
,,
47951,,1020
47951,1,430
47951,2,260
47951,3,150
47951,4,90
47951,5,90
47951,6,**
,,
47952,,1140
47952,1,480
47952,2,310
47952,3,160
47952,4,100
47952,5,90
47952,6,**
,,
47954,,1030
47954,1,380
47954,2,260
47954,3,150
47954,4,110
47954,5,130
47954,6,**
,,
47955,,490
47955,1,180
47955,2,110
47955,3,90
47955,4,60
47955,5,50
47955,6,**
,,
47957,,740
47957,1,320
47957,2,190
47957,3,110
47957,4,70
47957,5,50
47957,6,**
,,
47959,,1270
47959,1,540
47959,2,410
47959,3,160
47959,4,80
47959,5,80
47959,6,**
,,
47960,,7320
47960,1,2960
47960,2,1880
47960,3,1020
47960,4,630
47960,5,670
47960,6,160
,,
47963,,880
47963,1,340
47963,2,230
47963,3,160
47963,4,80
47963,5,70
47963,6,**
,,
47967,,360
47967,1,120
47967,2,90
47967,3,60
47967,4,50
47967,5,40
47967,6,**
,,
47968,,490
47968,1,170
47968,2,130
47968,3,70
47968,4,50
47968,5,70
47968,6,**
,,
47970,,950
47970,1,340
47970,2,250
47970,3,150
47970,4,90
47970,5,120
47970,6,**
,,
47971,,840
47971,1,320
47971,2,230
47971,3,140
47971,4,80
47971,5,70
47971,6,**
,,
47974,,530
47974,1,180
47974,2,150
47974,3,90
47974,4,60
47974,5,50
47974,6,**
,,
47975,,350
47975,1,100
47975,2,90
47975,3,70
47975,4,40
47975,5,50
47975,6,**
,,
47977,,1080
47977,1,390
47977,2,290
47977,3,160
47977,4,110
47977,5,100
47977,6,30
,,
47978,,5110
47978,1,1980
47978,2,1290
47978,3,750
47978,4,480
47978,5,540
47978,6,70
,,
47980,,510
47980,1,180
47980,2,120
47980,3,100
47980,4,50
47980,5,60
47980,6,**
,,
47981,,420
47981,1,150
47981,2,70
47981,3,70
47981,4,50
47981,5,80
47981,6,**
,,
47987,,1710
47987,1,640
47987,2,490
47987,3,280
47987,4,130
47987,5,170
47987,6,**
,,
47989,,540
47989,1,200
47989,2,140
47989,3,80
47989,4,60
47989,5,60
47989,6,**
,,
47990,,780
47990,1,270
47990,2,220
47990,3,140
47990,4,70
47990,5,80
47990,6,**
,,
47991,,470
47991,1,190
47991,2,120
47991,3,80
47991,4,40
47991,5,40
47991,6,**
,,
47992,,680
47992,1,200
47992,2,130
47992,3,110
47992,4,110
47992,5,130
47992,6,**
,,
47993,,1790
47993,1,630
47993,2,470
47993,3,290
47993,4,180
47993,5,190
47993,6,30
,,
47994,,280
47994,1,90
47994,2,80
47994,3,40
47994,4,40
47994,5,30
47994,6,**
,,
47995,,820
47995,1,330
47995,2,200
47995,3,120
47995,4,80
47995,5,90
47995,6,**
