50001,,310
50001,1,80
50001,2,70
50001,3,40
50001,4,50
50001,5,70
50001,6,**
,,
50002,,580
50002,1,160
50002,2,160
50002,3,120
50002,4,70
50002,5,70
50002,6,**
,,
50003,,3730
50003,1,960
50003,2,680
50003,3,500
50003,4,450
50003,5,840
50003,6,300
,,
50005,,330
50005,1,130
50005,2,80
50005,3,50
50005,4,40
50005,5,30
50005,6,**
,,
50006,,700
50006,1,220
50006,2,190
50006,3,120
50006,4,80
50006,5,90
50006,6,**
,,
50007,,240
50007,1,60
50007,2,40
50007,3,30
50007,4,40
50007,5,70
50007,6,**
,,
50008,,340
50008,1,120
50008,2,120
50008,3,60
50008,4,40
50008,5,**
50008,6,**
,,
50009,,9400
50009,1,2580
50009,2,2140
50009,3,1490
50009,4,1140
50009,5,1780
50009,6,270
,,
50010,,13440
50010,1,4370
50010,2,3070
50010,3,1810
50010,4,1400
50010,5,2200
50010,6,590
,,
50014,,9960
50014,1,3990
50014,2,1860
50014,3,1000
50014,4,780
50014,5,1680
50014,6,650
,,
50020,,650
50020,1,200
50020,2,190
50020,3,110
50020,4,80
50020,5,70
50020,6,**
,,
50021,,13170
50021,1,3290
50021,2,2780
50021,3,1980
50021,4,1510
50021,5,2810
50021,6,800
,,
50022,,3790
50022,1,1320
50022,2,1040
50022,3,580
50022,4,380
50022,5,380
50022,6,90
,,
50023,,17150
50023,1,4050
50023,2,3220
50023,3,2520
50023,4,2190
50023,5,4260
50023,6,910
,,
50025,,1410
50025,1,480
50025,2,360
50025,3,240
50025,4,140
50025,5,150
50025,6,40
,,
50026,,230
50026,1,80
50026,2,60
50026,3,50
50026,4,40
50026,5,**
50026,6,0
,,
50027,,130
50027,1,50
50027,2,50
50027,3,30
50027,4,**
50027,5,**
50027,6,**
,,
50028,,740
50028,1,220
50028,2,170
50028,3,130
50028,4,110
50028,5,110
50028,6,**
,,
50029,,280
50029,1,110
50029,2,80
50029,3,50
50029,4,40
50029,5,**
50029,6,**
,,
50034,,190
50034,1,60
50034,2,40
50034,3,40
50034,4,30
50034,5,20
50034,6,**
,,
50035,,3270
50035,1,750
50035,2,550
50035,3,530
50035,4,540
50035,5,800
50035,6,100
,,
50036,,7870
50036,1,2430
50036,2,2060
50036,3,1330
50036,4,870
50036,5,1000
50036,6,180
,,
50039,,170
50039,1,50
50039,2,50
50039,3,30
50039,4,20
50039,5,20
50039,6,**
,,
50042,,140
50042,1,60
50042,2,40
50042,3,20
50042,4,20
50042,5,**
50042,6,**
,,
50044,,410
50044,1,140
50044,2,120
50044,3,70
50044,4,40
50044,5,40
50044,6,**
,,
50046,,720
50046,1,180
50046,2,140
50046,3,130
50046,4,100
50046,5,130
50046,6,40
,,
50047,,2800
50047,1,810
50047,2,660
50047,3,450
50047,4,330
50047,5,480
50047,6,70
,,
50048,,380
50048,1,140
50048,2,110
50048,3,70
50048,4,30
50048,5,30
50048,6,**
,,
50049,,2870
50049,1,1110
50049,2,760
50049,3,470
50049,4,250
50049,5,240
50049,6,40
,,
50050,,320
50050,1,100
50050,2,90
50050,3,60
50050,4,30
50050,5,40
50050,6,**
,,
50051,,140
50051,1,40
50051,2,50
50051,3,30
50051,4,20
50051,5,**
50051,6,**
,,
50054,,1590
50054,1,520
50054,2,410
50054,3,280
50054,4,170
50054,5,190
50054,6,20
,,
50055,,450
50055,1,130
50055,2,110
50055,3,70
50055,4,70
50055,5,70
50055,6,**
,,
50056,,670
50056,1,190
50056,2,190
50056,3,120
50056,4,70
50056,5,100
50056,6,**
,,
50058,,810
50058,1,280
50058,2,220
50058,3,130
50058,4,80
50058,5,100
50058,6,**
,,
50060,,1060
50060,1,370
50060,2,310
50060,3,190
50060,4,90
50060,5,100
50060,6,**
,,
50061,,930
50061,1,220
50061,2,110
50061,3,90
50061,4,90
50061,5,240
50061,6,180
,,
50062,,260
50062,1,70
50062,2,70
50062,3,70
50062,4,30
50062,5,20
50062,6,**
,,
50063,,1330
50063,1,360
50063,2,280
50063,3,210
50063,4,150
50063,5,260
50063,6,70
,,
50065,,190
50065,1,90
50065,2,60
50065,3,40
50065,4,**
50065,5,**
50065,6,**
,,
50066,,140
50066,1,50
50066,2,30
50066,3,30
50066,4,30
50066,5,**
50066,6,**
,,
50067,,130
50067,1,50
50067,2,40
50067,3,40
50067,4,**
50067,5,**
50067,6,**
,,
50068,,150
50068,1,50
50068,2,70
50068,3,**
50068,4,30
50068,5,**
50068,6,0
,,
50069,,490
50069,1,140
50069,2,140
50069,3,80
50069,4,60
50069,5,70
50069,6,**
,,
50070,,690
50070,1,170
50070,2,180
50070,3,130
50070,4,70
50070,5,110
50070,6,30
,,
50071,,420
50071,1,140
50071,2,110
50071,3,80
50071,4,40
50071,5,50
50071,6,**
,,
50072,,1220
50072,1,330
50072,2,230
50072,3,200
50072,4,160
50072,5,260
50072,6,40
,,
50073,,600
50073,1,140
50073,2,140
50073,3,110
50073,4,70
50073,5,110
50073,6,30
,,
50074,,160
50074,1,40
50074,2,30
50074,3,30
50074,4,20
50074,5,40
50074,6,**
,,
50075,,410
50075,1,120
50075,2,110
50075,3,90
50075,4,40
50075,5,50
50075,6,**
,,
50076,,630
50076,1,230
50076,2,170
50076,3,100
50076,4,60
50076,5,70
50076,6,**
,,
50103,,170
50103,1,70
50103,2,50
50103,3,30
50103,4,20
50103,5,**
50103,6,**
,,
50105,,610
50105,1,160
50105,2,110
50105,3,90
50105,4,90
50105,5,130
50105,6,30
,,
50106,,480
50106,1,140
50106,2,130
50106,3,90
50106,4,70
50106,5,50
50106,6,**
,,
50107,,420
50107,1,140
50107,2,130
50107,3,70
50107,4,40
50107,5,40
50107,6,**
,,
50108,,190
50108,1,80
50108,2,50
50108,3,30
50108,4,30
50108,5,**
50108,6,**
,,
50109,,1410
50109,1,310
50109,2,210
50109,3,220
50109,4,170
50109,5,400
50109,6,100
,,
50111,,6530
50111,1,1470
50111,2,1330
50111,3,970
50111,4,830
50111,5,1540
50111,6,390
,,
50112,,4790
50112,1,1570
50112,2,1150
50112,3,720
50112,4,540
50112,5,660
50112,6,150
,,
50115,,1210
50115,1,420
50115,2,320
50115,3,200
50115,4,120
50115,5,130
50115,6,20
,,
50116,,140
50116,1,50
50116,2,30
50116,3,30
50116,4,30
50116,5,**
50116,6,**
,,
50118,,400
50118,1,130
50118,2,90
50118,3,70
50118,4,60
50118,5,50
50118,6,**
,,
50119,,210
50119,1,60
50119,2,60
50119,3,40
50119,4,50
50119,5,**
50119,6,**
,,
50120,,150
50120,1,40
50120,2,30
50120,3,30
50120,4,20
50120,5,30
50120,6,**
,,
50122,,620
50122,1,170
50122,2,160
50122,3,120
50122,4,70
50122,5,100
50122,6,**
,,
50123,,350
50123,1,120
50123,2,110
50123,3,50
50123,4,40
50123,5,30
50123,6,**
,,
50124,,1870
50124,1,470
50124,2,350
50124,3,260
50124,4,260
50124,5,440
50124,6,90
,,
50125,,9170
50125,1,2710
50125,2,2010
50125,3,1460
50125,4,1100
50125,5,1580
50125,6,310
,,
50126,,3040
50126,1,1060
50126,2,780
50126,3,470
50126,4,310
50126,5,320
50126,6,100
,,
50128,,150
50128,1,50
50128,2,50
50128,3,20
50128,4,30
50128,5,**
50128,6,**
,,
50129,,2390
50129,1,840
50129,2,630
50129,3,340
50129,4,240
50129,5,280
50129,6,60
,,
50130,,760
50130,1,220
50130,2,190
50130,3,130
50130,4,90
50130,5,110
50130,6,20
,,
50131,,10330
50131,1,2530
50131,2,1790
50131,3,1300
50131,4,1130
50131,5,2440
50131,6,1140
,,
50132,,170
50132,1,50
50132,2,60
50132,3,30
50132,4,30
50132,5,**
50132,6,**
,,
50133,,200
50133,1,90
50133,2,60
50133,3,30
50133,4,20
50133,5,**
50133,6,**
,,
50134,,300
50134,1,80
50134,2,70
50134,3,40
50134,4,40
50134,5,70
50134,6,**
,,
50135,,770
50135,1,240
50135,2,200
50135,3,120
50135,4,100
50135,5,110
50135,6,**
,,
50136,,180
50136,1,60
50136,2,40
50136,3,40
50136,4,40
50136,5,**
50136,6,**
,,
50138,,5290
50138,1,1700
50138,2,1410
50138,3,960
50138,4,610
50138,5,530
50138,6,80
,,
50139,,540
50139,1,160
50139,2,160
50139,3,100
50139,4,60
50139,5,60
50139,6,**
,,
50140,,880
50140,1,400
50140,2,220
50140,3,120
50140,4,60
50140,5,80
50140,6,**
,,
50141,,250
50141,1,70
50141,2,80
50141,3,40
50141,4,30
50141,5,30
50141,6,**
,,
50143,,280
50143,1,90
50143,2,60
50143,3,50
50143,4,40
50143,5,40
50143,6,**
,,
50144,,1130
50144,1,450
50144,2,310
50144,3,170
50144,4,100
50144,5,100
50144,6,**
,,
50146,,230
50146,1,70
50146,2,60
50146,3,30
50146,4,40
50146,5,30
50146,6,**
,,
50147,,170
50147,1,60
50147,2,50
50147,3,30
50147,4,30
50147,5,**
50147,6,**
,,
50148,,160
50148,1,50
50148,2,40
50148,3,30
50148,4,40
50148,5,**
50148,6,**
,,
50149,,390
50149,1,130
50149,2,130
50149,3,60
50149,4,30
50149,5,40
50149,6,**
,,
50150,,390
50150,1,130
50150,2,120
50150,3,80
50150,4,60
50150,5,**
50150,6,**
,,
50151,,320
50151,1,110
50151,2,80
50151,3,50
50151,4,40
50151,5,40
50151,6,**
,,
50153,,380
50153,1,100
50153,2,90
50153,3,70
50153,4,60
50153,5,60
50153,6,**
,,
50154,,230
50154,1,60
50154,2,50
50154,3,60
50154,4,30
50154,5,30
50154,6,**
,,
50155,,100
50155,1,40
50155,2,40
50155,3,**
50155,4,20
50155,5,**
50155,6,0
,,
50156,,2120
50156,1,600
50156,2,490
50156,3,360
50156,4,270
50156,5,350
50156,6,50
,,
50157,,350
50157,1,100
50157,2,110
50157,3,70
50157,4,40
50157,5,30
50157,6,**
,,
50158,,13970
50158,1,4630
50158,2,4200
50158,3,2210
50158,4,1380
50158,5,1290
50158,6,260
,,
50161,,900
50161,1,240
50161,2,220
50161,3,150
50161,4,120
50161,5,150
50161,6,20
,,
50162,,540
50162,1,130
50162,2,150
50162,3,100
50162,4,80
50162,5,80
50162,6,**
,,
50164,,290
50164,1,90
50164,2,70
50164,3,50
50164,4,50
50164,5,30
50164,6,**
,,
50166,,710
50166,1,190
50166,2,170
50166,3,140
50166,4,110
50166,5,100
50166,6,**
,,
50167,,360
50167,1,100
50167,2,90
50167,3,70
50167,4,40
50167,5,60
50167,6,**
,,
50168,,400
50168,1,90
50168,2,90
50168,3,70
50168,4,60
50168,5,90
50168,6,**
,,
50169,,1200
50169,1,330
50169,2,300
50169,3,200
50169,4,140
50169,5,190
50169,6,40
,,
50170,,1330
50170,1,390
50170,2,320
50170,3,240
50170,4,170
50170,5,180
50170,6,30
,,
50171,,1280
50171,1,380
50171,2,360
50171,3,170
50171,4,170
50171,5,160
50171,6,40
,,
50173,,330
50173,1,130
50173,2,80
50173,3,60
50173,4,30
50173,5,30
50173,6,**
,,
50174,,590
50174,1,220
50174,2,160
50174,3,100
50174,4,60
50174,5,50
50174,6,**
,,
50201,,3950
50201,1,1110
50201,2,1010
50201,3,690
50201,4,510
50201,5,530
50201,6,100
,,
50206,,210
50206,1,60
50206,2,50
50206,3,40
50206,4,30
50206,5,30
50206,6,**
,,
50207,,1070
50207,1,360
50207,2,220
50207,3,200
50207,4,150
50207,5,140
50207,6,**
,,
50208,,8790
50208,1,2900
50208,2,2490
50208,3,1470
50208,4,890
50208,5,890
50208,6,150
,,
50210,,840
50210,1,230
50210,2,200
50210,3,140
50210,4,120
50210,5,150
50210,6,**
,,
50211,,6320
50211,1,1520
50211,2,1340
50211,3,980
50211,4,830
50211,5,1340
50211,6,310
,,
50212,,1480
50212,1,450
50212,2,360
50212,3,240
50212,4,170
50212,5,230
50212,6,30
,,
50213,,3180
50213,1,1130
50213,2,980
50213,3,480
50213,4,300
50213,5,260
50213,6,30
,,
50214,,370
50214,1,90
50214,2,70
50214,3,60
50214,4,60
50214,5,70
50214,6,20
,,
50216,,1270
50216,1,320
50216,2,260
50216,3,180
50216,4,180
50216,5,230
50216,6,100
,,
50217,,260
50217,1,70
50217,2,80
50217,3,40
50217,4,40
50217,5,30
50217,6,**
,,
50219,,6060
50219,1,1630
50219,2,1220
50219,3,940
50219,4,810
50219,5,1130
50219,6,330
,,
50220,,3960
50220,1,1300
50220,2,1350
50220,3,620
50220,4,340
50220,5,290
50220,6,60
,,
50222,,220
50222,1,70
50222,2,40
50222,3,40
50222,4,30
50222,5,40
50222,6,**
,,
50223,,160
50223,1,40
50223,2,60
50223,3,20
50223,4,40
50223,5,**
50223,6,**
,,
50225,,1330
50225,1,390
50225,2,290
50225,3,220
50225,4,180
50225,5,230
50225,6,20
,,
50226,,2680
50226,1,570
50226,2,430
50226,3,330
50226,4,360
50226,5,770
50226,6,220
,,
50228,,1090
50228,1,280
50228,2,240
50228,3,200
50228,4,150
50228,5,220
50228,6,**
,,
50229,,530
50229,1,140
50229,2,90
50229,3,70
50229,4,60
50229,5,140
50229,6,30
,,
50230,,510
50230,1,140
50230,2,140
50230,3,80
50230,4,80
50230,5,70
50230,6,**
,,
50232,,240
50232,1,70
50232,2,50
50232,3,50
50232,4,40
50232,5,30
50232,6,**
,,
50233,,620
50233,1,190
50233,2,190
50233,3,100
50233,4,70
50233,5,70
50233,6,**
,,
50234,,260
50234,1,70
50234,2,50
50234,3,60
50234,4,30
50234,5,50
50234,6,**
,,
50235,,180
50235,1,50
50235,2,60
50235,3,40
50235,4,30
50235,5,**
50235,6,**
,,
50236,,730
50236,1,170
50236,2,160
50236,3,130
50236,4,110
50236,5,160
50236,6,**
,,
50237,,1460
50237,1,370
50237,2,250
50237,3,220
50237,4,200
50237,5,340
50237,6,80
,,
50238,,460
50238,1,160
50238,2,130
50238,3,90
50238,4,50
50238,5,30
50238,6,**
,,
50240,,1070
50240,1,290
50240,2,200
50240,3,150
50240,4,150
50240,5,230
50240,6,50
,,
50242,,180
50242,1,70
50242,2,40
50242,3,50
50242,4,**
50242,5,20
50242,6,**
,,
50244,,910
50244,1,250
50244,2,200
50244,3,140
50244,4,110
50244,5,180
50244,6,30
,,
50246,,310
50246,1,90
50246,2,90
50246,3,60
50246,4,30
50246,5,40
50246,6,**
,,
50247,,1080
50247,1,320
50247,2,240
50247,3,180
50247,4,140
50247,5,170
50247,6,30
,,
50248,,2170
50248,1,570
50248,2,530
50248,3,370
50248,4,270
50248,5,360
50248,6,70
,,
50249,,570
50249,1,160
50249,2,150
50249,3,110
50249,4,80
50249,5,70
50249,6,**
,,
50250,,1010
50250,1,350
50250,2,260
50250,3,170
50250,4,120
50250,5,110
50250,6,**
,,
50251,,610
50251,1,150
50251,2,150
50251,3,130
50251,4,90
50251,5,90
50251,6,**
,,
50252,,170
50252,1,50
50252,2,40
50252,3,30
50252,4,20
50252,5,30
50252,6,**
,,
50254,,130
50254,1,40
50254,2,40
50254,3,30
50254,4,20
50254,5,**
50254,6,0
,,
50256,,220
50256,1,60
50256,2,60
50256,3,50
50256,4,30
50256,5,20
50256,6,**
,,
50257,,430
50257,1,140
50257,2,90
50257,3,70
50257,4,50
50257,5,80
50257,6,**
,,
50258,,330
50258,1,90
50258,2,90
50258,3,60
50258,4,50
50258,5,40
50258,6,**
,,
50261,,1170
50261,1,290
50261,2,190
50261,3,150
50261,4,130
50261,5,310
50261,6,100
,,
50262,,170
50262,1,60
50262,2,50
50262,3,30
50262,4,30
50262,5,**
50262,6,**
,,
50263,,9500
50263,1,2210
50263,2,1750
50263,3,1360
50263,4,1100
50263,5,2290
50263,6,790
,,
50264,,220
50264,1,80
50264,2,70
50264,3,50
50264,4,**
50264,5,20
50264,6,**
,,
50265,,16480
50265,1,4380
50265,2,4200
50265,3,2500
50265,4,1650
50265,5,2700
50265,6,1050
,,
50266,,16750
50266,1,3940
50266,2,4100
50266,3,2620
50266,4,1760
50266,5,3010
50266,6,1320
,,
50268,,380
50268,1,150
50268,2,110
50268,3,70
50268,4,30
50268,5,20
50268,6,**
,,
50271,,280
50271,1,90
50271,2,80
50271,3,60
50271,4,30
50271,5,20
50271,6,**
,,
50273,,3790
50273,1,1210
50273,2,810
50273,3,580
50273,4,470
50273,5,590
50273,6,130
,,
50274,,160
50274,1,50
50274,2,40
50274,3,30
50274,4,40
50274,5,**
50274,6,**
,,
50275,,210
50275,1,70
50275,2,60
50275,3,40
50275,4,20
50275,5,20
50275,6,**
,,
50276,,1000
50276,1,270
50276,2,230
50276,3,180
50276,4,140
50276,5,160
50276,6,20
,,
50277,,230
50277,1,70
50277,2,60
50277,3,40
50277,4,30
50277,5,30
50277,6,**
,,
50278,,360
50278,1,110
50278,2,90
50278,3,60
50278,4,50
50278,5,50
50278,6,**
,,
50309,,4110
50309,1,1310
50309,2,1380
50309,3,650
50309,4,290
50309,5,300
50309,6,180
,,
50310,,15650
50310,1,4660
50310,2,4860
50310,3,2770
50310,4,1510
50310,5,1620
50310,6,230
,,
50311,,6150
50311,1,2220
50311,2,1800
50311,3,960
50311,4,490
50311,5,590
50311,6,90
,,
50312,,7680
50312,1,2090
50312,2,1830
50312,3,1120
50312,4,680
50312,5,1170
50312,6,790
,,
50313,,7790
50313,1,2810
50313,2,2580
50313,3,1220
50313,4,580
50313,5,520
50313,6,80
,,
50314,,4770
50314,1,2480
50314,2,1570
50314,3,440
50314,4,150
50314,5,130
50314,6,**
,,
50315,,17160
50315,1,6350
50315,2,5830
50315,3,2620
50315,4,1320
50315,5,920
50315,6,120
,,
50316,,6900
50316,1,2980
50316,2,2420
50316,3,920
50316,4,390
50316,5,190
50316,6,**
,,
50317,,17260
50317,1,6310
50317,2,5620
50317,3,2820
50317,4,1450
50317,5,980
50317,6,80
,,
50320,,9940
50320,1,3570
50320,2,2880
50320,3,1480
50320,4,890
50320,5,1020
50320,6,100
,,
50321,,3870
50321,1,1180
50321,2,1060
50321,3,470
50321,4,300
50321,5,600
50321,6,260
,,
50322,,16230
50322,1,4470
50322,2,3980
50322,3,2560
50322,4,1820
50322,5,2810
50322,6,590
,,
50323,,6560
50323,1,1190
50323,2,710
50323,3,600
50323,4,650
50323,5,2080
50323,6,1330
,,
50324,,2710
50324,1,720
50324,2,710
50324,3,470
50324,4,290
50324,5,440
50324,6,80
,,
50325,,8580
50325,1,2030
50325,2,1480
50325,3,970
50325,4,840
50325,5,2110
50325,6,1150
,,
50327,,5380
50327,1,1440
50327,2,1110
50327,3,850
50327,4,660
50327,5,1110
50327,6,210
,,
50401,,13370
50401,1,4840
50401,2,3600
50401,3,2020
50401,4,1260
50401,5,1290
50401,6,360
,,
50420,,150
50420,1,50
50420,2,40
50420,3,30
50420,4,30
50420,5,**
50420,6,**
,,
50421,,1440
50421,1,470
50421,2,410
50421,3,230
50421,4,170
50421,5,130
50421,6,30
,,
50423,,1310
50423,1,420
50423,2,360
50423,3,230
50423,4,140
50423,5,160
50423,6,**
,,
50424,,680
50424,1,210
50424,2,180
50424,3,120
50424,4,80
50424,5,90
50424,6,**
,,
50428,,4580
50428,1,1460
50428,2,1070
50428,3,690
50428,4,480
50428,5,670
50428,6,210
,,
50430,,240
50430,1,90
50430,2,70
50430,3,40
50430,4,20
50430,5,20
50430,6,**
,,
50433,,110
50433,1,30
50433,2,30
50433,3,30
50433,4,20
50433,5,**
50433,6,**
,,
50434,,220
50434,1,70
50434,2,70
50434,3,30
50434,4,30
50434,5,20
50434,6,**
,,
50435,,330
50435,1,120
50435,2,70
50435,3,60
50435,4,40
50435,5,40
50435,6,**
,,
50436,,2650
50436,1,830
50436,2,720
50436,3,430
50436,4,330
50436,5,290
50436,6,50
,,
50438,,1880
50438,1,530
50438,2,460
50438,3,350
50438,4,260
50438,5,240
50438,6,40
,,
50439,,120
50439,1,40
50439,2,40
50439,3,40
50439,4,**
50439,5,**
50439,6,**
,,
50440,,200
50440,1,50
50440,2,60
50440,3,40
50440,4,50
50440,5,**
50440,6,**
,,
50441,,2380
50441,1,830
50441,2,680
50441,3,370
50441,4,220
50441,5,220
50441,6,60
,,
50444,,180
50444,1,40
50444,2,50
50444,3,40
50444,4,30
50444,5,20
50444,6,**
,,
50446,,240
50446,1,70
50446,2,60
50446,3,50
50446,4,30
50446,5,30
50446,6,**
,,
50447,,460
50447,1,140
50447,2,130
50447,3,80
50447,4,50
50447,5,60
50447,6,**
,,
50448,,290
50448,1,100
50448,2,70
50448,3,40
50448,4,40
50448,5,40
50448,6,**
,,
50449,,310
50449,1,110
50449,2,100
50449,3,60
50449,4,40
50449,5,**
50449,6,**
,,
50450,,1380
50450,1,440
50450,2,400
50450,3,220
50450,4,150
50450,5,150
50450,6,20
,,
50451,,220
50451,1,80
50451,2,60
50451,3,40
50451,4,20
50451,5,20
50451,6,**
,,
50452,,360
50452,1,110
50452,2,110
50452,3,60
50452,4,40
50452,5,40
50452,6,**
,,
50453,,270
50453,1,80
50453,2,80
50453,3,50
50453,4,40
50453,5,20
50453,6,**
,,
50455,,140
50455,1,50
50455,2,40
50455,3,20
50455,4,30
50455,5,**
50455,6,**
,,
50456,,840
50456,1,310
50456,2,230
50456,3,130
50456,4,80
50456,5,90
50456,6,**
,,
50457,,180
50457,1,60
50457,2,50
50457,3,30
50457,4,40
50457,5,**
50457,6,**
,,
50458,,920
50458,1,270
50458,2,230
50458,3,150
50458,4,130
50458,5,140
50458,6,**
,,
50459,,1500
50459,1,500
50459,2,440
50459,3,240
50459,4,150
50459,5,150
50459,6,20
,,
50460,,160
50460,1,60
50460,2,40
50460,3,40
50460,4,**
50460,5,20
50460,6,**
,,
50461,,2560
50461,1,820
50461,2,640
50461,3,430
50461,4,300
50461,5,300
50461,6,70
,,
50464,,320
50464,1,90
50464,2,90
50464,3,60
50464,4,50
50464,5,30
50464,6,**
,,
50466,,720
50466,1,220
50466,2,220
50466,3,120
50466,4,90
50466,5,70
50466,6,**
,,
50468,,710
50468,1,200
50468,2,180
50468,3,140
50468,4,80
50468,5,110
50468,6,**
,,
50469,,700
50469,1,190
50469,2,180
50469,3,120
50469,4,100
50469,5,110
50469,6,**
,,
50470,,110
50470,1,40
50470,2,30
50470,3,20
50470,4,20
50470,5,**
50470,6,**
,,
50471,,310
50471,1,100
50471,2,80
50471,3,50
50471,4,40
50471,5,40
50471,6,**
,,
50472,,1040
50472,1,280
50472,2,250
50472,3,180
50472,4,130
50472,5,170
50472,6,30
,,
50473,,110
50473,1,30
50473,2,50
50473,3,**
50473,4,30
50473,5,**
50473,6,**
,,
50475,,760
50475,1,210
50475,2,210
50475,3,120
50475,4,90
50475,5,110
50475,6,20
,,
50476,,370
50476,1,120
50476,2,110
50476,3,60
50476,4,40
50476,5,40
50476,6,**
,,
50477,,160
50477,1,60
50477,2,40
50477,3,30
50477,4,30
50477,5,**
50477,6,**
,,
50478,,420
50478,1,120
50478,2,160
50478,3,70
50478,4,30
50478,5,40
50478,6,**
,,
50479,,310
50479,1,80
50479,2,90
50479,3,60
50479,4,40
50479,5,40
50479,6,**
,,
50480,,420
50480,1,120
50480,2,120
50480,3,80
50480,4,60
50480,5,40
50480,6,**
,,
50482,,440
50482,1,120
50482,2,110
50482,3,70
50482,4,60
50482,5,80
50482,6,**
,,
50483,,380
50483,1,100
50483,2,120
50483,3,60
50483,4,60
50483,5,40
50483,6,**
,,
50484,,190
50484,1,50
50484,2,60
50484,3,40
50484,4,40
50484,5,**
50484,6,**
,,
50501,,12120
50501,1,4660
50501,2,3060
50501,3,1820
50501,4,1130
50501,5,1170
50501,6,280
,,
50510,,470
50510,1,130
50510,2,120
50510,3,90
50510,4,60
50510,5,70
50510,6,**
,,
50511,,3440
50511,1,1030
50511,2,880
50511,3,530
50511,4,410
50511,5,450
50511,6,140
,,
50514,,650
50514,1,190
50514,2,210
50514,3,80
50514,4,90
50514,5,80
50514,6,**
,,
50515,,120
50515,1,40
50515,2,40
50515,3,40
50515,4,**
50515,5,**
50515,6,**
,,
50516,,340
50516,1,100
50516,2,80
50516,3,70
50516,4,50
50516,5,40
50516,6,**
,,
50517,,460
50517,1,150
50517,2,130
50517,3,70
50517,4,50
50517,5,60
50517,6,**
,,
50518,,150
50518,1,40
50518,2,40
50518,3,40
50518,4,**
50518,5,30
50518,6,**
,,
50519,,270
50519,1,80
50519,2,90
50519,3,40
50519,4,30
50519,5,30
50519,6,**
,,
50522,,360
50522,1,130
50522,2,100
50522,3,60
50522,4,40
50522,5,30
50522,6,**
,,
50523,,280
50523,1,90
50523,2,60
50523,3,60
50523,4,30
50523,5,40
50523,6,**
,,
50524,,250
50524,1,80
50524,2,40
50524,3,40
50524,4,40
50524,5,50
50524,6,**
,,
50525,,1600
50525,1,550
50525,2,440
50525,3,240
50525,4,160
50525,5,160
50525,6,50
,,
50528,,170
50528,1,50
50528,2,50
50528,3,50
50528,4,**
50528,5,20
50528,6,**
,,
50529,,400
50529,1,140
50529,2,100
50529,3,70
50529,4,50
50529,5,40
50529,6,**
,,
50530,,490
50530,1,170
50530,2,130
50530,3,90
50530,4,50
50530,5,50
50530,6,**
,,
50532,,420
50532,1,150
50532,2,110
50532,3,60
50532,4,50
50532,5,50
50532,6,**
,,
50533,,1670
50533,1,590
50533,2,470
50533,3,280
50533,4,170
50533,5,140
50533,6,20
,,
50535,,440
50535,1,140
50535,2,120
50535,3,70
50535,4,50
50535,5,60
50535,6,**
,,
50536,,1960
50536,1,680
50536,2,490
50536,3,320
50536,4,190
50536,5,240
50536,6,40
,,
50538,,250
50538,1,80
50538,2,70
50538,3,40
50538,4,20
50538,5,40
50538,6,**
,,
50539,,230
50539,1,80
50539,2,60
50539,3,50
50539,4,40
50539,5,**
50539,6,**
,,
50540,,460
50540,1,160
50540,2,120
50540,3,70
50540,4,50
50540,5,60
50540,6,**
,,
50541,,380
50541,1,150
50541,2,80
50541,3,70
50541,4,40
50541,5,40
50541,6,**
,,
50542,,420
50542,1,130
50542,2,120
50542,3,60
50542,4,50
50542,5,60
50542,6,**
,,
50543,,670
50543,1,210
50543,2,170
50543,3,120
50543,4,80
50543,5,90
50543,6,**
,,
50544,,220
50544,1,70
50544,2,60
50544,3,40
50544,4,30
50544,5,20
50544,6,**
,,
50545,,110
50545,1,30
50545,2,30
50545,3,20
50545,4,30
50545,5,**
50545,6,**
,,
50546,,160
50546,1,50
50546,2,50
50546,3,30
50546,4,30
50546,5,**
50546,6,**
,,
50548,,2700
50548,1,840
50548,2,610
50548,3,430
50548,4,310
50548,5,400
50548,6,110
,,
50554,,720
50554,1,230
50554,2,220
50554,3,120
50554,4,70
50554,5,80
50554,6,**
,,
50556,,140
50556,1,60
50556,2,50
50556,3,**
50556,4,30
50556,5,**
50556,6,**
,,
50557,,320
50557,1,120
50557,2,70
50557,3,60
50557,4,40
50557,5,30
50557,6,**
,,
50558,,280
50558,1,80
50558,2,80
50558,3,40
50558,4,40
50558,5,40
50558,6,**
,,
50559,,170
50559,1,50
50559,2,50
50559,3,30
50559,4,40
50559,5,**
50559,6,**
,,
50560,,250
50560,1,90
50560,2,70
50560,3,40
50560,4,30
50560,5,20
50560,6,**
,,
50561,,240
50561,1,70
50561,2,70
50561,3,30
50561,4,40
50561,5,30
50561,6,**
,,
50562,,200
50562,1,60
50562,2,50
50562,3,40
50562,4,50
50562,5,**
50562,6,**
,,
50563,,1130
50563,1,340
50563,2,270
50563,3,210
50563,4,130
50563,5,150
50563,6,30
,,
50565,,200
50565,1,70
50565,2,50
50565,3,40
50565,4,40
50565,5,**
50565,6,**
,,
50566,,190
50566,1,60
50566,2,60
50566,3,30
50566,4,20
50566,5,20
50566,6,**
,,
50568,,610
50568,1,200
50568,2,150
50568,3,110
50568,4,70
50568,5,80
50568,6,**
,,
50569,,360
50569,1,140
50569,2,80
50569,3,60
50569,4,40
50569,5,40
50569,6,**
,,
50570,,100
50570,1,50
50570,2,**
50570,3,30
50570,4,**
50570,5,20
50570,6,**
,,
50571,,180
50571,1,50
50571,2,50
50571,3,40
50571,4,40
50571,5,**
50571,6,**
,,
50574,,1010
50574,1,300
50574,2,270
50574,3,180
50574,4,120
50574,5,120
50574,6,20
,,
50575,,380
50575,1,110
50575,2,110
50575,3,70
50575,4,40
50575,5,50
50575,6,**
,,
50576,,190
50576,1,60
50576,2,60
50576,3,30
50576,4,20
50576,5,20
50576,6,**
,,
50577,,180
50577,1,60
50577,2,60
50577,3,30
50577,4,30
50577,5,**
50577,6,**
,,
50578,,260
50578,1,90
50578,2,80
50578,3,40
50578,4,20
50578,5,30
50578,6,**
,,
50579,,1100
50579,1,370
50579,2,270
50579,3,180
50579,4,120
50579,5,130
50579,6,30
,,
50581,,400
50581,1,140
50581,2,110
50581,3,60
50581,4,40
50581,5,50
50581,6,**
,,
50583,,1280
50583,1,410
50583,2,330
50583,3,260
50583,4,120
50583,5,120
50583,6,40
,,
50585,,520
50585,1,150
50585,2,150
50585,3,90
50585,4,60
50585,5,70
50585,6,**
,,
50586,,140
50586,1,50
50586,2,40
50586,3,20
50586,4,30
50586,5,**
50586,6,**
,,
50588,,6160
50588,1,2010
50588,2,2230
50588,3,830
50588,4,470
50588,5,460
50588,6,160
,,
50590,,400
50590,1,140
50590,2,120
50590,3,70
50590,4,30
50590,5,40
50590,6,**
,,
50591,,140
50591,1,40
50591,2,40
50591,3,30
50591,4,30
50591,5,**
50591,6,**
,,
50594,,140
50594,1,40
50594,2,40
50594,3,30
50594,4,30
50594,5,**
50594,6,**
,,
50595,,4130
50595,1,1440
50595,2,1140
50595,3,630
50595,4,430
50595,5,410
50595,6,80
,,
50597,,620
50597,1,210
50597,2,130
50597,3,110
50597,4,70
50597,5,70
50597,6,30
,,
50598,,450
50598,1,140
50598,2,120
50598,3,100
50598,4,50
50598,5,40
50598,6,**
,,
50599,,170
50599,1,50
50599,2,40
50599,3,50
50599,4,**
50599,5,30
50599,6,**
,,
50601,,1110
50601,1,370
50601,2,280
50601,3,200
50601,4,120
50601,5,140
50601,6,**
,,
50602,,730
50602,1,230
50602,2,190
50602,3,130
50602,4,90
50602,5,90
50602,6,**
,,
50603,,250
50603,1,70
50603,2,90
50603,3,40
50603,4,30
50603,5,20
50603,6,**
,,
50604,,760
50604,1,220
50604,2,190
50604,3,130
50604,4,120
50604,5,100
50604,6,**
,,
50606,,350
50606,1,130
50606,2,80
50606,3,60
50606,4,40
50606,5,40
50606,6,**
,,
50607,,230
50607,1,60
50607,2,70
50607,3,40
50607,4,30
50607,5,30
50607,6,**
,,
50609,,220
50609,1,60
50609,2,50
50609,3,40
50609,4,30
50609,5,40
50609,6,**
,,
50611,,160
50611,1,50
50611,2,40
50611,3,40
50611,4,30
50611,5,**
50611,6,**
,,
50612,,160
50612,1,40
50612,2,20
50612,3,20
50612,4,30
50612,5,50
50612,6,**
,,
50613,,17720
50613,1,5490
50613,2,3740
50613,3,2460
50613,4,1960
50613,5,3170
50613,6,900
,,
50616,,4530
50616,1,1660
50616,2,1160
50616,3,670
50616,4,490
50616,5,440
50616,6,110
,,
50619,,1030
50619,1,320
50619,2,270
50619,3,190
50619,4,130
50619,5,120
50619,6,**
,,
50621,,670
50621,1,180
50621,2,160
50621,3,90
50621,4,100
50621,5,110
50621,6,30
,,
50622,,1520
50622,1,380
50622,2,310
50622,3,220
50622,4,220
50622,5,320
50622,6,70
,,
50624,,840
50624,1,210
50624,2,150
50624,3,120
50624,4,130
50624,5,180
50624,6,50
,,
50625,,440
50625,1,170
50625,2,110
50625,3,80
50625,4,50
50625,5,30
50625,6,**
,,
50626,,750
50626,1,220
50626,2,200
50626,3,130
50626,4,90
50626,5,110
50626,6,**
,,
50627,,1390
50627,1,480
50627,2,360
50627,3,220
50627,4,150
50627,5,160
50627,6,20
,,
50628,,530
50628,1,170
50628,2,160
50628,3,90
50628,4,50
50628,5,60
50628,6,**
,,
50629,,990
50629,1,300
50629,2,250
50629,3,150
50629,4,130
50629,5,160
50629,6,**
,,
50630,,730
50630,1,220
50630,2,200
50630,3,130
50630,4,90
50630,5,90
50630,6,**
,,
50632,,480
50632,1,150
50632,2,130
50632,3,80
50632,4,50
50632,5,70
50632,6,**
,,
50633,,160
50633,1,50
50633,2,50
50633,3,30
50633,4,30
50633,5,**
50633,6,**
,,
50635,,720
50635,1,170
50635,2,200
50635,3,130
50635,4,120
50635,5,100
50635,6,**
,,
50636,,860
50636,1,260
50636,2,210
50636,3,160
50636,4,110
50636,5,120
50636,6,**
,,
50638,,1530
50638,1,420
50638,2,380
50638,3,270
50638,4,210
50638,5,210
50638,6,40
,,
50641,,610
50641,1,240
50641,2,180
50641,3,90
50641,4,60
50641,5,40
50641,6,**
,,
50642,,250
50642,1,60
50642,2,80
50642,3,50
50642,4,30
50642,5,30
50642,6,**
,,
50643,,1300
50643,1,310
50643,2,260
50643,3,200
50643,4,180
50643,5,290
50643,6,60
,,
50644,,4030
50644,1,1270
50644,2,1040
50644,3,690
50644,4,470
50644,5,470
50644,6,90
,,
50645,,480
50645,1,150
50645,2,130
50645,3,80
50645,4,60
50645,5,60
50645,6,**
,,
50647,,930
50647,1,260
50647,2,190
50647,3,150
50647,4,150
50647,5,150
50647,6,30
,,
50648,,1880
50648,1,480
50648,2,470
50648,3,300
50648,4,270
50648,5,310
50648,6,50
,,
50650,,350
50650,1,120
50650,2,100
50650,3,60
50650,4,40
50650,5,30
50650,6,**
,,
50651,,1710
50651,1,510
50651,2,380
50651,3,280
50651,4,240
50651,5,270
50651,6,30
,,
50653,,290
50653,1,90
50653,2,90
50653,3,50
50653,4,30
50653,5,30
50653,6,**
,,
50654,,230
50654,1,60
50654,2,70
50654,3,40
50654,4,30
50654,5,30
50654,6,**
,,
50655,,360
50655,1,130
50655,2,90
50655,3,60
50655,4,40
50655,5,40
50655,6,**
,,
50658,,1090
50658,1,370
50658,2,290
50658,3,190
50658,4,110
50658,5,110
50658,6,20
,,
50659,,2530
50659,1,740
50659,2,730
50659,3,430
50659,4,280
50659,5,280
50659,6,70
,,
50660,,600
50660,1,180
50660,2,150
50660,3,90
50660,4,80
50660,5,100
50660,6,**
,,
50662,,2960
50662,1,1170
50662,2,860
50662,3,430
50662,4,250
50662,5,210
50662,6,40
,,
50665,,1270
50665,1,350
50665,2,280
50665,3,240
50665,4,170
50665,5,200
50665,6,30
,,
50666,,450
50666,1,140
50666,2,120
50666,3,80
50666,4,60
50666,5,50
50666,6,**
,,
50667,,400
50667,1,90
50667,2,100
50667,3,70
50667,4,70
50667,5,70
50667,6,**
,,
50668,,550
50668,1,130
50668,2,150
50668,3,100
50668,4,80
50668,5,90
50668,6,**
,,
50669,,1100
50669,1,310
50669,2,230
50669,3,190
50669,4,160
50669,5,170
50669,6,40
,,
50670,,970
50670,1,270
50670,2,270
50670,3,180
50670,4,110
50670,5,140
50670,6,**
,,
50671,,120
50671,1,40
50671,2,30
50671,3,20
50671,4,30
50671,5,**
50671,6,**
,,
50672,,250
50672,1,60
50672,2,60
50672,3,50
50672,4,40
50672,5,40
50672,6,**
,,
50674,,1580
50674,1,450
50674,2,410
50674,3,290
50674,4,200
50674,5,190
50674,6,40
,,
50675,,1070
50675,1,320
50675,2,280
50675,3,190
50675,4,140
50675,5,140
50675,6,**
,,
50676,,900
50676,1,280
50676,2,230
50676,3,160
50676,4,110
50676,5,120
50676,6,**
,,
50677,,5220
50677,1,1410
50677,2,1170
50677,3,850
50677,4,720
50677,5,890
50677,6,180
,,
50680,,540
50680,1,160
50680,2,130
50680,3,100
50680,4,60
50680,5,90
50680,6,**
,,
50681,,210
50681,1,60
50681,2,60
50681,3,50
50681,4,40
50681,5,**
50681,6,**
,,
50682,,680
50682,1,200
50682,2,170
50682,3,110
50682,4,90
50682,5,110
50682,6,**
,,
50701,,14100
50701,1,4720
50701,2,3910
50701,3,2060
50701,4,1430
50701,5,1570
50701,6,410
,,
50702,,9470
50702,1,3500
50702,2,3130
50702,3,1500
50702,4,780
50702,5,520
50702,6,40
,,
50703,,7800
50703,1,3550
50703,2,2550
50703,3,960
50703,4,410
50703,5,300
50703,6,30
,,
50707,,3700
50707,1,1390
50707,2,1170
50707,3,570
50707,4,350
50707,5,220
50707,6,**
,,
50801,,4290
50801,1,1550
50801,2,1240
50801,3,650
50801,4,390
50801,5,380
50801,6,80
,,
50830,,710
50830,1,240
50830,2,220
50830,3,110
50830,4,70
50830,5,70
50830,6,**
,,
50833,,1000
50833,1,350
50833,2,300
50833,3,180
50833,4,90
50833,5,80
50833,6,**
,,
50836,,150
50836,1,50
50836,2,50
50836,3,20
50836,4,30
50836,5,**
50836,6,**
,,
50837,,150
50837,1,50
50837,2,80
50837,3,**
50837,4,20
50837,5,**
50837,6,**
,,
50840,,190
50840,1,70
50840,2,50
50840,3,40
50840,4,30
50840,5,**
50840,6,**
,,
50841,,1230
50841,1,450
50841,2,330
50841,3,210
50841,4,120
50841,5,120
50841,6,**
,,
50843,,250
50843,1,90
50843,2,70
50843,3,40
50843,4,30
50843,5,20
50843,6,**
,,
50845,,290
50845,1,100
50845,2,90
50845,3,40
50845,4,30
50845,5,30
50845,6,**
,,
50846,,490
50846,1,150
50846,2,160
50846,3,90
50846,4,50
50846,5,40
50846,6,**
,,
50848,,130
50848,1,50
50848,2,40
50848,3,20
50848,4,20
50848,5,**
50848,6,0
,,
50849,,1290
50849,1,420
50849,2,360
50849,3,200
50849,4,140
50849,5,140
50849,6,30
,,
50851,,890
50851,1,300
50851,2,270
50851,3,150
50851,4,80
50851,5,90
50851,6,**
,,
50853,,310
50853,1,100
50853,2,90
50853,3,50
50853,4,40
50853,5,30
50853,6,**
,,
50854,,980
50854,1,390
50854,2,240
50854,3,150
50854,4,90
50854,5,110
50854,6,**
,,
50857,,110
50857,1,40
50857,2,40
50857,3,**
50857,4,30
50857,5,**
50857,6,**
,,
50858,,340
50858,1,120
50858,2,90
50858,3,70
50858,4,40
50858,5,20
50858,6,0
,,
50859,,250
50859,1,100
50859,2,70
50859,3,40
50859,4,40
50859,5,**
50859,6,**
,,
50860,,110
50860,1,50
50860,2,60
50860,3,**
50860,4,**
50860,5,**
50860,6,0
,,
50861,,100
50861,1,40
50861,2,30
50861,3,30
50861,4,**
50861,5,**
50861,6,0
,,
50864,,840
50864,1,300
50864,2,210
50864,3,140
50864,4,100
50864,5,90
50864,6,**
,,
51001,,960
51001,1,290
51001,2,220
51001,3,180
51001,4,130
51001,5,140
51001,6,**
,,
51002,,1240
51002,1,370
51002,2,310
51002,3,210
51002,4,150
51002,5,160
51002,6,40
,,
51003,,760
51003,1,210
51003,2,210
51003,3,130
51003,4,100
51003,5,110
51003,6,**
,,
51004,,470
51004,1,180
51004,2,110
51004,3,70
51004,4,40
51004,5,70
51004,6,**
,,
51005,,680
51005,1,190
51005,2,180
51005,3,120
51005,4,100
51005,5,70
51005,6,20
,,
51006,,480
51006,1,150
51006,2,140
51006,3,90
51006,4,50
51006,5,50
51006,6,**
,,
51007,,340
51007,1,110
51007,2,70
51007,3,40
51007,4,50
51007,5,70
51007,6,**
,,
51010,,200
51010,1,70
51010,2,50
51010,3,40
51010,4,40
51010,5,**
51010,6,**
,,
51012,,3030
51012,1,1090
51012,2,770
51012,3,440
51012,4,310
51012,5,340
51012,6,80
,,
51014,,250
51014,1,60
51014,2,60
51014,3,50
51014,4,30
51014,5,50
51014,6,**
,,
51016,,570
51016,1,180
51016,2,170
51016,3,90
51016,4,60
51016,5,70
51016,6,**
,,
51018,,170
51018,1,60
51018,2,30
51018,3,30
51018,4,50
51018,5,**
51018,6,**
,,
51019,,370
51019,1,120
51019,2,90
51019,3,60
51019,4,40
51019,5,60
51019,6,**
,,
51020,,260
51020,1,70
51020,2,70
51020,3,40
51020,4,30
51020,5,50
51020,6,**
,,
51022,,360
51022,1,100
51022,2,100
51022,3,70
51022,4,40
51022,5,50
51022,6,**
,,
51023,,1320
51023,1,430
51023,2,400
51023,3,250
51023,4,120
51023,5,100
51023,6,20
,,
51024,,980
51024,1,250
51024,2,220
51024,3,140
51024,4,140
51024,5,190
51024,6,40
,,
51025,,930
51025,1,270
51025,2,230
51025,3,160
51025,4,110
51025,5,130
51025,6,30
,,
51026,,360
51026,1,110
51026,2,80
51026,3,70
51026,4,50
51026,5,50
51026,6,**
,,
51027,,510
51027,1,150
51027,2,110
51027,3,110
51027,4,60
51027,5,80
51027,6,**
,,
51028,,930
51028,1,280
51028,2,210
51028,3,140
51028,4,120
51028,5,140
51028,6,40
,,
51029,,140
51029,1,50
51029,2,40
51029,3,20
51029,4,30
51029,5,**
51029,6,**
,,
51030,,790
51030,1,200
51030,2,140
51030,3,140
51030,4,110
51030,5,170
51030,6,30
,,
51031,,5980
51031,1,1860
51031,2,1390
51031,3,1010
51031,4,690
51031,5,830
51031,6,200
,,
51033,,220
51033,1,60
51033,2,60
51033,3,40
51033,4,30
51033,5,30
51033,6,**
,,
51034,,810
51034,1,280
51034,2,220
51034,3,130
51034,4,90
51034,5,60
51034,6,30
,,
51035,,750
51035,1,210
51035,2,200
51035,3,130
51035,4,90
51035,5,90
51035,6,30
,,
51036,,290
51036,1,80
51036,2,60
51036,3,60
51036,4,40
51036,5,50
51036,6,**
,,
51037,,150
51037,1,50
51037,2,40
51037,3,40
51037,4,**
51037,5,20
51037,6,**
,,
51038,,740
51038,1,220
51038,2,180
51038,3,130
51038,4,100
51038,5,110
51038,6,**
,,
51039,,1160
51039,1,350
51039,2,250
51039,3,190
51039,4,140
51039,5,200
51039,6,30
,,
51040,,1580
51040,1,640
51040,2,380
51040,3,230
51040,4,140
51040,5,150
51040,6,40
,,
51041,,2720
51041,1,760
51041,2,610
51041,3,500
51041,4,360
51041,5,380
51041,6,110
,,
51044,,100
51044,1,40
51044,2,30
51044,3,30
51044,4,**
51044,5,**
51044,6,**
,,
51046,,750
51046,1,200
51046,2,230
51046,3,140
51046,4,90
51046,5,90
51046,6,**
,,
51047,,280
51047,1,90
51047,2,80
51047,3,50
51047,4,30
51047,5,30
51047,6,**
,,
51048,,260
51048,1,80
51048,2,70
51048,3,50
51048,4,30
51048,5,30
51048,6,**
,,
51049,,220
51049,1,80
51049,2,70
51049,3,30
51049,4,20
51049,5,20
51049,6,**
,,
51050,,1240
51050,1,350
51050,2,300
51050,3,230
51050,4,170
51050,5,160
51050,6,30
,,
51052,,470
51052,1,150
51052,2,100
51052,3,80
51052,4,60
51052,5,80
51052,6,**
,,
51053,,520
51053,1,170
51053,2,120
51053,3,80
51053,4,70
51053,5,80
51053,6,**
,,
51054,,2450
51054,1,780
51054,2,460
51054,3,310
51054,4,250
51054,5,550
51054,6,100
,,
51055,,630
51055,1,190
51055,2,130
51055,3,110
51055,4,90
51055,5,110
51055,6,**
,,
51056,,200
51056,1,70
51056,2,50
51056,3,40
51056,4,40
51056,5,**
51056,6,**
,,
51058,,470
51058,1,140
51058,2,130
51058,3,110
51058,4,40
51058,5,50
51058,6,**
,,
51060,,280
51060,1,90
51060,2,90
51060,3,50
51060,4,50
51060,5,**
51060,6,**
,,
51061,,210
51061,1,80
51061,2,70
51061,3,40
51061,4,**
51061,5,20
51061,6,**
,,
51062,,260
51062,1,80
51062,2,70
51062,3,40
51062,4,30
51062,5,40
51062,6,**
,,
51063,,490
51063,1,160
51063,2,140
51063,3,70
51063,4,60
51063,5,60
51063,6,**
,,
51101,,340
51101,1,200
51101,2,70
51101,3,40
51101,4,**
51101,5,30
51101,6,**
,,
51103,,7170
51103,1,3170
51103,2,2250
51103,3,970
51103,4,440
51103,5,310
51103,6,30
,,
51104,,10080
51104,1,3490
51104,2,2740
51104,3,1530
51104,4,950
51104,5,1110
51104,6,260
,,
51105,,3890
51105,1,1860
51105,2,1400
51105,3,440
51105,4,140
51105,5,50
51105,6,**
,,
51106,,12840
51106,1,4460
51106,2,3310
51106,3,1970
51106,4,1330
51106,5,1460
51106,6,310
,,
51108,,2650
51108,1,880
51108,2,710
51108,3,400
51108,4,230
51108,5,330
51108,6,100
,,
51109,,1470
51109,1,600
51109,2,420
51109,3,210
51109,4,140
51109,5,100
51109,6,**
,,
51201,,2830
51201,1,930
51201,2,710
51201,3,450
51201,4,340
51201,5,310
51201,6,90
,,
51230,,210
51230,1,70
51230,2,50
51230,3,40
51230,4,20
51230,5,30
51230,6,**
,,
51231,,130
51231,1,40
51231,2,30
51231,3,30
51231,4,30
51231,5,**
51231,6,**
,,
51232,,370
51232,1,110
51232,2,90
51232,3,90
51232,4,50
51232,5,30
51232,6,**
,,
51234,,560
51234,1,170
51234,2,140
51234,3,100
51234,4,70
51234,5,80
51234,6,**
,,
51235,,440
51235,1,110
51235,2,110
51235,3,100
51235,4,60
51235,5,60
51235,6,**
,,
51237,,730
51237,1,210
51237,2,210
51237,3,150
51237,4,90
51237,5,70
51237,6,**
,,
51238,,560
51238,1,150
51238,2,130
51238,3,110
51238,4,80
51238,5,70
51238,6,20
,,
51239,,1400
51239,1,420
51239,2,310
51239,3,240
51239,4,200
51239,5,190
51239,6,40
,,
51240,,740
51240,1,200
51240,2,190
51240,3,130
51240,4,90
51240,5,100
51240,6,30
,,
51241,,830
51241,1,220
51241,2,190
51241,3,130
51241,4,120
51241,5,140
51241,6,30
,,
51243,,360
51243,1,120
51243,2,90
51243,3,70
51243,4,40
51243,5,40
51243,6,**
,,
51245,,570
51245,1,160
51245,2,140
51245,3,110
51245,4,60
51245,5,80
51245,6,20
,,
51246,,1600
51246,1,460
51246,2,370
51246,3,260
51246,4,200
51246,5,240
51246,6,70
,,
51247,,2200
51247,1,650
51247,2,510
51247,3,370
51247,4,280
51247,5,290
51247,6,100
,,
51248,,800
51248,1,210
51248,2,220
51248,3,170
51248,4,110
51248,5,90
51248,6,**
,,
51249,,1610
51249,1,480
51249,2,480
51249,3,270
51249,4,180
51249,5,170
51249,6,30
,,
51250,,3380
51250,1,920
51250,2,760
51250,3,570
51250,4,420
51250,5,510
51250,6,200
,,
51301,,5940
51301,1,1920
51301,2,1610
51301,3,930
51301,4,650
51301,5,640
51301,6,190
,,
51331,,590
51331,1,150
51331,2,160
51331,3,80
51331,4,70
51331,5,90
51331,6,40
,,
51333,,250
51333,1,80
51333,2,70
51333,3,50
51333,4,30
51333,5,20
51333,6,**
,,
51334,,3270
51334,1,1120
51334,2,1000
51334,3,520
51334,4,290
51334,5,290
51334,6,50
,,
51338,,450
51338,1,130
51338,2,120
51338,3,80
51338,4,60
51338,5,60
51338,6,**
,,
51342,,560
51342,1,200
51342,2,170
51342,3,90
51342,4,50
51342,5,50
51342,6,**
,,
51343,,120
51343,1,50
51343,2,30
51343,3,20
51343,4,20
51343,5,**
51343,6,**
,,
51345,,160
51345,1,50
51345,2,40
51345,3,50
51345,4,**
51345,5,20
51345,6,**
,,
51346,,1090
51346,1,340
51346,2,270
51346,3,190
51346,4,140
51346,5,120
51346,6,30
,,
51347,,720
51347,1,190
51347,2,220
51347,3,120
51347,4,90
51347,5,100
51347,6,**
,,
51350,,210
51350,1,60
51350,2,70
51350,3,40
51350,4,40
51350,5,**
51350,6,**
,,
51351,,2250
51351,1,700
51351,2,560
51351,3,340
51351,4,250
51351,5,310
51351,6,90
,,
51354,,460
51354,1,130
51354,2,130
51354,3,100
51354,4,60
51354,5,40
51354,6,**
,,
51355,,550
51355,1,140
51355,2,110
51355,3,80
51355,4,70
51355,5,90
51355,6,60
,,
51357,,290
51357,1,90
51357,2,80
51357,3,50
51357,4,30
51357,5,40
51357,6,**
,,
51358,,600
51358,1,200
51358,2,180
51358,3,100
51358,4,60
51358,5,60
51358,6,**
,,
51360,,4200
51360,1,1270
51360,2,1000
51360,3,620
51360,4,430
51360,5,670
51360,6,210
,,
51364,,320
51364,1,110
51364,2,100
51364,3,60
51364,4,20
51364,5,30
51364,6,**
,,
51365,,160
51365,1,50
51365,2,50
51365,3,30
51365,4,30
51365,5,**
51365,6,**
,,
51366,,150
51366,1,30
51366,2,40
51366,3,30
51366,4,20
51366,5,30
51366,6,**
,,
51401,,5970
51401,1,1900
51401,2,1510
51401,3,930
51401,4,690
51401,5,710
51401,6,230
,,
51430,,360
51430,1,100
51430,2,100
51430,3,70
51430,4,50
51430,5,40
51430,6,**
,,
51431,,170
51431,1,50
51431,2,50
51431,3,50
51431,4,**
51431,5,20
51431,6,**
,,
51433,,290
51433,1,90
51433,2,80
51433,3,50
51433,4,40
51433,5,30
51433,6,**
,,
51436,,420
51436,1,120
51436,2,100
51436,3,80
51436,4,60
51436,5,40
51436,6,20
,,
51439,,410
51439,1,130
51439,2,110
51439,3,80
51439,4,40
51439,5,50
51439,6,**
,,
51440,,180
51440,1,50
51440,2,50
51440,3,30
51440,4,50
51440,5,**
51440,6,**
,,
51441,,150
51441,1,50
51441,2,50
51441,3,50
51441,4,**
51441,5,**
51441,6,**
,,
51442,,4450
51442,1,1480
51442,2,1440
51442,3,680
51442,4,410
51442,5,360
51442,6,80
,,
51443,,810
51443,1,260
51443,2,190
51443,3,140
51443,4,110
51443,5,90
51443,6,20
,,
51445,,1350
51445,1,400
51445,2,330
51445,3,230
51445,4,150
51445,5,190
51445,6,50
,,
51446,,250
51446,1,90
51446,2,50
51446,3,40
51446,4,30
51446,5,40
51446,6,**
,,
51448,,250
51448,1,80
51448,2,70
51448,3,50
51448,4,20
51448,5,30
51448,6,**
,,
51449,,910
51449,1,300
51449,2,250
51449,3,150
51449,4,90
51449,5,120
51449,6,**
,,
51450,,800
51450,1,270
51450,2,210
51450,3,130
51450,4,80
51450,5,90
51450,6,20
,,
51453,,290
51453,1,90
51453,2,90
51453,3,50
51453,4,30
51453,5,30
51453,6,**
,,
51454,,630
51454,1,200
51454,2,180
51454,3,90
51454,4,90
51454,5,70
51454,6,**
,,
51455,,1040
51455,1,310
51455,2,260
51455,3,190
51455,4,120
51455,5,130
51455,6,30
,,
51458,,630
51458,1,180
51458,2,150
51458,3,130
51458,4,70
51458,5,100
51458,6,**
,,
51461,,530
51461,1,160
51461,2,130
51461,3,100
51461,4,60
51461,5,80
51461,6,**
,,
51462,,480
51462,1,160
51462,2,140
51462,3,100
51462,4,40
51462,5,40
51462,6,**
,,
51463,,270
51463,1,70
51463,2,70
51463,3,50
51463,4,30
51463,5,50
51463,6,**
,,
51465,,360
51465,1,120
51465,2,100
51465,3,70
51465,4,40
51465,5,30
51465,6,**
,,
51466,,480
51466,1,170
51466,2,110
51466,3,80
51466,4,50
51466,5,70
51466,6,**
,,
51467,,280
51467,1,70
51467,2,70
51467,3,70
51467,4,40
51467,5,30
51467,6,**
,,
51501,,15470
51501,1,6140
51501,2,5160
51501,3,2220
51501,4,1120
51501,5,760
51501,6,70
,,
51503,,16800
51503,1,5050
51503,2,3980
51503,3,2460
51503,4,1950
51503,5,2770
51503,6,590
,,
51510,,1630
51510,1,640
51510,2,480
51510,3,230
51510,4,120
51510,5,130
51510,6,30
,,
51521,,1000
51521,1,340
51521,2,210
51521,3,170
51521,4,120
51521,5,140
51521,6,20
,,
51523,,150
51523,1,50
51523,2,60
51523,3,**
51523,4,20
51523,5,20
51523,6,**
,,
51525,,540
51525,1,150
51525,2,150
51525,3,80
51525,4,70
51525,5,90
51525,6,**
,,
51526,,850
51526,1,220
51526,2,200
51526,3,110
51526,4,120
51526,5,170
51526,6,30
,,
51527,,270
51527,1,90
51527,2,70
51527,3,40
51527,4,30
51527,5,40
51527,6,**
,,
51528,,410
51528,1,140
51528,2,120
51528,3,70
51528,4,40
51528,5,40
51528,6,**
,,
51529,,740
51529,1,230
51529,2,200
51529,3,140
51529,4,70
51529,5,80
51529,6,20
,,
51530,,390
51530,1,130
51530,2,110
51530,3,70
51530,4,40
51530,5,40
51530,6,**
,,
51531,,370
51531,1,110
51531,2,90
51531,3,70
51531,4,50
51531,5,50
51531,6,**
,,
51532,,270
51532,1,90
51532,2,70
51532,3,50
51532,4,30
51532,5,30
51532,6,**
,,
51533,,380
51533,1,130
51533,2,100
51533,3,60
51533,4,40
51533,5,50
51533,6,**
,,
51534,,4010
51534,1,1120
51534,2,880
51534,3,650
51534,4,450
51534,5,770
51534,6,140
,,
51535,,820
51535,1,260
51535,2,220
51535,3,140
51535,4,100
51535,5,100
51535,6,**
,,
51536,,210
51536,1,60
51536,2,50
51536,3,50
51536,4,20
51536,5,30
51536,6,**
,,
51537,,3160
51537,1,1090
51537,2,750
51537,3,520
51537,4,340
51537,5,360
51537,6,100
,,
51540,,180
51540,1,50
51540,2,40
51540,3,40
51540,4,20
51540,5,30
51540,6,**
,,
51541,,160
51541,1,60
51541,2,40
51541,3,30
51541,4,30
51541,5,**
51541,6,**
,,
51542,,480
51542,1,130
51542,2,90
51542,3,70
51542,4,70
51542,5,100
51542,6,20
,,
51543,,200
51543,1,70
51543,2,60
51543,3,40
51543,4,30
51543,5,**
51543,6,**
,,
51544,,290
51544,1,90
51544,2,80
51544,3,60
51544,4,30
51544,5,30
51544,6,**
,,
51545,,140
51545,1,60
51545,2,50
51545,3,**
51545,4,30
51545,5,**
51545,6,**
,,
51546,,1260
51546,1,350
51546,2,320
51546,3,200
51546,4,150
51546,5,210
51546,6,30
,,
51548,,210
51548,1,50
51548,2,40
51548,3,40
51548,4,30
51548,5,50
51548,6,**
,,
51549,,210
51549,1,60
51549,2,50
51549,3,40
51549,4,30
51549,5,30
51549,6,**
,,
51551,,840
51551,1,250
51551,2,200
51551,3,140
51551,4,100
51551,5,150
51551,6,**
,,
51552,,110
51552,1,40
51552,2,20
51552,3,20
51552,4,30
51552,5,**
51552,6,**
,,
51553,,430
51553,1,110
51553,2,100
51553,3,60
51553,4,70
51553,5,90
51553,6,**
,,
51555,,2290
51555,1,730
51555,2,540
51555,3,380
51555,4,230
51555,5,350
51555,6,60
,,
51556,,180
51556,1,60
51556,2,50
51556,3,50
51556,4,**
51556,5,20
51556,6,**
,,
51557,,400
51557,1,130
51557,2,90
51557,3,60
51557,4,60
51557,5,60
51557,6,**
,,
51558,,240
51558,1,90
51558,2,60
51558,3,40
51558,4,20
51558,5,30
51558,6,**
,,
51559,,820
51559,1,230
51559,2,180
51559,3,130
51559,4,120
51559,5,130
51559,6,30
,,
51560,,930
51560,1,270
51560,2,270
51560,3,140
51560,4,110
51560,5,120
51560,6,20
,,
51561,,680
51561,1,190
51561,2,170
51561,3,120
51561,4,80
51561,5,90
51561,6,30
,,
51562,,230
51562,1,70
51562,2,60
51562,3,40
51562,4,30
51562,5,30
51562,6,**
,,
51563,,330
51563,1,100
51563,2,90
51563,3,60
51563,4,40
51563,5,40
51563,6,**
,,
51564,,220
51564,1,80
51564,2,60
51564,3,30
51564,4,30
51564,5,20
51564,6,**
,,
51565,,240
51565,1,70
51565,2,60
51565,3,40
51565,4,30
51565,5,40
51565,6,**
,,
51566,,3090
51566,1,1230
51566,2,810
51566,3,430
51566,4,260
51566,5,300
51566,6,60
,,
51570,,490
51570,1,150
51570,2,140
51570,3,80
51570,4,60
51570,5,60
51570,6,**
,,
51571,,290
51571,1,70
51571,2,60
51571,3,40
51571,4,50
51571,5,70
51571,6,**
,,
51572,,160
51572,1,60
51572,2,40
51572,3,30
51572,4,30
51572,5,**
51572,6,**
,,
51573,,500
51573,1,140
51573,2,130
51573,3,90
51573,4,70
51573,5,70
51573,6,**
,,
51575,,820
51575,1,200
51575,2,190
51575,3,120
51575,4,110
51575,5,160
51575,6,40
,,
51576,,980
51576,1,270
51576,2,180
51576,3,130
51576,4,140
51576,5,230
51576,6,30
,,
51577,,480
51577,1,160
51577,2,110
51577,3,80
51577,4,60
51577,5,70
51577,6,**
,,
51579,,1000
51579,1,310
51579,2,270
51579,3,170
51579,4,120
51579,5,130
51579,6,**
,,
51601,,2530
51601,1,950
51601,2,690
51601,3,360
51601,4,240
51601,5,230
51601,6,60
,,
51631,,150
51631,1,60
51631,2,40
51631,3,20
51631,4,30
51631,5,**
51631,6,**
,,
51632,,2640
51632,1,950
51632,2,650
51632,3,430
51632,4,300
51632,5,260
51632,6,50
,,
51636,,170
51636,1,50
51636,2,50
51636,3,50
51636,4,**
51636,5,20
51636,6,**
,,
51638,,570
51638,1,180
51638,2,140
51638,3,120
51638,4,60
51638,5,70
51638,6,**
,,
51639,,370
51639,1,100
51639,2,100
51639,3,70
51639,4,50
51639,5,50
51639,6,**
,,
51640,,690
51640,1,250
51640,2,190
51640,3,90
51640,4,70
51640,5,90
51640,6,**
,,
51645,,120
51645,1,40
51645,2,50
51645,3,**
51645,4,30
51645,5,**
51645,6,**
,,
51646,,350
51646,1,100
51646,2,110
51646,3,60
51646,4,50
51646,5,30
51646,6,**
,,
51649,,170
51649,1,50
51649,2,50
51649,3,30
51649,4,40
51649,5,**
51649,6,**
,,
51650,,140
51650,1,50
51650,2,40
51650,3,20
51650,4,30
51650,5,**
51650,6,**
,,
51652,,760
51652,1,260
51652,2,190
51652,3,120
51652,4,90
51652,5,100
51652,6,**
,,
51653,,570
51653,1,180
51653,2,130
51653,3,100
51653,4,70
51653,5,90
51653,6,**
,,
51654,,230
51654,1,80
51654,2,50
51654,3,40
51654,4,30
51654,5,30
51654,6,**
,,
52001,,19670
52001,1,7970
52001,2,5680
52001,3,2780
52001,4,1600
52001,5,1340
52001,6,300
,,
52002,,7990
52002,1,2410
52002,2,1650
52002,3,1180
52002,4,1060
52002,5,1400
52002,6,290
,,
52003,,7120
52003,1,2180
52003,2,1590
52003,3,970
52003,4,810
52003,5,1070
52003,6,500
,,
52031,,2400
52031,1,750
52031,2,570
52031,3,370
52031,4,310
52031,5,320
52031,6,80
,,
52032,,680
52032,1,210
52032,2,190
52032,3,130
52032,4,80
52032,5,70
52032,6,**
,,
52033,,1550
52033,1,430
52033,2,390
52033,3,280
52033,4,200
52033,5,200
52033,6,50
,,
52035,,430
52035,1,140
52035,2,130
52035,3,90
52035,4,40
52035,5,30
52035,6,**
,,
52037,,540
52037,1,140
52037,2,130
52037,3,110
52037,4,80
52037,5,80
52037,6,**
,,
52038,,200
52038,1,60
52038,2,50
52038,3,50
52038,4,40
52038,5,**
52038,6,0
,,
52039,,570
52039,1,180
52039,2,100
52039,3,90
52039,4,90
52039,5,110
52039,6,**
,,
52040,,2880
52040,1,880
52040,2,730
52040,3,470
52040,4,340
52040,5,370
52040,6,90
,,
52041,,690
52041,1,200
52041,2,190
52041,3,130
52041,4,100
52041,5,70
52041,6,**
,,
52042,,720
52042,1,240
52042,2,190
52042,3,130
52042,4,80
52042,5,80
52042,6,**
,,
52043,,1040
52043,1,320
52043,2,250
52043,3,200
52043,4,120
52043,5,120
52043,6,30
,,
52045,,1180
52045,1,370
52045,2,310
52045,3,190
52045,4,140
52045,5,170
52045,6,**
,,
52046,,1060
52046,1,310
52046,2,290
52046,3,180
52046,4,130
52046,5,150
52046,6,**
,,
52047,,270
52047,1,90
52047,2,80
52047,3,40
52047,4,30
52047,5,30
52047,6,**
,,
52048,,160
52048,1,60
52048,2,50
52048,3,30
52048,4,20
52048,5,**
52048,6,**
,,
52049,,620
52049,1,210
52049,2,180
52049,3,90
52049,4,70
52049,5,70
52049,6,**
,,
52050,,230
52050,1,80
52050,2,60
52050,3,50
52050,4,40
52050,5,**
52050,6,**
,,
52052,,1390
52052,1,460
52052,2,400
52052,3,230
52052,4,140
52052,5,130
52052,6,30
,,
52053,,500
52053,1,180
52053,2,120
52053,3,80
52053,4,50
52053,5,70
52053,6,**
,,
52054,,480
52054,1,150
52054,2,110
52054,3,90
52054,4,60
52054,5,70
52054,6,**
,,
52057,,3780
52057,1,1240
52057,2,910
52057,3,650
52057,4,430
52057,5,450
52057,6,100
,,
52060,,3960
52060,1,1530
52060,2,1060
52060,3,640
52060,4,330
52060,5,330
52060,6,70
,,
52064,,390
52064,1,130
52064,2,110
52064,3,60
52064,4,40
52064,5,50
52064,6,**
,,
52065,,430
52065,1,130
52065,2,130
52065,3,70
52065,4,50
52065,5,50
52065,6,**
,,
52068,,2090
52068,1,560
52068,2,360
52068,3,290
52068,4,270
52068,5,500
52068,6,110
,,
52069,,730
52069,1,240
52069,2,180
52069,3,140
52069,4,70
52069,5,100
52069,6,**
,,
52070,,470
52070,1,150
52070,2,100
52070,3,80
52070,4,80
52070,5,60
52070,6,**
,,
52072,,180
52072,1,60
52072,2,50
52072,3,30
52072,4,40
52072,5,**
52072,6,**
,,
52073,,760
52073,1,240
52073,2,170
52073,3,130
52073,4,110
52073,5,110
52073,6,**
,,
52074,,130
52074,1,50
52074,2,30
52074,3,20
52074,4,30
52074,5,**
52074,6,**
,,
52076,,950
52076,1,310
52076,2,240
52076,3,180
52076,4,130
52076,5,90
52076,6,**
,,
52077,,180
52077,1,70
52077,2,50
52077,3,30
52077,4,30
52077,5,**
52077,6,0
,,
52078,,390
52078,1,120
52078,2,90
52078,3,70
52078,4,60
52078,5,50
52078,6,**
,,
52079,,360
52079,1,120
52079,2,90
52079,3,60
52079,4,40
52079,5,50
52079,6,**
,,
52101,,5860
52101,1,1820
52101,2,1420
52101,3,940
52101,4,720
52101,5,760
52101,6,200
,,
52132,,840
52132,1,270
52132,2,240
52132,3,130
52132,4,100
52132,5,100
52132,6,**
,,
52133,,220
52133,1,80
52133,2,60
52133,3,40
52133,4,40
52133,5,**
52133,6,**
,,
52134,,120
52134,1,40
52134,2,50
52134,3,**
52134,4,30
52134,5,**
52134,6,**
,,
52135,,380
52135,1,130
52135,2,100
52135,3,60
52135,4,50
52135,5,40
52135,6,**
,,
52136,,2730
52136,1,930
52136,2,810
52136,3,420
52136,4,290
52136,5,240
52136,6,40
,,
52140,,240
52140,1,80
52140,2,60
52140,3,40
52140,4,30
52140,5,30
52140,6,**
,,
52141,,600
52141,1,210
52141,2,150
52141,3,110
52141,4,60
52141,5,70
52141,6,**
,,
52142,,580
52142,1,220
52142,2,150
52142,3,80
52142,4,60
52142,5,70
52142,6,**
,,
52144,,580
52144,1,180
52144,2,150
52144,3,100
52144,4,70
52144,5,80
52144,6,**
,,
52146,,440
52146,1,130
52146,2,120
52146,3,80
52146,4,60
52146,5,50
52146,6,**
,,
52147,,480
52147,1,180
52147,2,130
52147,3,90
52147,4,40
52147,5,40
52147,6,**
,,
52151,,1000
52151,1,340
52151,2,310
52151,3,120
52151,4,110
52151,5,120
52151,6,**
,,
52154,,490
52154,1,170
52154,2,130
52154,3,80
52154,4,50
52154,5,60
52154,6,**
,,
52155,,560
52155,1,200
52155,2,150
52155,3,100
52155,4,50
52155,5,60
52155,6,**
,,
52156,,310
52156,1,110
52156,2,70
52156,3,60
52156,4,30
52156,5,40
52156,6,**
,,
52157,,810
52157,1,290
52157,2,220
52157,3,130
52157,4,80
52157,5,90
52157,6,**
,,
52159,,1030
52159,1,330
52159,2,280
52159,3,180
52159,4,130
52159,5,110
52159,6,**
,,
52160,,380
52160,1,110
52160,2,120
52160,3,60
52160,4,40
52160,5,50
52160,6,**
,,
52161,,640
52161,1,190
52161,2,170
52161,3,110
52161,4,90
52161,5,80
52161,6,**
,,
52162,,1400
52162,1,490
52162,2,500
52162,3,220
52162,4,110
52162,5,80
52162,6,**
,,
52165,,470
52165,1,150
52165,2,130
52165,3,80
52165,4,70
52165,5,40
52165,6,**
,,
52169,,180
52169,1,70
52169,2,50
52169,3,30
52169,4,30
52169,5,**
52169,6,**
,,
52170,,240
52170,1,70
52170,2,70
52170,3,50
52170,4,20
52170,5,30
52170,6,**
,,
52171,,450
52171,1,140
52171,2,130
52171,3,80
52171,4,50
52171,5,50
52171,6,**
,,
52172,,2850
52172,1,1040
52172,2,780
52172,3,460
52172,4,260
52172,5,260
52172,6,50
,,
52175,,1540
52175,1,490
52175,2,440
52175,3,270
52175,4,170
52175,5,140
52175,6,30
,,
52201,,580
52201,1,170
52201,2,150
52201,3,100
52201,4,70
52201,5,90
52201,6,**
,,
52202,,520
52202,1,150
52202,2,110
52202,3,80
52202,4,80
52202,5,100
52202,6,**
,,
52203,,920
52203,1,220
52203,2,220
52203,3,160
52203,4,110
52203,5,180
52203,6,30
,,
52205,,3570
52205,1,1150
52205,2,850
52205,3,580
52205,4,420
52205,5,480
52205,6,90
,,
52206,,1140
52206,1,270
52206,2,190
52206,3,160
52206,4,170
52206,5,320
52206,6,30
,,
52207,,170
52207,1,70
52207,2,40
52207,3,20
52207,4,40
52207,5,**
52207,6,0
,,
52208,,1370
52208,1,440
52208,2,400
52208,3,220
52208,4,170
52208,5,140
52208,6,**
,,
52209,,520
52209,1,140
52209,2,150
52209,3,90
52209,4,60
52209,5,80
52209,6,**
,,
52210,,350
52210,1,120
52210,2,90
52210,3,50
52210,4,40
52210,5,50
52210,6,**
,,
52211,,1260
52211,1,390
52211,2,330
52211,3,210
52211,4,150
52211,5,150
52211,6,30
,,
52212,,140
52212,1,50
52212,2,40
52212,3,20
52212,4,30
52212,5,**
52212,6,**
,,
52213,,2040
52213,1,530
52213,2,410
52213,3,330
52213,4,290
52213,5,420
52213,6,60
,,
52214,,1440
52214,1,450
52214,2,340
52214,3,230
52214,4,160
52214,5,230
52214,6,30
,,
52215,,390
52215,1,130
52215,2,110
52215,3,80
52215,4,40
52215,5,30
52215,6,**
,,
52216,,660
52216,1,200
52216,2,180
52216,3,110
52216,4,90
52216,5,80
52216,6,**
,,
52217,,250
52217,1,80
52217,2,90
52217,3,40
52217,4,40
52217,5,**
52217,6,**
,,
52218,,690
52218,1,190
52218,2,170
52218,3,120
52218,4,100
52218,5,110
52218,6,**
,,
52222,,280
52222,1,90
52222,2,70
52222,3,60
52222,4,40
52222,5,20
52222,6,**
,,
52223,,670
52223,1,210
52223,2,170
52223,3,110
52223,4,80
52223,5,100
52223,6,**
,,
52224,,930
52224,1,290
52224,2,200
52224,3,140
52224,4,130
52224,5,140
52224,6,30
,,
52225,,210
52225,1,60
52225,2,70
52225,3,30
52225,4,30
52225,5,20
52225,6,**
,,
52227,,1320
52227,1,310
52227,2,230
52227,3,190
52227,4,190
52227,5,350
52227,6,50
,,
52228,,1570
52228,1,370
52228,2,300
52228,3,230
52228,4,200
52228,5,400
52228,6,70
,,
52229,,270
52229,1,80
52229,2,80
52229,3,40
52229,4,30
52229,5,40
52229,6,**
,,
52231,,170
52231,1,50
52231,2,50
52231,3,50
52231,4,**
52231,5,20
52231,6,**
,,
52233,,3480
52233,1,1230
52233,2,870
52233,3,490
52233,4,300
52233,5,470
52233,6,120
,,
52236,,250
52236,1,60
52236,2,50
52236,3,50
52236,4,40
52236,5,50
52236,6,**
,,
52237,,670
52237,1,220
52237,2,180
52237,3,130
52237,4,80
52237,5,60
52237,6,**
,,
52240,,14180
52240,1,5670
52240,2,3390
52240,3,1810
52240,4,1110
52240,5,1590
52240,6,610
,,
52241,,9780
52241,1,3210
52241,2,2400
52241,3,1300
52241,4,830
52241,5,1350
52241,6,690
,,
52245,,9510
52245,1,2890
52245,2,1890
52245,3,1300
52245,4,960
52245,5,1840
52245,6,630
,,
52246,,9620
52246,1,3640
52246,2,2010
52246,3,1150
52246,4,670
52246,5,1330
52246,6,820
,,
52247,,2430
52247,1,780
52247,2,600
52247,3,390
52247,4,300
52247,5,310
52247,6,50
,,
52248,,770
52248,1,220
52248,2,220
52248,3,130
52248,4,90
52248,5,90
52248,6,20
,,
52249,,410
52249,1,110
52249,2,100
52249,3,80
52249,4,50
52249,5,70
52249,6,**
,,
52251,,240
52251,1,70
52251,2,80
52251,3,30
52251,4,40
52251,5,20
52251,6,**
,,
52253,,1500
52253,1,420
52253,2,320
52253,3,230
52253,4,210
52253,5,280
52253,6,40
,,
52254,,420
52254,1,130
52254,2,140
52254,3,80
52254,4,40
52254,5,30
52254,6,**
,,
52255,,560
52255,1,180
52255,2,140
52255,3,100
52255,4,70
52255,5,70
52255,6,**
,,
52257,,130
52257,1,30
52257,2,30
52257,3,30
52257,4,40
52257,5,**
52257,6,**
,,
52301,,1800
52301,1,590
52301,2,460
52301,3,310
52301,4,220
52301,5,200
52301,6,20
,,
52302,,19290
52302,1,5530
52302,2,4250
52302,3,2820
52302,4,2300
52302,5,3620
52302,6,770
,,
52305,,310
52305,1,90
52305,2,70
52305,3,60
52305,4,40
52305,5,50
52305,6,**
,,
52306,,820
52306,1,250
52306,2,210
52306,3,160
52306,4,90
52306,5,110
52306,6,**
,,
52309,,180
52309,1,60
52309,2,50
52309,3,40
52309,4,30
52309,5,**
52309,6,0
,,
52310,,2960
52310,1,1010
52310,2,750
52310,3,480
52310,4,330
52310,5,330
52310,6,60
,,
52313,,170
52313,1,50
52313,2,40
52313,3,30
52313,4,50
52313,5,**
52313,6,**
,,
52314,,2360
52314,1,680
52314,2,440
52314,3,330
52314,4,280
52314,5,500
52314,6,130
,,
52315,,570
52315,1,140
52315,2,150
52315,3,100
52315,4,90
52315,5,90
52315,6,**
,,
52316,,710
52316,1,230
52316,2,190
52316,3,130
52316,4,90
52316,5,70
52316,6,**
,,
52317,,9660
52317,1,2210
52317,2,2380
52317,3,1660
52317,4,1150
52317,5,1880
52317,6,380
,,
52318,,470
52318,1,130
52318,2,140
52318,3,80
52318,4,50
52318,5,70
52318,6,**
,,
52320,,490
52320,1,150
52320,2,150
52320,3,80
52320,4,60
52320,5,50
52320,6,**
,,
52321,,210
52321,1,80
52321,2,50
52321,3,40
52321,4,20
52321,5,20
52321,6,**
,,
52322,,1170
52322,1,310
52322,2,300
52322,3,200
52322,4,150
52322,5,180
52322,6,30
,,
52323,,330
52323,1,140
52323,2,90
52323,3,50
52323,4,30
52323,5,20
52323,6,0
,,
52324,,1040
52324,1,230
52324,2,200
52324,3,180
52324,4,150
52324,5,260
52324,6,20
,,
52325,,390
52325,1,120
52325,2,80
52325,3,70
52325,4,50
52325,5,70
52325,6,**
,,
52326,,260
52326,1,80
52326,2,70
52326,3,50
52326,4,30
52326,5,30
52326,6,**
,,
52327,,1530
52327,1,420
52327,2,310
52327,3,260
52327,4,210
52327,5,280
52327,6,50
,,
52328,,1430
52328,1,320
52328,2,150
52328,3,140
52328,4,170
52328,5,470
52328,6,180
,,
52329,,350
52329,1,100
52329,2,90
52329,3,60
52329,4,50
52329,5,50
52329,6,**
,,
52330,,340
52330,1,90
52330,2,80
52330,3,60
52330,4,60
52330,5,50
52330,6,**
,,
52332,,920
52332,1,240
52332,2,250
52332,3,150
52332,4,120
52332,5,160
52332,6,**
,,
52333,,3370
52333,1,790
52333,2,550
52333,3,420
52333,4,440
52333,5,920
52333,6,250
,,
52334,,190
52334,1,60
52334,2,30
52334,3,40
52334,4,20
52334,5,40
52334,6,**
,,
52335,,280
52335,1,80
52335,2,90
52335,3,60
52335,4,50
52335,5,**
52335,6,**
,,
52336,,1190
52336,1,370
52336,2,270
52336,3,180
52336,4,150
52336,5,190
52336,6,30
,,
52337,,400
52337,1,120
52337,2,120
52337,3,70
52337,4,50
52337,5,40
52337,6,**
,,
52338,,1670
52338,1,390
52338,2,240
52338,3,200
52338,4,190
52338,5,450
52338,6,200
,,
52339,,2200
52339,1,870
52339,2,680
52339,3,350
52339,4,150
52339,5,150
52339,6,**
,,
52340,,1850
52340,1,450
52340,2,490
52340,3,300
52340,4,250
52340,5,330
52340,6,30
,,
52341,,570
52341,1,160
52341,2,110
52341,3,90
52341,4,60
52341,5,110
52341,6,40
,,
52342,,1520
52342,1,530
52342,2,460
52342,3,240
52342,4,150
52342,5,140
52342,6,**
,,
52345,,640
52345,1,150
52345,2,130
52345,3,110
52345,4,100
52345,5,150
52345,6,**
,,
52346,,520
52346,1,130
52346,2,120
52346,3,90
52346,4,80
52346,5,100
52346,6,**
,,
52347,,700
52347,1,200
52347,2,210
52347,3,120
52347,4,80
52347,5,90
52347,6,**
,,
52349,,3300
52349,1,1050
52349,2,800
52349,3,500
52349,4,430
52349,5,450
52349,6,70
,,
52351,,700
52351,1,190
52351,2,100
52351,3,90
52351,4,90
52351,5,210
52351,6,20
,,
52352,,890
52352,1,250
52352,2,200
52352,3,150
52352,4,100
52352,5,170
52352,6,20
,,
52353,,4330
52353,1,1510
52353,2,1150
52353,3,690
52353,4,430
52353,5,440
52353,6,110
,,
52354,,190
52354,1,50
52354,2,40
52354,3,40
52354,4,20
52354,5,40
52354,6,**
,,
52355,,130
52355,1,40
52355,2,40
52355,3,20
52355,4,30
52355,5,**
52355,6,**
,,
52356,,1210
52356,1,340
52356,2,320
52356,3,220
52356,4,170
52356,5,140
52356,6,20
,,
52358,,1800
52358,1,470
52358,2,420
52358,3,330
52358,4,220
52358,5,310
52358,6,50
,,
52359,,130
52359,1,40
52359,2,70
52359,3,**
52359,4,20
52359,5,**
52359,6,0
,,
52361,,2260
52361,1,620
52361,2,510
52361,3,390
52361,4,320
52361,5,370
52361,6,50
,,
52362,,440
52362,1,140
52362,2,110
52362,3,90
52362,4,50
52362,5,50
52362,6,**
,,
52401,,850
52401,1,390
52401,2,270
52401,3,80
52401,4,30
52401,5,50
52401,6,30
,,
52402,,19440
52402,1,6130
52402,2,4890
52402,3,3090
52402,4,2110
52402,5,2700
52402,6,520
,,
52403,,11080
52403,1,3550
52403,2,2680
52403,3,1490
52403,4,1090
52403,5,1590
52403,6,680
,,
52404,,19460
52404,1,7120
52404,2,5890
52404,3,2750
52404,4,1690
52404,5,1760
52404,6,250
,,
52405,,12550
52405,1,3870
52405,2,3480
52405,3,2060
52405,4,1410
52405,5,1530
52405,6,200
,,
52411,,3630
52411,1,820
52411,2,390
52411,3,300
52411,4,360
52411,5,1140
52411,6,620
,,
52501,,12840
52501,1,4970
52501,2,3560
52501,3,1940
52501,4,1150
52501,5,1040
52501,6,180
,,
52530,,470
52530,1,150
52530,2,130
52530,3,80
52530,4,50
52530,5,60
52530,6,**
,,
52531,,2520
52531,1,930
52531,2,640
52531,3,400
52531,4,280
52531,5,240
52531,6,30
,,
52533,,500
52533,1,170
52533,2,130
52533,3,80
52533,4,60
52533,5,60
52533,6,**
,,
52534,,130
52534,1,50
52534,2,40
52534,3,20
52534,4,20
52534,5,**
52534,6,0
,,
52535,,370
52535,1,130
52535,2,110
52535,3,60
52535,4,40
52535,5,30
52535,6,**
,,
52536,,410
52536,1,140
52536,2,100
52536,3,80
52536,4,40
52536,5,50
52536,6,**
,,
52537,,2760
52537,1,920
52537,2,730
52537,3,460
52537,4,310
52537,5,290
52537,6,50
,,
52540,,610
52540,1,210
52540,2,190
52540,3,100
52540,4,60
52540,5,50
52540,6,**
,,
52542,,170
52542,1,60
52542,2,50
52542,3,30
52542,4,30
52542,5,**
52542,6,**
,,
52543,,100
52543,1,40
52543,2,**
52543,3,40
52543,4,**
52543,5,20
52543,6,**
,,
52544,,3150
52544,1,1330
52544,2,870
52544,3,430
52544,4,270
52544,5,220
52544,6,30
,,
52549,,280
52549,1,130
52549,2,80
52549,3,30
52549,4,40
52549,5,**
52549,6,**
,,
52550,,220
52550,1,80
52550,2,60
52550,3,40
52550,4,40
52550,5,**
52550,6,0
,,
52551,,300
52551,1,120
52551,2,80
52551,3,40
52551,4,30
52551,5,30
52551,6,**
,,
52552,,280
52552,1,110
52552,2,70
52552,3,50
52552,4,20
52552,5,30
52552,6,**
,,
52553,,730
52553,1,250
52553,2,200
52553,3,120
52553,4,80
52553,5,80
52553,6,**
,,
52554,,550
52554,1,210
52554,2,170
52554,3,100
52554,4,40
52554,5,30
52554,6,0
,,
52555,,130
52555,1,50
52555,2,40
52555,3,40
52555,4,**
52555,5,**
52555,6,0
,,
52556,,5350
52556,1,2200
52556,2,1320
52556,3,710
52556,4,470
52556,5,490
52556,6,160
,,
52560,,190
52560,1,70
52560,2,60
52560,3,20
52560,4,40
52560,5,**
52560,6,**
,,
52561,,420
52561,1,140
52561,2,110
52561,3,80
52561,4,50
52561,5,40
52561,6,**
,,
52563,,630
52563,1,210
52563,2,170
52563,3,100
52563,4,80
52563,5,70
52563,6,**
,,
52565,,830
52565,1,280
52565,2,230
52565,3,120
52565,4,100
52565,5,80
52565,6,20
,,
52567,,260
52567,1,80
52567,2,70
52567,3,50
52567,4,30
52567,5,30
52567,6,**
,,
52569,,260
52569,1,100
52569,2,60
52569,3,50
52569,4,30
52569,5,20
52569,6,**
,,
52570,,310
52570,1,130
52570,2,100
52570,3,40
52570,4,40
52570,5,**
52570,6,**
,,
52571,,650
52571,1,220
52571,2,190
52571,3,100
52571,4,60
52571,5,80
52571,6,**
,,
52572,,420
52572,1,180
52572,2,110
52572,3,80
52572,4,50
52572,5,**
52572,6,**
,,
52574,,330
52574,1,120
52574,2,100
52574,3,60
52574,4,30
52574,5,20
52574,6,**
,,
52576,,230
52576,1,70
52576,2,70
52576,3,40
52576,4,30
52576,5,20
52576,6,**
,,
52577,,6290
52577,1,2250
52577,2,1630
52577,3,1020
52577,4,620
52577,5,650
52577,6,120
,,
52580,,200
52580,1,60
52580,2,60
52580,3,40
52580,4,20
52580,5,20
52580,6,**
,,
52581,,120
52581,1,50
52581,2,30
52581,3,20
52581,4,20
52581,5,**
52581,6,**
,,
52583,,140
52583,1,60
52583,2,40
52583,3,40
52583,4,**
52583,5,**
52583,6,0
,,
52584,,150
52584,1,60
52584,2,50
52584,3,20
52584,4,20
52584,5,**
52584,6,0
,,
52585,,410
52585,1,120
52585,2,130
52585,3,60
52585,4,50
52585,5,50
52585,6,**
,,
52586,,220
52586,1,70
52586,2,60
52586,3,40
52586,4,20
52586,5,30
52586,6,**
,,
52590,,440
52590,1,180
52590,2,140
52590,3,70
52590,4,30
52590,5,20
52590,6,**
,,
52591,,1250
52591,1,400
52591,2,350
52591,3,220
52591,4,130
52591,5,150
52591,6,**
,,
52594,,160
52594,1,50
52594,2,40
52594,3,40
52594,4,30
52594,5,**
52594,6,0
,,
52601,,13620
52601,1,5280
52601,2,3730
52601,3,1920
52601,4,1180
52601,5,1230
52601,6,280
,,
52619,,270
52619,1,100
52619,2,60
52619,3,50
52619,4,30
52619,5,30
52619,6,**
,,
52620,,370
52620,1,130
52620,2,120
52620,3,60
52620,4,30
52620,5,30
52620,6,**
,,
52621,,330
52621,1,90
52621,2,90
52621,3,60
52621,4,40
52621,5,50
52621,6,**
,,
52623,,940
52623,1,300
52623,2,220
52623,3,170
52623,4,100
52623,5,150
52623,6,**
,,
52625,,1220
52625,1,370
52625,2,310
52625,3,210
52625,4,150
52625,5,180
52625,6,**
,,
52626,,530
52626,1,210
52626,2,150
52626,3,100
52626,4,40
52626,5,30
52626,6,**
,,
52627,,5530
52627,1,2100
52627,2,1500
52627,3,830
52627,4,500
52627,5,500
52627,6,100
,,
52630,,160
52630,1,60
52630,2,50
52630,3,30
52630,4,20
52630,5,**
52630,6,**
,,
52632,,5290
52632,1,2270
52632,2,1320
52632,3,770
52632,4,440
52632,5,420
52632,6,70
,,
52635,,290
52635,1,100
52635,2,100
52635,3,50
52635,4,40
52635,5,**
52635,6,**
,,
52637,,1190
52637,1,370
52637,2,280
52637,3,200
52637,4,160
52637,5,150
52637,6,30
,,
52638,,250
52638,1,80
52638,2,60
52638,3,50
52638,4,30
52638,5,30
52638,6,0
,,
52639,,880
52639,1,310
52639,2,220
52639,3,170
52639,4,90
52639,5,90
52639,6,**
,,
52640,,590
52640,1,190
52640,2,160
52640,3,100
52640,4,70
52640,5,70
52640,6,**
,,
52641,,5210
52641,1,1820
52641,2,1420
52641,3,800
52641,4,530
52641,5,540
52641,6,100
,,
52644,,190
52644,1,50
52644,2,70
52644,3,30
52644,4,40
52644,5,**
52644,6,**
,,
52645,,1460
52645,1,480
52645,2,380
52645,3,250
52645,4,170
52645,5,180
52645,6,**
,,
52646,,190
52646,1,60
52646,2,60
52646,3,30
52646,4,20
52646,5,20
52646,6,**
,,
52649,,430
52649,1,140
52649,2,130
52649,3,80
52649,4,40
52649,5,40
52649,6,**
,,
52650,,400
52650,1,100
52650,2,110
52650,3,70
52650,4,60
52650,5,60
52650,6,**
,,
52651,,270
52651,1,90
52651,2,80
52651,3,50
52651,4,30
52651,5,20
52651,6,**
,,
52653,,1510
52653,1,500
52653,2,380
52653,3,240
52653,4,190
52653,5,200
52653,6,**
,,
52654,,700
52654,1,220
52654,2,190
52654,3,130
52654,4,90
52654,5,70
52654,6,**
,,
52655,,2020
52655,1,710
52655,2,520
52655,3,330
52655,4,220
52655,5,190
52655,6,50
,,
52656,,1090
52656,1,320
52656,2,230
52656,3,190
52656,4,160
52656,5,160
52656,6,30
,,
52658,,520
52658,1,150
52658,2,120
52658,3,90
52658,4,60
52658,5,100
52658,6,**
,,
52659,,670
52659,1,220
52659,2,180
52659,3,110
52659,4,70
52659,5,90
52659,6,**
,,
52660,,130
52660,1,30
52660,2,60
52660,3,**
52660,4,40
52660,5,**
52660,6,**
,,
52720,,420
52720,1,120
52720,2,120
52720,3,70
52720,4,60
52720,5,50
52720,6,**
,,
52721,,360
52721,1,90
52721,2,90
52721,3,80
52721,4,50
52721,5,50
52721,6,**
,,
52722,,18700
52722,1,5250
52722,2,3340
52722,3,2630
52722,4,2040
52722,5,3790
52722,6,1650
,,
52726,,2250
52726,1,540
52726,2,410
52726,3,340
52726,4,330
52726,5,540
52726,6,90
,,
52727,,210
52727,1,70
52727,2,30
52727,3,40
52727,4,30
52727,5,40
52727,6,**
,,
52729,,390
52729,1,120
52729,2,90
52729,3,80
52729,4,50
52729,5,50
52729,6,**
,,
52730,,2400
52730,1,810
52730,2,570
52730,3,400
52730,4,300
52730,5,280
52730,6,40
,,
52731,,380
52731,1,120
52731,2,110
52731,3,50
52731,4,50
52731,5,50
52731,6,**
,,
52732,,11870
52732,1,4830
52732,2,2940
52732,3,1710
52732,4,1100
52732,5,1110
52732,6,180
,,
52737,,190
52737,1,60
52737,2,70
52737,3,30
52737,4,30
52737,5,**
52737,6,0
,,
52738,,1590
52738,1,470
52738,2,550
52738,3,250
52738,4,160
52738,5,160
52738,6,**
,,
52739,,330
52739,1,110
52739,2,110
52739,3,60
52739,4,30
52739,5,20
52739,6,**
,,
52742,,3660
52742,1,1130
52742,2,750
52742,3,570
52742,4,490
52742,5,610
52742,6,110
,,
52745,,320
52745,1,100
52745,2,70
52745,3,60
52745,4,40
52745,5,50
52745,6,**
,,
52746,,450
52746,1,130
52746,2,90
52746,3,70
52746,4,60
52746,5,100
52746,6,**
,,
52747,,1070
52747,1,320
52747,2,210
52747,3,180
52747,4,150
52747,5,180
52747,6,30
,,
52748,,4450
52748,1,1230
52748,2,860
52748,3,630
52748,4,550
52748,5,960
52748,6,220
,,
52749,,460
52749,1,130
52749,2,90
52749,3,90
52749,4,70
52749,5,80
52749,6,**
,,
52750,,270
52750,1,90
52750,2,60
52750,3,40
52750,4,40
52750,5,40
52750,6,**
,,
52751,,500
52751,1,140
52751,2,130
52751,3,100
52751,4,60
52751,5,70
52751,6,**
,,
52753,,2740
52753,1,700
52753,2,460
52753,3,380
52753,4,340
52753,5,650
52753,6,210
,,
52754,,590
52754,1,150
52754,2,170
52754,3,100
52754,4,70
52754,5,100
52754,6,**
,,
52755,,960
52755,1,260
52755,2,270
52755,3,160
52755,4,110
52755,5,160
52755,6,**
,,
52756,,1040
52756,1,280
52756,2,170
52756,3,160
52756,4,150
52756,5,240
52756,6,40
,,
52760,,290
52760,1,80
52760,2,70
52760,3,50
52760,4,40
52760,5,50
52760,6,**
,,
52761,,14350
52761,1,4910
52761,2,3870
52761,3,2190
52761,4,1460
52761,5,1570
52761,6,350
,,
52765,,200
52765,1,50
52765,2,50
52765,3,40
52765,4,30
52765,5,30
52765,6,**
,,
52766,,370
52766,1,110
52766,2,100
52766,3,60
52766,4,40
52766,5,60
52766,6,**
,,
52768,,670
52768,1,200
52768,2,130
52768,3,120
52768,4,100
52768,5,100
52768,6,20
,,
52769,,310
52769,1,100
52769,2,80
52769,3,60
52769,4,30
52769,5,40
52769,6,**
,,
52772,,2420
52772,1,700
52772,2,610
52772,3,410
52772,4,290
52772,5,350
52772,6,60
,,
52773,,1140
52773,1,350
52773,2,280
52773,3,190
52773,4,140
52773,5,150
52773,6,30
,,
52776,,2310
52776,1,720
52776,2,680
52776,3,350
52776,4,240
52776,5,280
52776,6,40
,,
52777,,620
52777,1,220
52777,2,160
52777,3,120
52777,4,60
52777,5,60
52777,6,**
,,
52778,,1880
52778,1,550
52778,2,460
52778,3,310
52778,4,270
52778,5,260
52778,6,30
,,
52801,,650
52801,1,280
52801,2,180
52801,3,120
52801,4,30
52801,5,40
52801,6,**
,,
52802,,4450
52802,1,2220
52802,2,1350
52802,3,530
52802,4,200
52802,5,150
52802,6,**
,,
52803,,10070
52803,1,4060
52803,2,2600
52803,3,1440
52803,4,830
52803,5,950
52803,6,190
,,
52804,,12260
52804,1,4640
52804,2,3330
52804,3,1950
52804,4,1180
52804,5,1050
52804,6,110
,,
52806,,13070
52806,1,4650
52806,2,3300
52806,3,2040
52806,4,1350
52806,5,1600
52806,6,130
,,
52807,,7230
52807,1,2260
52807,2,1430
52807,3,880
52807,4,710
52807,5,1440
52807,6,510
