40003,,870
40003,1,300
40003,2,220
40003,3,130
40003,4,110
40003,5,110
40003,6,**
,,
40004,,14070
40004,1,5150
40004,2,3790
40004,3,2090
40004,4,1350
40004,5,1410
40004,6,280
,,
40006,,2120
40006,1,780
40006,2,530
40006,3,350
40006,4,220
40006,5,220
40006,6,20
,,
40007,,120
40007,1,50
40007,2,40
40007,3,**
40007,4,30
40007,5,**
40007,6,**
,,
40008,,1780
40008,1,650
40008,2,470
40008,3,280
40008,4,190
40008,5,190
40008,6,**
,,
40009,,380
40009,1,160
40009,2,110
40009,3,60
40009,4,50
40009,5,**
40009,6,**
,,
40010,,320
40010,1,100
40010,2,40
40010,3,30
40010,4,30
40010,5,90
40010,6,30
,,
40011,,1090
40011,1,400
40011,2,290
40011,3,180
40011,4,110
40011,5,110
40011,6,**
,,
40012,,260
40012,1,100
40012,2,80
40012,3,60
40012,4,**
40012,5,20
40012,6,**
,,
40013,,2780
40013,1,810
40013,2,650
40013,3,470
40013,4,380
40013,5,420
40013,6,50
,,
40014,,9640
40014,1,2660
40014,2,1700
40014,3,1180
40014,4,1010
40014,5,2230
40014,6,860
,,
40019,,1710
40019,1,700
40019,2,490
40019,3,250
40019,4,140
40019,5,130
40019,6,**
,,
40022,,490
40022,1,160
40022,2,80
40022,3,50
40022,4,70
40022,5,90
40022,6,40
,,
40023,,2560
40023,1,640
40023,2,330
40023,3,290
40023,4,290
40023,5,720
40023,6,290
,,
40026,,2610
40026,1,720
40026,2,330
40026,3,250
40026,4,290
40026,5,650
40026,6,370
,,
40031,,9570
40031,1,2980
40031,2,2000
40031,3,1340
40031,4,1040
40031,5,1790
40031,6,420
,,
40033,,5350
40033,1,2170
40033,2,1570
40033,3,720
40033,4,430
40033,5,390
40033,6,70
,,
40036,,100
40036,1,40
40036,2,40
40036,3,20
40036,4,**
40036,5,**
40036,6,**
,,
40037,,1300
40037,1,470
40037,2,370
40037,3,230
40037,4,130
40037,5,100
40037,6,**
,,
40040,,220
40040,1,100
40040,2,50
40040,3,30
40040,4,40
40040,5,**
40040,6,**
,,
40045,,1340
40045,1,530
40045,2,330
40045,3,200
40045,4,150
40045,5,130
40045,6,**
,,
40046,,780
40046,1,260
40046,2,200
40046,3,130
40046,4,90
40046,5,100
40046,6,**
,,
40047,,10340
40047,1,2980
40047,2,2410
40047,3,1700
40047,4,1360
40047,5,1710
40047,6,180
,,
40050,,700
40050,1,270
40050,2,210
40050,3,90
40050,4,70
40050,5,60
40050,6,**
,,
40051,,2020
40051,1,790
40051,2,560
40051,3,300
40051,4,220
40051,5,130
40051,6,20
,,
40052,,260
40052,1,110
40052,2,70
40052,3,50
40052,4,30
40052,5,**
40052,6,**
,,
40055,,960
40055,1,330
40055,2,190
40055,3,140
40055,4,120
40055,5,180
40055,6,**
,,
40056,,1690
40056,1,500
40056,2,330
40056,3,240
40056,4,170
40056,5,320
40056,6,130
,,
40057,,1480
40057,1,570
40057,2,430
40057,3,220
40057,4,130
40057,5,130
40057,6,**
,,
40059,,9140
40059,1,2220
40059,2,920
40059,3,820
40059,4,700
40059,5,2160
40059,6,2320
,,
40060,,490
40060,1,200
40060,2,130
40060,3,80
40060,4,50
40060,5,30
40060,6,**
,,
40062,,150
40062,1,60
40062,2,50
40062,3,40
40062,4,**
40062,5,**
40062,6,**
,,
40065,,13710
40065,1,4750
40065,2,3660
40065,3,1970
40065,4,1330
40065,5,1670
40065,6,330
,,
40067,,2480
40067,1,790
40067,2,460
40067,3,320
40067,4,240
40067,5,430
40067,6,240
,,
40068,,1210
40068,1,380
40068,2,260
40068,3,180
40068,4,130
40068,5,200
40068,6,60
,,
40069,,3820
40069,1,1460
40069,2,1100
40069,3,520
40069,4,370
40069,5,310
40069,6,60
,,
40070,,240
40070,1,90
40070,2,70
40070,3,40
40070,4,20
40070,5,20
40070,6,**
,,
40071,,6980
40071,1,2130
40071,2,1470
40071,3,1090
40071,4,890
40071,5,1250
40071,6,150
,,
40075,,500
40075,1,180
40075,2,130
40075,3,90
40075,4,50
40075,5,50
40075,6,**
,,
40076,,1230
40076,1,400
40076,2,310
40076,3,210
40076,4,150
40076,5,140
40076,6,20
,,
40077,,300
40077,1,90
40077,2,80
40077,3,50
40077,4,30
40077,5,50
40077,6,**
,,
40078,,990
40078,1,410
40078,2,290
40078,3,140
40078,4,80
40078,5,70
40078,6,**
,,
40104,,460
40104,1,190
40104,2,130
40104,3,70
40104,4,40
40104,5,30
40104,6,**
,,
40107,,1010
40107,1,350
40107,2,280
40107,3,160
40107,4,110
40107,5,90
40107,6,20
,,
40108,,5440
40108,1,1860
40108,2,1340
40108,3,840
40108,4,640
40108,5,680
40108,6,80
,,
40109,,1270
40109,1,420
40109,2,320
40109,3,220
40109,4,140
40109,5,170
40109,6,**
,,
40111,,580
40111,1,250
40111,2,150
40111,3,90
40111,4,50
40111,5,40
40111,6,**
,,
40115,,290
40115,1,130
40115,2,70
40115,3,50
40115,4,40
40115,5,**
40115,6,**
,,
40117,,1250
40117,1,460
40117,2,330
40117,3,190
40117,4,140
40117,5,130
40117,6,**
,,
40118,,4410
40118,1,1850
40118,2,1380
40118,3,620
40118,4,310
40118,5,250
40118,6,**
,,
40119,,790
40119,1,360
40119,2,190
40119,3,110
40119,4,60
40119,5,70
40119,6,**
,,
40121,,2590
40121,1,660
40121,2,740
40121,3,560
40121,4,340
40121,5,290
40121,6,**
,,
40140,,320
40140,1,130
40140,2,90
40140,3,60
40140,4,20
40140,5,20
40140,6,**
,,
40142,,970
40142,1,340
40142,2,270
40142,3,150
40142,4,90
40142,5,120
40142,6,**
,,
40143,,2320
40143,1,900
40143,2,610
40143,3,350
40143,4,200
40143,5,230
40143,6,30
,,
40144,,740
40144,1,320
40144,2,180
40144,3,120
40144,4,60
40144,5,60
40144,6,**
,,
40145,,320
40145,1,160
40145,2,80
40145,3,40
40145,4,40
40145,5,**
40145,6,**
,,
40146,,1500
40146,1,640
40146,2,430
40146,3,210
40146,4,120
40146,5,80
40146,6,20
,,
40150,,2010
40150,1,740
40150,2,580
40150,3,290
40150,4,220
40150,5,180
40150,6,**
,,
40152,,310
40152,1,120
40152,2,70
40152,3,40
40152,4,40
40152,5,40
40152,6,**
,,
40155,,380
40155,1,220
40155,2,90
40155,3,50
40155,4,20
40155,5,**
40155,6,0
,,
40157,,430
40157,1,170
40157,2,100
40157,3,70
40157,4,50
40157,5,40
40157,6,**
,,
40160,,10240
40160,1,4500
40160,2,2970
40160,3,1360
40160,4,800
40160,5,560
40160,6,50
,,
40162,,2670
40162,1,850
40162,2,580
40162,3,420
40162,4,380
40162,5,410
40162,6,30
,,
40165,,16390
40165,1,5570
40165,2,4200
40165,3,2450
40165,4,1860
40165,5,2070
40165,6,240
,,
40170,,110
40170,1,60
40170,2,20
40170,3,30
40170,4,**
40170,5,**
40170,6,**
,,
40171,,100
40171,1,60
40171,2,**
40171,3,20
40171,4,20
40171,5,**
40171,6,0
,,
40175,,6360
40175,1,2160
40175,2,1650
40175,3,1050
40175,4,750
40175,5,680
40175,6,70
,,
40176,,480
40176,1,180
40176,2,130
40176,3,70
40176,4,50
40176,5,50
40176,6,**
,,
40177,,650
40177,1,270
40177,2,200
40177,3,100
40177,4,40
40177,5,40
40177,6,**
,,
40178,,160
40178,1,60
40178,2,40
40178,3,30
40178,4,30
40178,5,**
40178,6,**
,,
40202,,2180
40202,1,1070
40202,2,470
40202,3,210
40202,4,90
40202,5,170
40202,6,170
,,
40203,,6980
40203,1,4460
40203,2,1730
40203,3,430
40203,4,180
40203,5,150
40203,6,30
,,
40204,,7590
40204,1,2430
40204,2,2140
40204,3,1160
40204,4,590
40204,5,810
40204,6,460
,,
40205,,11810
40205,1,3020
40205,2,2270
40205,3,1730
40205,4,1260
40205,5,2370
40205,6,1160
,,
40206,,10490
40206,1,3330
40206,2,2950
40206,3,1560
40206,4,820
40206,5,1210
40206,6,620
,,
40207,,15830
40207,1,4120
40207,2,3130
40207,3,2090
40207,4,1540
40207,5,2950
40207,6,2000
,,
40208,,5260
40208,1,3080
40208,2,1430
40208,3,370
40208,4,160
40208,5,160
40208,6,60
,,
40209,,260
40209,1,120
40209,2,90
40209,3,30
40209,4,20
40209,5,**
40209,6,**
,,
40210,,6020
40210,1,3740
40210,2,1750
40210,3,350
40210,4,110
40210,5,70
40210,6,**
,,
40211,,9620
40211,1,5750
40211,2,2800
40211,3,670
40211,4,240
40211,5,160
40211,6,**
,,
40212,,6870
40212,1,4210
40212,2,1930
40212,3,470
40212,4,160
40212,5,100
40212,6,**
,,
40213,,8500
40213,1,3650
40213,2,2650
40213,3,1070
40213,4,520
40213,5,510
40213,6,100
,,
40214,,21800
40214,1,9760
40214,2,6780
40214,3,2320
40214,4,1340
40214,5,1420
40214,6,180
,,
40215,,8820
40215,1,4850
40215,2,2800
40215,3,750
40215,4,270
40215,5,150
40215,6,**
,,
40216,,20460
40216,1,8680
40216,2,6750
40216,3,2660
40216,4,1340
40216,5,970
40216,6,60
,,
40217,,6480
40217,1,2380
40217,2,2040
40217,3,1010
40217,4,560
40217,5,450
40217,6,40
,,
40218,,15850
40218,1,7120
40218,2,5230
40218,3,1880
40218,4,860
40218,5,710
40218,6,50
,,
40219,,19200
40219,1,8300
40219,2,6490
40219,3,2390
40219,4,1120
40219,5,850
40219,6,50
,,
40220,,17350
40220,1,5620
40220,2,4740
40220,3,2910
40220,4,1720
40220,5,2040
40220,6,320
,,
40222,,11270
40222,1,3010
40222,2,2670
40222,3,1580
40222,4,1140
40222,5,1850
40222,6,1020
,,
40223,,11690
40223,1,3240
40223,2,2340
40223,3,1680
40223,4,1200
40223,5,2160
40223,6,1070
,,
40228,,8850
40228,1,2830
40228,2,2410
40228,3,1470
40228,4,990
40228,5,1060
40228,6,90
,,
40229,,18070
40229,1,6500
40229,2,5470
40229,3,2850
40229,4,1730
40229,5,1420
40229,6,100
,,
40241,,15240
40241,1,3960
40241,2,2990
40241,3,2110
40241,4,1650
40241,5,3110
40241,6,1420
,,
40242,,5350
40242,1,1560
40242,2,1340
40242,3,800
40242,4,570
40242,5,890
40242,6,190
,,
40243,,5620
40243,1,1660
40243,2,1210
40243,3,910
40243,4,660
40243,5,1010
40243,6,170
,,
40245,,16290
40245,1,3960
40245,2,2430
40245,3,1910
40245,4,1660
40245,5,4110
40245,6,2220
,,
40258,,12900
40258,1,4910
40258,2,3980
40258,3,1980
40258,4,1090
40258,5,900
40258,6,40
,,
40272,,16920
40272,1,6430
40272,2,5020
40272,3,2490
40272,4,1460
40272,5,1410
40272,6,110
,,
40291,,19240
40291,1,5740
40291,2,4900
40291,3,3030
40291,4,2110
40291,5,2960
40291,6,500
,,
40299,,20400
40299,1,5910
40299,2,4600
40299,3,3090
40299,4,2290
40299,5,3720
40299,6,790
,,
40311,,2730
40311,1,1230
40311,2,760
40311,3,370
40311,4,180
40311,5,190
40311,6,**
,,
40312,,2170
40312,1,1070
40312,2,580
40312,3,280
40312,4,140
40312,5,100
40312,6,**
,,
40313,,980
40313,1,530
40313,2,250
40313,3,110
40313,4,50
40313,5,40
40313,6,**
,,
40316,,120
40316,1,60
40316,2,30
40316,3,30
40316,4,**
40316,5,**
40316,6,**
,,
40322,,1140
40322,1,520
40322,2,330
40322,3,150
40322,4,90
40322,5,50
40322,6,**
,,
40324,,21190
40324,1,6740
40324,2,4800
40324,3,3240
40324,4,2440
40324,5,3340
40324,6,630
,,
40328,,470
40328,1,200
40328,2,140
40328,3,60
40328,4,40
40328,5,30
40328,6,**
,,
40330,,8280
40330,1,3210
40330,2,2150
40330,3,1230
40330,4,820
40330,5,760
40330,6,110
,,
40336,,4760
40336,1,2200
40336,2,1260
40336,3,650
40336,4,340
40336,5,280
40336,6,30
,,
40337,,2130
40337,1,950
40337,2,630
40337,3,300
40337,4,150
40337,5,100
40337,6,**
,,
40342,,10260
40342,1,3460
40342,2,2730
40342,3,1620
40342,4,1150
40342,5,1140
40342,6,160
,,
40346,,280
40346,1,140
40346,2,70
40346,3,40
40346,4,30
40346,5,**
40346,6,**
,,
40347,,1430
40347,1,450
40347,2,340
40347,3,190
40347,4,140
40347,5,230
40347,6,80
,,
40350,,110
40350,1,60
40350,2,50
40350,3,**
40350,4,**
40350,5,**
40350,6,**
,,
40351,,7630
40351,1,3250
40351,2,1950
40351,3,1050
40351,4,630
40351,5,630
40351,6,120
,,
40353,,9210
40353,1,3700
40353,2,2460
40353,3,1310
40353,4,820
40353,5,770
40353,6,150
,,
40356,,18610
40356,1,7080
40356,2,4540
40356,3,2520
40356,4,1630
40356,5,1950
40356,6,890
,,
40358,,290
40358,1,130
40358,2,70
40358,3,40
40358,4,30
40358,5,20
40358,6,**
,,
40359,,2900
40359,1,1140
40359,2,780
40359,3,460
40359,4,250
40359,5,250
40359,6,20
,,
40360,,2760
40360,1,1240
40360,2,780
40360,3,340
40360,4,210
40360,5,170
40360,6,20
,,
40361,,7700
40361,1,3130
40361,2,2050
40361,3,1000
40361,4,670
40361,5,700
40361,6,150
,,
40370,,1250
40370,1,410
40370,2,300
40370,3,200
40370,4,150
40370,5,170
40370,6,20
,,
40371,,1040
40371,1,450
40371,2,300
40371,3,150
40371,4,80
40371,5,60
40371,6,**
,,
40372,,1030
40372,1,330
40372,2,270
40372,3,160
40372,4,120
40372,5,150
40372,6,**
,,
40374,,660
40374,1,310
40374,2,180
40374,3,80
40374,4,40
40374,5,50
40374,6,**
,,
40379,,1590
40379,1,550
40379,2,370
40379,3,240
40379,4,160
40379,5,240
40379,6,30
,,
40380,,2760
40380,1,1250
40380,2,750
40380,3,360
40380,4,220
40380,5,180
40380,6,**
,,
40383,,11100
40383,1,3760
40383,2,2570
40383,3,1520
40383,4,1100
40383,5,1700
40383,6,450
,,
40385,,1280
40385,1,510
40385,2,320
40385,3,230
40385,4,130
40385,5,90
40385,6,**
,,
40387,,680
40387,1,330
40387,2,190
40387,3,100
40387,4,40
40387,5,20
40387,6,**
,,
40390,,2750
40390,1,1090
40390,2,680
40390,3,400
40390,4,250
40390,5,270
40390,6,60
,,
40391,,15320
40391,1,6070
40391,2,3910
40391,3,2070
40391,4,1410
40391,5,1590
40391,6,270
,,
40402,,1070
40402,1,500
40402,2,280
40402,3,160
40402,4,80
40402,5,50
40402,6,**
,,
40403,,10570
40403,1,4050
40403,2,2700
40403,3,1820
40403,4,1010
40403,5,880
40403,6,110
,,
40409,,1360
40409,1,600
40409,2,360
40409,3,210
40409,4,110
40409,5,80
40409,6,**
,,
40419,,1590
40419,1,740
40419,2,440
40419,3,210
40419,4,130
40419,5,70
40419,6,**
,,
40422,,9570
40422,1,3680
40422,2,2400
40422,3,1280
40422,4,880
40422,5,1060
40422,6,270
,,
40437,,1670
40437,1,730
40437,2,480
40437,3,220
40437,4,130
40437,5,110
40437,6,**
,,
40440,,950
40440,1,390
40440,2,310
40440,3,140
40440,4,60
40440,5,50
40440,6,**
,,
40442,,410
40442,1,210
40442,2,100
40442,3,60
40442,4,40
40442,5,**
40442,6,0
,,
40444,,5700
40444,1,2230
40444,2,1400
40444,3,860
40444,4,590
40444,5,540
40444,6,80
,,
40445,,280
40445,1,140
40445,2,90
40445,3,30
40445,4,20
40445,5,**
40445,6,0
,,
40447,,2360
40447,1,1090
40447,2,650
40447,3,340
40447,4,170
40447,5,110
40447,6,**
,,
40456,,3350
40456,1,1430
40456,2,950
40456,3,500
40456,4,250
40456,5,190
40456,6,30
,,
40460,,300
40460,1,140
40460,2,90
40460,3,40
40460,4,30
40460,5,**
40460,6,**
,,
40461,,980
40461,1,360
40461,2,250
40461,3,160
40461,4,100
40461,5,110
40461,6,**
,,
40464,,390
40464,1,150
40464,2,130
40464,3,60
40464,4,50
40464,5,**
40464,6,**
,,
40468,,750
40468,1,280
40468,2,210
40468,3,130
40468,4,70
40468,5,60
40468,6,**
,,
40472,,530
40472,1,260
40472,2,130
40472,3,80
40472,4,40
40472,5,20
40472,6,**
,,
40475,,23200
40475,1,9000
40475,2,5340
40475,3,3120
40475,4,2150
40475,5,2950
40475,6,640
,,
40481,,210
40481,1,90
40481,2,50
40481,3,40
40481,4,30
40481,5,**
40481,6,0
,,
40484,,4820
40484,1,2030
40484,2,1300
40484,3,720
40484,4,390
40484,5,330
40484,6,50
,,
40486,,770
40486,1,350
40486,2,220
40486,3,110
40486,4,50
40486,5,40
40486,6,**
,,
40489,,1350
40489,1,630
40489,2,370
40489,3,200
40489,4,80
40489,5,70
40489,6,**
,,
40502,,12950
40502,1,3940
40502,2,2630
40502,3,1480
40502,4,1000
40502,5,2220
40502,6,1680
,,
40503,,13220
40503,1,4370
40503,2,3140
40503,3,1990
40503,4,1420
40503,5,1880
40503,6,420
,,
40504,,10870
40504,1,5280
40504,2,3000
40504,3,1170
40504,4,620
40504,5,670
40504,6,130
,,
40505,,11620
40505,1,5340
40505,2,3620
40505,3,1360
40505,4,710
40505,5,490
40505,6,100
,,
40507,,950
40507,1,350
40507,2,220
40507,3,130
40507,4,70
40507,5,90
40507,6,90
,,
40508,,6920
40508,1,4100
40508,2,1700
40508,3,500
40508,4,210
40508,5,270
40508,6,140
,,
40509,,19010
40509,1,5540
40509,2,4280
40509,3,2730
40509,4,1930
40509,5,3430
40509,6,1100
,,
40510,,480
40510,1,170
40510,2,80
40510,3,50
40510,4,40
40510,5,80
40510,6,60
,,
40511,,14500
40511,1,5070
40511,2,4220
40511,3,2280
40511,4,1310
40511,5,1400
40511,6,220
,,
40513,,5230
40513,1,1280
40513,2,730
40513,3,560
40513,4,460
40513,5,1330
40513,6,870
,,
40514,,7440
40514,1,2020
40514,2,1450
40514,3,1260
40514,4,980
40514,5,1520
40514,6,210
,,
40515,,17110
40515,1,5200
40515,2,3990
40515,3,2310
40515,4,1650
40515,5,2910
40515,6,1050
,,
40516,,1300
40516,1,420
40516,2,360
40516,3,190
40516,4,120
40516,5,150
40516,6,60
,,
40517,,17090
40517,1,7600
40517,2,5240
40517,3,2280
40517,4,1070
40517,5,810
40517,6,90
,,
40601,,24050
40601,1,8570
40601,2,6580
40601,3,3550
40601,4,2280
40601,5,2620
40601,6,450
,,
40701,,10830
40701,1,5010
40701,2,2710
40701,3,1420
40701,4,830
40701,5,690
40701,6,170
,,
40729,,2130
40729,1,1030
40729,2,530
40729,3,290
40729,4,140
40729,5,120
40729,6,20
,,
40734,,1340
40734,1,700
40734,2,330
40734,3,170
40734,4,80
40734,5,60
40734,6,**
,,
40737,,530
40737,1,270
40737,2,130
40737,3,80
40737,4,30
40737,5,20
40737,6,**
,,
40740,,1120
40740,1,530
40740,2,300
40740,3,170
40740,4,70
40740,5,50
40740,6,**
,,
40741,,8370
40741,1,3650
40741,2,2200
40741,3,1180
40741,4,610
40741,5,580
40741,6,150
,,
40744,,7050
40744,1,3010
40744,2,1820
40744,3,970
40744,4,650
40744,5,480
40744,6,120
,,
40759,,870
40759,1,490
40759,2,210
40759,3,90
40759,4,50
40759,5,30
40759,6,**
,,
40763,,120
40763,1,70
40763,2,30
40763,3,20
40763,4,**
40763,5,**
40763,6,**
,,
40769,,5830
40769,1,3120
40769,2,1440
40769,3,660
40769,4,320
40769,5,250
40769,6,40
,,
40771,,480
40771,1,260
40771,2,140
40771,3,50
40771,4,30
40771,5,**
40771,6,**
,,
40806,,760
40806,1,360
40806,2,170
40806,3,110
40806,4,60
40806,5,60
40806,6,**
,,
40810,,370
40810,1,180
40810,2,100
40810,3,50
40810,4,40
40810,5,**
40810,6,**
,,
40813,,230
40813,1,100
40813,2,70
40813,3,30
40813,4,30
40813,5,**
40813,6,0
,,
40815,,390
40815,1,230
40815,2,80
40815,3,50
40815,4,30
40815,5,**
40815,6,**
,,
40819,,240
40819,1,120
40819,2,60
40819,3,30
40819,4,30
40819,5,**
40819,6,**
,,
40820,,110
40820,1,70
40820,2,40
40820,3,**
40820,4,**
40820,5,**
40820,6,0
,,
40823,,1040
40823,1,570
40823,2,230
40823,3,130
40823,4,60
40823,5,50
40823,6,**
,,
40826,,160
40826,1,90
40826,2,40
40826,3,30
40826,4,**
40826,5,**
40826,6,**
,,
40827,,190
40827,1,90
40827,2,50
40827,3,20
40827,4,30
40827,5,**
40827,6,**
,,
40828,,1070
40828,1,590
40828,2,260
40828,3,120
40828,4,60
40828,5,40
40828,6,**
,,
40831,,1650
40831,1,790
40831,2,380
40831,3,200
40831,4,110
40831,5,130
40831,6,40
,,
40845,,110
40845,1,60
40845,2,30
40845,3,20
40845,4,**
40845,5,**
40845,6,0
,,
40856,,200
40856,1,90
40856,2,60
40856,3,50
40856,4,**
40856,5,**
40856,6,**
,,
40862,,170
40862,1,70
40862,2,50
40862,3,30
40862,4,20
40862,5,**
40862,6,**
,,
40863,,140
40863,1,70
40863,2,40
40863,3,30
40863,4,**
40863,5,**
40863,6,**
,,
40865,,120
40865,1,60
40865,2,30
40865,3,30
40865,4,**
40865,5,**
40865,6,**
,,
40868,,240
40868,1,120
40868,2,60
40868,3,30
40868,4,30
40868,5,**
40868,6,0
,,
40870,,130
40870,1,60
40870,2,40
40870,3,30
40870,4,**
40870,5,**
40870,6,0
,,
40873,,610
40873,1,300
40873,2,160
40873,3,80
40873,4,40
40873,5,30
40873,6,**
,,
40902,,210
40902,1,130
40902,2,50
40902,3,30
40902,4,.
40902,5,**
40902,6,0
,,
40903,,310
40903,1,160
40903,2,90
40903,3,40
40903,4,20
40903,5,**
40903,6,**
,,
40906,,3730
40906,1,1790
40906,2,990
40906,3,460
40906,4,240
40906,5,210
40906,6,40
,,
40914,,190
40914,1,100
40914,2,50
40914,3,40
40914,4,**
40914,5,**
40914,6,0
,,
40915,,430
40915,1,220
40915,2,110
40915,3,60
40915,4,40
40915,5,**
40915,6,**
,,
40923,,300
40923,1,170
40923,2,80
40923,3,20
40923,4,30
40923,5,**
40923,6,0
,,
40927,,110
40927,1,50
40927,2,30
40927,3,30
40927,4,**
40927,5,**
40927,6,0
,,
40935,,640
40935,1,370
40935,2,170
40935,3,80
40935,4,**
40935,5,20
40935,6,**
,,
40939,,200
40939,1,110
40939,2,40
40939,3,50
40939,4,**
40939,5,**
40939,6,0
,,
40940,,180
40940,1,100
40940,2,60
40940,3,20
40940,4,**
40940,5,**
40940,6,**
,,
40943,,330
40943,1,170
40943,2,100
40943,3,30
40943,4,30
40943,5,**
40943,6,0
,,
40949,,290
40949,1,130
40949,2,80
40949,3,40
40949,4,40
40949,5,**
40949,6,**
,,
40953,,210
40953,1,120
40953,2,50
40953,3,40
40953,4,**
40953,5,**
40953,6,0
,,
40958,,150
40958,1,90
40958,2,40
40958,3,20
40958,4,**
40958,5,**
40958,6,**
,,
40962,,5130
40962,1,2610
40962,2,1310
40962,3,620
40962,4,300
40962,5,250
40962,6,40
,,
40965,,4410
40965,1,2410
40965,2,1060
40965,3,500
40965,4,220
40965,5,170
40965,6,50
,,
40972,,420
40972,1,260
40972,2,100
40972,3,30
40972,4,30
40972,5,**
40972,6,0
,,
40977,,2720
40977,1,1320
40977,2,690
40977,3,360
40977,4,200
40977,5,150
40977,6,**
,,
40988,,140
40988,1,80
40988,2,60
40988,3,**
40988,4,**
40988,5,**
40988,6,0
,,
41001,,8650
41001,1,2600
41001,2,1860
41001,3,1290
41001,4,1080
41001,5,1560
41001,6,260
,,
41002,,970
41002,1,380
41002,2,250
41002,3,170
41002,4,80
41002,5,90
41002,6,**
,,
41003,,980
41003,1,390
41003,2,250
41003,3,180
41003,4,90
41003,5,70
41003,6,**
,,
41004,,1650
41004,1,600
41004,2,450
41004,3,290
41004,4,170
41004,5,140
41004,6,**
,,
41005,,11180
41005,1,3410
41005,2,2590
41005,3,1780
41005,4,1390
41005,5,1730
41005,6,280
,,
41006,,1950
41006,1,680
41006,2,470
41006,3,320
41006,4,200
41006,5,250
41006,6,30
,,
41007,,1890
41007,1,590
41007,2,390
41007,3,290
41007,4,240
41007,5,330
41007,6,50
,,
41008,,3100
41008,1,1310
41008,2,750
41008,3,440
41008,4,280
41008,5,290
41008,6,30
,,
41010,,1260
41010,1,510
41010,2,310
41010,3,210
41010,4,120
41010,5,110
41010,6,**
,,
41011,,11520
41011,1,4560
41011,2,2940
41011,3,1420
41011,4,880
41011,5,1170
41011,6,550
,,
41014,,3080
41014,1,1470
41014,2,1010
41014,3,320
41014,4,150
41014,5,130
41014,6,**
,,
41015,,9800
41015,1,3730
41015,2,2540
41015,3,1340
41015,4,870
41015,5,1080
41015,6,240
,,
41016,,2730
41016,1,1060
41016,2,840
41016,3,370
41016,4,210
41016,5,210
41016,6,40
,,
41017,,19920
41017,1,5720
41017,2,4360
41017,3,2830
41017,4,2100
41017,5,3290
41017,6,1620
,,
41018,,13800
41018,1,5040
41018,2,4080
41018,3,2020
41018,4,1170
41018,5,1190
41018,6,300
,,
41030,,2770
41030,1,1050
41030,2,740
41030,3,390
41030,4,250
41030,5,280
41030,6,60
,,
41031,,6820
41031,1,2640
41031,2,1740
41031,3,1010
41031,4,710
41031,5,640
41031,6,80
,,
41033,,950
41033,1,320
41033,2,260
41033,3,160
41033,4,100
41033,5,110
41033,6,**
,,
41034,,420
41034,1,150
41034,2,130
41034,3,50
41034,4,40
41034,5,50
41034,6,**
,,
41035,,4740
41035,1,1800
41035,2,1280
41035,3,740
41035,4,450
41035,5,420
41035,6,50
,,
41039,,1120
41039,1,480
41039,2,280
41039,3,170
41039,4,110
41039,5,80
41039,6,**
,,
41040,,3060
41040,1,1240
41040,2,840
41040,3,460
41040,4,280
41040,5,210
41040,6,30
,,
41041,,2920
41041,1,1230
41041,2,770
41041,3,440
41041,4,220
41041,5,210
41041,6,50
,,
41042,,24770
41042,1,8660
41042,2,6810
41042,3,3730
41042,4,2300
41042,5,2750
41042,6,520
,,
41043,,800
41043,1,250
41043,2,220
41043,3,120
41043,4,100
41043,5,110
41043,6,**
,,
41044,,450
41044,1,170
41044,2,120
41044,3,80
41044,4,40
41044,5,40
41044,6,**
,,
41045,,520
41045,1,210
41045,2,130
41045,3,70
41045,4,50
41045,5,60
41045,6,**
,,
41046,,730
41046,1,300
41046,2,210
41046,3,120
41046,4,60
41046,5,40
41046,6,**
,,
41048,,6970
41048,1,1940
41048,2,1190
41048,3,980
41048,4,880
41048,5,1540
41048,6,440
,,
41049,,880
41049,1,370
41049,2,230
41049,3,140
41049,4,80
41049,5,60
41049,6,**
,,
41051,,13650
41051,1,3990
41051,2,2980
41051,3,2220
41051,4,1850
41051,5,2370
41051,6,240
,,
41052,,130
41052,1,40
41052,2,60
41052,3,**
41052,4,30
41052,5,**
41052,6,**
,,
41055,,730
41055,1,290
41055,2,190
41055,3,100
41055,4,50
41055,5,100
41055,6,**
,,
41056,,5930
41056,1,2540
41056,2,1390
41056,3,760
41056,4,530
41056,5,590
41056,6,120
,,
41059,,1280
41059,1,410
41059,2,300
41059,3,200
41059,4,130
41059,5,190
41059,6,50
,,
41063,,1400
41063,1,460
41063,2,340
41063,3,240
41063,4,150
41063,5,190
41063,6,20
,,
41064,,730
41064,1,300
41064,2,210
41064,3,110
41064,4,60
41064,5,50
41064,6,**
,,
41071,,9250
41071,1,3740
41071,2,2610
41071,3,1300
41071,4,630
41071,5,740
41071,6,230
,,
41073,,2890
41073,1,970
41073,2,860
41073,3,480
41073,4,280
41073,5,240
41073,6,60
,,
41074,,2350
41074,1,1000
41074,2,680
41074,3,290
41074,4,160
41074,5,180
41074,6,40
,,
41075,,8130
41075,1,2240
41075,2,1630
41075,3,1130
41075,4,900
41075,5,1620
41075,6,610
,,
41076,,8060
41076,1,2520
41076,2,1990
41076,3,1250
41076,4,820
41076,5,1180
41076,6,300
,,
41080,,820
41080,1,280
41080,2,190
41080,3,120
41080,4,80
41080,5,130
41080,6,20
,,
41083,,490
41083,1,190
41083,2,120
41083,3,80
41083,4,40
41083,5,60
41083,6,**
,,
41086,,830
41086,1,300
41086,2,240
41086,3,130
41086,4,60
41086,5,100
41086,6,**
,,
41091,,9780
41091,1,2600
41091,2,1340
41091,3,1120
41091,4,1100
41091,5,2530
41091,6,1090
,,
41092,,1610
41092,1,510
41092,2,370
41092,3,240
41092,4,160
41092,5,230
41092,6,100
,,
41093,,980
41093,1,430
41093,2,280
41093,3,150
41093,4,70
41093,5,50
41093,6,**
,,
41094,,6380
41094,1,2010
41094,2,1450
41094,3,970
41094,4,730
41094,5,1010
41094,6,210
,,
41095,,1630
41095,1,650
41095,2,490
41095,3,240
41095,4,110
41095,5,140
41095,6,**
,,
41097,,2890
41097,1,1190
41097,2,750
41097,3,440
41097,4,240
41097,5,240
41097,6,30
,,
41098,,640
41098,1,280
41098,2,160
41098,3,100
41098,4,50
41098,5,50
41098,6,**
,,
41101,,7090
41101,1,3210
41101,2,1580
41101,3,910
41101,4,560
41101,5,610
41101,6,220
,,
41102,,7890
41102,1,3070
41102,2,1810
41102,3,1160
41102,4,800
41102,5,870
41102,6,180
,,
41121,,650
41121,1,260
41121,2,170
41121,3,100
41121,4,50
41121,5,70
41121,6,**
,,
41124,,310
41124,1,160
41124,2,80
41124,3,50
41124,4,20
41124,5,**
41124,6,**
,,
41129,,3720
41129,1,1340
41129,2,890
41129,3,520
41129,4,370
41129,5,510
41129,6,90
,,
41132,,120
41132,1,60
41132,2,20
41132,3,40
41132,4,**
41132,5,**
41132,6,0
,,
41139,,3450
41139,1,1450
41139,2,860
41139,3,490
41139,4,280
41139,5,310
41139,6,60
,,
41141,,850
41141,1,380
41141,2,230
41141,3,120
41141,4,70
41141,5,50
41141,6,**
,,
41143,,5350
41143,1,2240
41143,2,1300
41143,3,770
41143,4,520
41143,5,460
41143,6,60
,,
41144,,3900
41144,1,1590
41144,2,1000
41144,3,580
41144,4,330
41144,5,350
41144,6,50
,,
41146,,220
41146,1,120
41146,2,60
41146,3,40
41146,4,**
41146,5,**
41146,6,0
,,
41149,,170
41149,1,90
41149,2,40
41149,3,40
41149,4,**
41149,5,**
41149,6,0
,,
41159,,130
41159,1,60
41159,2,40
41159,3,30
41159,4,**
41159,5,**
41159,6,**
,,
41164,,4490
41164,1,2010
41164,2,1280
41164,3,600
41164,4,340
41164,5,230
41164,6,30
,,
41166,,230
41166,1,100
41166,2,60
41166,3,40
41166,4,30
41166,5,**
41166,6,0
,,
41168,,1140
41168,1,480
41168,2,260
41168,3,160
41168,4,120
41168,5,120
41168,6,**
,,
41169,,2390
41169,1,850
41169,2,530
41169,3,330
41169,4,280
41169,5,330
41169,6,70
,,
41171,,1300
41171,1,560
41171,2,370
41171,3,170
41171,4,110
41171,5,90
41171,6,**
,,
41174,,400
41174,1,150
41174,2,120
41174,3,60
41174,4,30
41174,5,40
41174,6,**
,,
41175,,2120
41175,1,890
41175,2,490
41175,3,330
41175,4,210
41175,5,200
41175,6,**
,,
41179,,2580
41179,1,1200
41179,2,700
41179,3,350
41179,4,190
41179,5,140
41179,6,**
,,
41180,,320
41180,1,160
41180,2,70
41180,3,50
41180,4,20
41180,5,20
41180,6,**
,,
41183,,690
41183,1,250
41183,2,190
41183,3,100
41183,4,80
41183,5,70
41183,6,**
,,
41189,,960
41189,1,370
41189,2,290
41189,3,140
41189,4,90
41189,5,70
41189,6,**
,,
41203,,130
41203,1,70
41203,2,30
41203,3,30
41203,4,**
41203,5,**
41203,6,**
,,
41204,,150
41204,1,80
41204,2,40
41204,3,30
41204,4,**
41204,5,**
41204,6,0
,,
41214,,160
41214,1,90
41214,2,30
41214,3,40
41214,4,**
41214,5,**
41214,6,0
,,
41216,,380
41216,1,140
41216,2,90
41216,3,80
41216,4,30
41216,5,40
41216,6,**
,,
41219,,630
41219,1,280
41219,2,160
41219,3,110
41219,4,50
41219,5,30
41219,6,0
,,
41222,,850
41222,1,380
41222,2,210
41222,3,130
41222,4,60
41222,5,70
41222,6,**
,,
41224,,1500
41224,1,690
41224,2,360
41224,3,200
41224,4,130
41224,5,120
41224,6,**
,,
41230,,4180
41230,1,1870
41230,2,990
41230,3,590
41230,4,370
41230,5,310
41230,6,50
,,
41231,,320
41231,1,160
41231,2,60
41231,3,50
41231,4,30
41231,5,20
41231,6,**
,,
41232,,210
41232,1,100
41232,2,50
41232,3,30
41232,4,30
41232,5,**
41232,6,**
,,
41234,,190
41234,1,90
41234,2,40
41234,3,30
41234,4,30
41234,5,**
41234,6,**
,,
41238,,380
41238,1,160
41238,2,80
41238,3,50
41238,4,50
41238,5,40
41238,6,**
,,
41240,,2330
41240,1,1000
41240,2,570
41240,3,310
41240,4,200
41240,5,200
41240,6,50
,,
41250,,230
41250,1,110
41250,2,50
41250,3,40
41250,4,30
41250,5,**
41250,6,**
,,
41254,,160
41254,1,70
41254,2,40
41254,3,20
41254,4,30
41254,5,**
41254,6,**
,,
41255,,320
41255,1,150
41255,2,90
41255,3,40
41255,4,40
41255,5,**
41255,6,**
,,
41256,,780
41256,1,290
41256,2,200
41256,3,90
41256,4,70
41256,5,100
41256,6,30
,,
41257,,170
41257,1,90
41257,2,30
41257,3,30
41257,4,20
41257,5,**
41257,6,0
,,
41260,,230
41260,1,120
41260,2,50
41260,3,30
41260,4,30
41260,5,**
41260,6,**
,,
41262,,310
41262,1,180
41262,2,70
41262,3,30
41262,4,30
41262,5,**
41262,6,**
,,
41263,,110
41263,1,70
41263,2,**
41263,3,40
41263,4,**
41263,5,**
41263,6,0
,,
41264,,150
41264,1,70
41264,2,60
41264,3,**
41264,4,20
41264,5,**
41264,6,**
,,
41265,,580
41265,1,240
41265,2,150
41265,3,90
41265,4,60
41265,5,40
41265,6,**
,,
41267,,270
41267,1,170
41267,2,40
41267,3,30
41267,4,30
41267,5,**
41267,6,**
,,
41274,,270
41274,1,110
41274,2,70
41274,3,40
41274,4,50
41274,5,**
41274,6,**
,,
41301,,1880
41301,1,930
41301,2,520
41301,3,240
41301,4,110
41301,5,80
41301,6,**
,,
41311,,1950
41311,1,980
41311,2,510
41311,3,250
41311,4,120
41311,5,90
41311,6,**
,,
41314,,1330
41314,1,680
41314,2,340
41314,3,160
41314,4,90
41314,5,60
41314,6,**
,,
41317,,110
41317,1,60
41317,2,50
41317,3,**
41317,4,**
41317,5,**
41317,6,0
,,
41332,,400
41332,1,180
41332,2,120
41332,3,80
41332,4,**
41332,5,20
41332,6,**
,,
41339,,3300
41339,1,1540
41339,2,900
41339,3,440
41339,4,230
41339,5,160
41339,6,30
,,
41348,,430
41348,1,220
41348,2,110
41348,3,60
41348,4,40
41348,5,**
41348,6,**
,,
41352,,160
41352,1,60
41352,2,60
41352,3,20
41352,4,20
41352,5,**
41352,6,0
,,
41360,,130
41360,1,60
41360,2,30
41360,3,40
41360,4,**
41360,5,**
41360,6,**
,,
41365,,150
41365,1,80
41365,2,50
41365,3,**
41365,4,20
41365,5,**
41365,6,**
,,
41385,,220
41385,1,120
41385,2,50
41385,3,50
41385,4,**
41385,5,**
41385,6,**
,,
41408,,130
41408,1,70
41408,2,40
41408,3,20
41408,4,**
41408,5,**
41408,6,0
,,
41421,,100
41421,1,40
41421,2,30
41421,3,30
41421,4,**
41421,5,**
41421,6,0
,,
41425,,350
41425,1,170
41425,2,100
41425,3,50
41425,4,30
41425,5,**
41425,6,**
,,
41464,,120
41464,1,70
41464,2,30
41464,3,20
41464,4,**
41464,5,**
41464,6,0
,,
41465,,3560
41465,1,1630
41465,2,940
41465,3,480
41465,4,260
41465,5,250
41465,6,**
,,
41472,,3100
41472,1,1310
41472,2,870
41472,3,470
41472,4,240
41472,5,170
41472,6,40
,,
41501,,6790
41501,1,2950
41501,2,1490
41501,3,950
41501,4,560
41501,5,600
41501,6,240
,,
41503,,210
41503,1,80
41503,2,50
41503,3,30
41503,4,20
41503,5,30
41503,6,**
,,
41512,,230
41512,1,120
41512,2,50
41512,3,30
41512,4,30
41512,5,**
41512,6,0
,,
41513,,130
41513,1,60
41513,2,50
41513,3,**
41513,4,20
41513,5,**
41513,6,**
,,
41514,,1150
41514,1,510
41514,2,280
41514,3,170
41514,4,110
41514,5,80
41514,6,**
,,
41519,,330
41519,1,140
41519,2,70
41519,3,60
41519,4,40
41519,5,20
41519,6,**
,,
41522,,1290
41522,1,640
41522,2,300
41522,3,180
41522,4,90
41522,5,80
41522,6,**
,,
41524,,110
41524,1,70
41524,2,20
41524,3,20
41524,4,**
41524,5,**
41524,6,0
,,
41527,,200
41527,1,70
41527,2,40
41527,3,30
41527,4,20
41527,5,40
41527,6,**
,,
41528,,150
41528,1,80
41528,2,40
41528,3,30
41528,4,**
41528,5,**
41528,6,0
,,
41531,,330
41531,1,130
41531,2,90
41531,3,50
41531,4,40
41531,5,20
41531,6,**
,,
41535,,120
41535,1,60
41535,2,30
41535,3,30
41535,4,**
41535,5,**
41535,6,**
,,
41537,,1340
41537,1,690
41537,2,310
41537,3,160
41537,4,90
41537,5,90
41537,6,**
,,
41539,,550
41539,1,240
41539,2,130
41539,3,90
41539,4,50
41539,5,40
41539,6,**
,,
41540,,120
41540,1,50
41540,2,50
41540,3,**
41540,4,20
41540,5,**
41540,6,0
,,
41543,,170
41543,1,90
41543,2,40
41543,3,40
41543,4,**
41543,5,**
41543,6,0
,,
41544,,230
41544,1,120
41544,2,50
41544,3,40
41544,4,20
41544,5,**
41544,6,**
,,
41548,,230
41548,1,110
41548,2,60
41548,3,30
41548,4,30
41548,5,**
41548,6,0
,,
41553,,630
41553,1,320
41553,2,140
41553,3,80
41553,4,60
41553,5,30
41553,6,**
,,
41554,,210
41554,1,100
41554,2,50
41554,3,20
41554,4,40
41554,5,**
41554,6,**
,,
41555,,220
41555,1,110
41555,2,50
41555,3,30
41555,4,30
41555,5,**
41555,6,0
,,
41557,,590
41557,1,270
41557,2,140
41557,3,90
41557,4,40
41557,5,50
41557,6,**
,,
41558,,180
41558,1,80
41558,2,40
41558,3,30
41558,4,30
41558,5,**
41558,6,**
,,
41559,,180
41559,1,80
41559,2,50
41559,3,30
41559,4,20
41559,5,**
41559,6,**
,,
41560,,200
41560,1,90
41560,2,50
41560,3,30
41560,4,30
41560,5,**
41560,6,**
,,
41562,,790
41562,1,370
41562,2,230
41562,3,90
41562,4,70
41562,5,30
41562,6,**
,,
41563,,100
41563,1,50
41563,2,50
41563,3,**
41563,4,.
41563,5,**
41563,6,0
,,
41564,,310
41564,1,140
41564,2,80
41564,3,50
41564,4,40
41564,5,**
41564,6,**
,,
41568,,180
41568,1,110
41568,2,40
41568,3,30
41568,4,**
41568,5,**
41568,6,0
,,
41571,,170
41571,1,70
41571,2,50
41571,3,50
41571,4,**
41571,5,**
41571,6,0
,,
41572,,1080
41572,1,520
41572,2,280
41572,3,130
41572,4,80
41572,5,70
41572,6,**
,,
41601,,460
41601,1,170
41601,2,130
41601,3,70
41601,4,40
41601,5,50
41601,6,**
,,
41602,,280
41602,1,120
41602,2,70
41602,3,50
41602,4,40
41602,5,**
41602,6,0
,,
41603,,490
41603,1,230
41603,2,100
41603,3,70
41603,4,30
41603,5,60
41603,6,**
,,
41604,,110
41604,1,60
41604,2,30
41604,3,20
41604,4,.
41604,5,**
41604,6,0
,,
41605,,330
41605,1,150
41605,2,90
41605,3,40
41605,4,20
41605,5,30
41605,6,**
,,
41606,,150
41606,1,80
41606,2,40
41606,3,30
41606,4,**
41606,5,**
41606,6,**
,,
41607,,120
41607,1,60
41607,2,40
41607,3,20
41607,4,**
41607,5,**
41607,6,0
,,
41615,,190
41615,1,70
41615,2,50
41615,3,30
41615,4,40
41615,5,**
41615,6,**
,,
41616,,170
41616,1,90
41616,2,50
41616,3,**
41616,4,30
41616,5,**
41616,6,**
,,
41622,,150
41622,1,60
41622,2,40
41622,3,30
41622,4,20
41622,5,**
41622,6,**
,,
41630,,330
41630,1,170
41630,2,90
41630,3,50
41630,4,**
41630,5,20
41630,6,**
,,
41631,,240
41631,1,130
41631,2,50
41631,3,40
41631,4,20
41631,5,**
41631,6,0
,,
41632,,140
41632,1,70
41632,2,40
41632,3,30
41632,4,**
41632,5,**
41632,6,0
,,
41635,,970
41635,1,470
41635,2,230
41635,3,120
41635,4,70
41635,5,80
41635,6,**
,,
41636,,200
41636,1,110
41636,2,60
41636,3,30
41636,4,**
41636,5,**
41636,6,**
,,
41640,,350
41640,1,170
41640,2,90
41640,3,30
41640,4,30
41640,5,30
41640,6,**
,,
41642,,210
41642,1,90
41642,2,40
41642,3,40
41642,4,40
41642,5,**
41642,6,**
,,
41645,,360
41645,1,160
41645,2,100
41645,3,40
41645,4,30
41645,5,30
41645,6,**
,,
41647,,500
41647,1,260
41647,2,130
41647,3,60
41647,4,30
41647,5,20
41647,6,**
,,
41649,,850
41649,1,440
41649,2,210
41649,3,80
41649,4,60
41649,5,60
41649,6,**
,,
41650,,210
41650,1,110
41650,2,60
41650,3,40
41650,4,**
41650,5,**
41650,6,**
,,
41653,,3860
41653,1,1650
41653,2,960
41653,3,530
41653,4,300
41653,5,340
41653,6,80
,,
41655,,250
41655,1,150
41655,2,60
41655,3,40
41655,4,**
41655,5,**
41655,6,0
,,
41659,,250
41659,1,90
41659,2,60
41659,3,30
41659,4,30
41659,5,40
41659,6,**
,,
41660,,210
41660,1,120
41660,2,60
41660,3,30
41660,4,**
41660,5,**
41660,6,0
,,
41666,,240
41666,1,130
41666,2,50
41666,3,40
41666,4,20
41666,5,**
41666,6,0
,,
41667,,120
41667,1,80
41667,2,40
41667,3,**
41667,4,**
41667,5,0
41667,6,0
,,
41669,,170
41669,1,90
41669,2,50
41669,3,30
41669,4,**
41669,5,**
41669,6,**
,,
41701,,4160
41701,1,2020
41701,2,900
41701,3,530
41701,4,310
41701,5,300
41701,6,100
,,
41712,,130
41712,1,70
41712,2,30
41712,3,30
41712,4,**
41712,5,**
41712,6,**
,,
41713,,120
41713,1,60
41713,2,60
41713,3,**
41713,4,**
41713,5,**
41713,6,**
,,
41714,,140
41714,1,70
41714,2,30
41714,3,40
41714,4,**
41714,5,**
41714,6,0
,,
41719,,480
41719,1,240
41719,2,120
41719,3,60
41719,4,60
41719,5,**
41719,6,0
,,
41721,,220
41721,1,110
41721,2,60
41721,3,50
41721,4,**
41721,5,**
41721,6,**
,,
41722,,640
41722,1,330
41722,2,170
41722,3,70
41722,4,40
41722,5,30
41722,6,**
,,
41723,,360
41723,1,200
41723,2,80
41723,3,50
41723,4,30
41723,5,**
41723,6,0
,,
41727,,370
41727,1,170
41727,2,120
41727,3,60
41727,4,**
41727,5,20
41727,6,**
,,
41731,,320
41731,1,150
41731,2,80
41731,3,40
41731,4,30
41731,5,20
41731,6,**
,,
41740,,230
41740,1,120
41740,2,40
41740,3,40
41740,4,**
41740,5,30
41740,6,**
,,
41746,,200
41746,1,100
41746,2,50
41746,3,30
41746,4,20
41746,5,**
41746,6,**
,,
41749,,1200
41749,1,530
41749,2,310
41749,3,190
41749,4,90
41749,5,80
41749,6,**
,,
41751,,160
41751,1,70
41751,2,70
41751,3,**
41751,4,20
41751,5,**
41751,6,0
,,
41754,,140
41754,1,60
41754,2,40
41754,3,40
41754,4,**
41754,5,**
41754,6,0
,,
41759,,150
41759,1,70
41759,2,60
41759,3,**
41759,4,20
41759,5,**
41759,6,0
,,
41763,,160
41763,1,70
41763,2,50
41763,3,40
41763,4,**
41763,5,**
41763,6,0
,,
41764,,140
41764,1,60
41764,2,50
41764,3,30
41764,4,**
41764,5,**
41764,6,**
,,
41773,,440
41773,1,230
41773,2,110
41773,3,40
41773,4,30
41773,5,30
41773,6,**
,,
41774,,810
41774,1,370
41774,2,210
41774,3,100
41774,4,70
41774,5,60
41774,6,**
,,
41776,,550
41776,1,240
41776,2,140
41776,3,90
41776,4,40
41776,5,40
41776,6,**
,,
41777,,200
41777,1,100
41777,2,50
41777,3,30
41777,4,20
41777,5,**
41777,6,**
,,
41804,,240
41804,1,100
41804,2,60
41804,3,40
41804,4,40
41804,5,**
41804,6,**
,,
41815,,240
41815,1,120
41815,2,60
41815,3,40
41815,4,20
41815,5,**
41815,6,**
,,
41817,,140
41817,1,70
41817,2,40
41817,3,30
41817,4,**
41817,5,**
41817,6,0
,,
41821,,130
41821,1,60
41821,2,30
41821,3,40
41821,4,**
41821,5,**
41821,6,**
,,
41822,,1040
41822,1,450
41822,2,260
41822,3,140
41822,4,90
41822,5,80
41822,6,20
,,
41824,,350
41824,1,180
41824,2,80
41824,3,60
41824,4,**
41824,5,30
41824,6,**
,,
41825,,120
41825,1,60
41825,2,30
41825,3,30
41825,4,**
41825,5,**
41825,6,0
,,
41826,,290
41826,1,140
41826,2,80
41826,3,40
41826,4,30
41826,5,**
41826,6,**
,,
41828,,230
41828,1,120
41828,2,60
41828,3,50
41828,4,**
41828,5,**
41828,6,**
,,
41831,,360
41831,1,170
41831,2,100
41831,3,40
41831,4,20
41831,5,30
41831,6,**
,,
41832,,110
41832,1,40
41832,2,30
41832,3,40
41832,4,**
41832,5,**
41832,6,0
,,
41833,,100
41833,1,80
41833,2,**
41833,3,20
41833,4,**
41833,5,**
41833,6,0
,,
41834,,160
41834,1,80
41834,2,50
41834,3,30
41834,4,**
41834,5,**
41834,6,**
,,
41835,,210
41835,1,100
41835,2,60
41835,3,30
41835,4,20
41835,5,**
41835,6,**
,,
41836,,290
41836,1,150
41836,2,70
41836,3,40
41836,4,30
41836,5,**
41836,6,**
,,
41837,,360
41837,1,160
41837,2,90
41837,3,60
41837,4,30
41837,5,20
41837,6,0
,,
41838,,160
41838,1,80
41838,2,40
41838,3,20
41838,4,20
41838,5,**
41838,6,**
,,
41839,,220
41839,1,90
41839,2,80
41839,3,50
41839,4,**
41839,5,**
41839,6,**
,,
41840,,390
41840,1,200
41840,2,90
41840,3,50
41840,4,30
41840,5,20
41840,6,**
,,
41843,,230
41843,1,120
41843,2,70
41843,3,20
41843,4,20
41843,5,**
41843,6,0
,,
41844,,280
41844,1,140
41844,2,60
41844,3,60
41844,4,**
41844,5,20
41844,6,**
,,
41845,,100
41845,1,60
41845,2,20
41845,3,20
41845,4,**
41845,5,**
41845,6,**
,,
41847,,140
41847,1,60
41847,2,40
41847,3,20
41847,4,20
41847,5,**
41847,6,**
,,
41855,,180
41855,1,100
41855,2,50
41855,3,30
41855,4,**
41855,5,**
41855,6,0
,,
41858,,2360
41858,1,1120
41858,2,550
41858,3,310
41858,4,190
41858,5,160
41858,6,30
,,
41862,,230
41862,1,130
41862,2,40
41862,3,30
41862,4,30
41862,5,**
41862,6,0
,,
42001,,13350
42001,1,5210
42001,2,2820
42001,3,1740
42001,4,1230
42001,5,1710
42001,6,640
,,
42003,,12140
42003,1,5380
42003,2,2900
42003,3,1520
42003,4,1000
42003,5,1130
42003,6,210
,,
42020,,960
42020,1,360
42020,2,220
42020,3,180
42020,4,90
42020,5,110
42020,6,**
,,
42021,,610
42021,1,270
42021,2,160
42021,3,70
42021,4,50
42021,5,60
42021,6,**
,,
42023,,960
42023,1,380
42023,2,240
42023,3,130
42023,4,110
42023,5,100
42023,6,**
,,
42024,,570
42024,1,240
42024,2,130
42024,3,80
42024,4,50
42024,5,70
42024,6,**
,,
42025,,8390
42025,1,3110
42025,2,1990
42025,3,1220
42025,4,890
42025,5,1010
42025,6,170
,,
42027,,950
42027,1,350
42027,2,220
42027,3,140
42027,4,100
42027,5,110
42027,6,30
,,
42028,,250
42028,1,120
42028,2,50
42028,3,40
42028,4,40
42028,5,**
42028,6,**
,,
42029,,2840
42029,1,1070
42029,2,650
42029,3,440
42029,4,280
42029,5,360
42029,6,40
,,
42031,,1240
42031,1,540
42031,2,300
42031,3,170
42031,4,100
42031,5,110
42031,6,20
,,
42035,,440
42035,1,150
42035,2,110
42035,3,60
42035,4,60
42035,5,60
42035,6,**
,,
42036,,490
42036,1,200
42036,2,140
42036,3,70
42036,4,50
42036,5,30
42036,6,**
,,
42038,,2030
42038,1,770
42038,2,500
42038,3,290
42038,4,200
42038,5,230
42038,6,40
,,
42039,,690
42039,1,260
42039,2,190
42039,3,100
42039,4,70
42039,5,70
42039,6,**
,,
42040,,480
42040,1,200
42040,2,140
42040,3,70
42040,4,30
42040,5,40
42040,6,**
,,
42041,,1640
42041,1,830
42041,2,390
42041,3,200
42041,4,110
42041,5,110
42041,6,**
,,
42044,,1500
42044,1,500
42044,2,330
42044,3,250
42044,4,170
42044,5,200
42044,6,50
,,
42045,,920
42045,1,350
42045,2,230
42045,3,140
42045,4,80
42045,5,120
42045,6,**
,,
42048,,950
42048,1,470
42048,2,240
42048,3,120
42048,4,60
42048,5,60
42048,6,**
,,
42049,,700
42049,1,340
42049,2,170
42049,3,90
42049,4,60
42049,5,40
42049,6,**
,,
42050,,980
42050,1,540
42050,2,240
42050,3,90
42050,4,50
42050,5,60
42050,6,**
,,
42051,,1280
42051,1,490
42051,2,330
42051,3,200
42051,4,130
42051,5,130
42051,6,**
,,
42053,,2160
42053,1,800
42053,2,480
42053,3,320
42053,4,240
42053,5,280
42053,6,40
,,
42054,,430
42054,1,160
42054,2,120
42054,3,60
42054,4,40
42054,5,50
42054,6,**
,,
42055,,1130
42055,1,450
42055,2,280
42055,3,150
42055,4,110
42055,5,120
42055,6,20
,,
42056,,850
42056,1,380
42056,2,190
42056,3,110
42056,4,80
42056,5,90
42056,6,**
,,
42058,,1030
42058,1,410
42058,2,270
42058,3,170
42058,4,90
42058,5,90
42058,6,**
,,
42064,,3180
42064,1,1420
42064,2,770
42064,3,420
42064,4,280
42064,5,260
42064,6,30
,,
42066,,9270
42066,1,4090
42066,2,2400
42066,3,1230
42066,4,710
42066,5,690
42066,6,150
,,
42069,,440
42069,1,160
42069,2,110
42069,3,60
42069,4,50
42069,5,60
42069,6,**
,,
42071,,11550
42071,1,5050
42071,2,2690
42071,3,1520
42071,4,970
42071,5,1060
42071,6,260
,,
42076,,400
42076,1,180
42076,2,90
42076,3,50
42076,4,40
42076,5,40
42076,6,**
,,
42078,,700
42078,1,260
42078,2,180
42078,3,130
42078,4,70
42078,5,60
42078,6,**
,,
42079,,540
42079,1,240
42079,2,140
42079,3,70
42079,4,50
42079,5,40
42079,6,**
,,
42081,,880
42081,1,350
42081,2,190
42081,3,150
42081,4,100
42081,5,90
42081,6,**
,,
42082,,800
42082,1,300
42082,2,180
42082,3,140
42082,4,80
42082,5,100
42082,6,**
,,
42083,,130
42083,1,50
42083,2,30
42083,3,20
42083,4,30
42083,5,**
42083,6,**
,,
42085,,350
42085,1,150
42085,2,100
42085,3,60
42085,4,40
42085,5,**
42085,6,0
,,
42086,,1910
42086,1,710
42086,2,410
42086,3,260
42086,4,210
42086,5,290
42086,6,30
,,
42087,,900
42087,1,330
42087,2,250
42087,3,130
42087,4,90
42087,5,100
42087,6,**
,,
42088,,1050
42088,1,430
42088,2,280
42088,3,160
42088,4,90
42088,5,90
42088,6,**
,,
42101,,22860
42101,1,11090
42101,2,6440
42101,3,2780
42101,4,1320
42101,5,1080
42101,6,150
,,
42103,,9530
42103,1,3210
42103,2,2170
42103,3,1190
42103,4,850
42103,5,1400
42103,6,710
,,
42104,,15210
42104,1,5510
42104,2,3450
42104,3,2100
42104,4,1590
42104,5,2070
42104,6,490
,,
42120,,890
42120,1,410
42120,2,250
42120,3,130
42120,4,60
42120,5,40
42120,6,**
,,
42122,,2110
42122,1,630
42122,2,420
42122,3,300
42122,4,280
42122,5,380
42122,6,100
,,
42123,,320
42123,1,130
42123,2,90
42123,3,50
42123,4,50
42123,5,**
42123,6,**
,,
42127,,2630
42127,1,1280
42127,2,700
42127,3,360
42127,4,150
42127,5,120
42127,6,20
,,
42129,,2730
42129,1,1400
42129,2,720
42129,3,340
42129,4,160
42129,5,110
42129,6,**
,,
42133,,560
42133,1,270
42133,2,160
42133,3,80
42133,4,20
42133,5,30
42133,6,**
,,
42134,,7470
42134,1,3110
42134,2,2070
42134,3,1110
42134,4,550
42134,5,530
42134,6,100
,,
42140,,450
42140,1,200
42140,2,150
42140,3,50
42140,4,30
42140,5,20
42140,6,**
,,
42141,,12790
42141,1,5460
42141,2,3420
42141,3,1720
42141,4,1040
42141,5,940
42141,6,210
,,
42154,,300
42154,1,150
42154,2,70
42154,3,50
42154,4,30
42154,5,**
42154,6,0
,,
42156,,130
42156,1,50
42156,2,40
42156,3,20
42156,4,20
42156,5,**
42156,6,**
,,
42157,,160
42157,1,90
42157,2,50
42157,3,20
42157,4,**
42157,5,.
42157,6,**
,,
42159,,550
42159,1,210
42159,2,160
42159,3,80
42159,4,50
42159,5,50
42159,6,**
,,
42160,,820
42160,1,360
42160,2,240
42160,3,110
42160,4,60
42160,5,50
42160,6,**
,,
42164,,6510
42164,1,2740
42164,2,1800
42164,3,910
42164,4,560
42164,5,430
42164,6,70
,,
42166,,900
42166,1,410
42166,2,240
42166,3,140
42166,4,60
42166,5,50
42166,6,**
,,
42167,,3100
42167,1,1530
42167,2,820
42167,3,350
42167,4,220
42167,5,140
42167,6,40
,,
42170,,690
42170,1,250
42170,2,170
42170,3,110
42170,4,70
42170,5,90
42170,6,**
,,
42171,,3020
42171,1,1150
42171,2,790
42171,3,500
42171,4,310
42171,5,230
42171,6,40
,,
42202,,970
42202,1,430
42202,2,260
42202,3,120
42202,4,70
42202,5,90
42202,6,**
,,
42204,,290
42204,1,110
42204,2,80
42204,3,40
42204,4,20
42204,5,40
42204,6,**
,,
42206,,2390
42206,1,910
42206,2,640
42206,3,410
42206,4,220
42206,5,180
42206,6,30
,,
42207,,480
42207,1,210
42207,2,140
42207,3,70
42207,4,40
42207,5,20
42207,6,**
,,
42210,,1680
42210,1,740
42210,2,480
42210,3,260
42210,4,110
42210,5,90
42210,6,**
,,
42211,,5470
42211,1,2220
42211,2,1390
42211,3,840
42211,4,480
42211,5,460
42211,6,80
,,
42214,,270
42214,1,130
42214,2,70
42214,3,40
42214,4,30
42214,5,**
42214,6,**
,,
42215,,500
42215,1,190
42215,2,140
42215,3,80
42215,4,40
42215,5,50
42215,6,**
,,
42217,,1490
42217,1,560
42217,2,400
42217,3,260
42217,4,140
42217,5,130
42217,6,**
,,
42220,,2540
42220,1,1090
42220,2,700
42220,3,340
42220,4,200
42220,5,170
42220,6,40
,,
42223,,4720
42223,1,2460
42223,2,1860
42223,3,280
42223,4,80
42223,5,40
42223,6,**
,,
42232,,350
42232,1,120
42232,2,100
42232,3,60
42232,4,30
42232,5,40
42232,6,**
,,
42234,,850
42234,1,380
42234,2,250
42234,3,110
42234,4,50
42234,5,60
42234,6,**
,,
42236,,370
42236,1,120
42236,2,100
42236,3,60
42236,4,40
42236,5,50
42236,6,**
,,
42240,,17290
42240,1,7650
42240,2,4640
42240,3,2210
42240,4,1300
42240,5,1190
42240,6,300
,,
42254,,110
42254,1,50
42254,2,30
42254,3,30
42254,4,**
42254,5,**
42254,6,**
,,
42256,,1900
42256,1,720
42256,2,530
42256,3,300
42256,4,200
42256,5,150
42256,6,**
,,
42259,,390
42259,1,180
42259,2,90
42259,3,60
42259,4,30
42259,5,30
42259,6,**
,,
42261,,3980
42261,1,1590
42261,2,1140
42261,3,580
42261,4,350
42261,5,290
42261,6,30
,,
42262,,3020
42262,1,1520
42262,2,1100
42262,3,260
42262,4,90
42262,5,50
42262,6,**
,,
42265,,410
42265,1,160
42265,2,90
42265,3,60
42265,4,40
42265,5,60
42265,6,**
,,
42266,,920
42266,1,390
42266,2,230
42266,3,130
42266,4,80
42266,5,90
42266,6,**
,,
42273,,200
42273,1,70
42273,2,60
42273,3,40
42273,4,30
42273,5,**
42273,6,**
,,
42274,,1040
42274,1,390
42274,2,270
42274,3,160
42274,4,90
42274,5,130
42274,6,**
,,
42275,,330
42275,1,130
42275,2,90
42275,3,50
42275,4,30
42275,5,30
42275,6,**
,,
42276,,6150
42276,1,2490
42276,2,1680
42276,3,920
42276,4,530
42276,5,460
42276,6,70
,,
42280,,190
42280,1,90
42280,2,50
42280,3,30
42280,4,20
42280,5,**
42280,6,0
,,
42285,,180
42285,1,80
42285,2,50
42285,3,50
42285,4,**
42285,5,**
42285,6,**
,,
42286,,590
42286,1,230
42286,2,130
42286,3,90
42286,4,50
42286,5,70
42286,6,20
,,
42301,,19320
42301,1,7790
42301,2,5000
42301,3,2700
42301,4,1740
42301,5,1770
42301,6,320
,,
42303,,17880
42303,1,6920
42303,2,4470
42303,3,2410
42303,4,1560
42303,5,1960
42303,6,560
,,
42320,,3350
42320,1,1430
42320,2,920
42320,3,490
42320,4,280
42320,5,200
42320,6,30
,,
42321,,180
42321,1,80
42321,2,50
42321,3,20
42321,4,30
42321,5,**
42321,6,0
,,
42323,,390
42323,1,150
42323,2,100
42323,3,50
42323,4,50
42323,5,40
42323,6,**
,,
42324,,450
42324,1,160
42324,2,120
42324,3,70
42324,4,50
42324,5,50
42324,6,**
,,
42325,,820
42325,1,320
42325,2,220
42325,3,120
42325,4,80
42325,5,80
42325,6,**
,,
42326,,140
42326,1,50
42326,2,50
42326,3,40
42326,4,**
42326,5,**
42326,6,**
,,
42327,,1700
42327,1,640
42327,2,400
42327,3,240
42327,4,180
42327,5,200
42327,6,40
,,
42328,,550
42328,1,220
42328,2,160
42328,3,80
42328,4,40
42328,5,50
42328,6,**
,,
42330,,3380
42330,1,1470
42330,2,810
42330,3,480
42330,4,310
42330,5,260
42330,6,50
,,
42333,,420
42333,1,180
42333,2,130
42333,3,60
42333,4,50
42333,5,**
42333,6,**
,,
42337,,720
42337,1,350
42337,2,190
42337,3,110
42337,4,50
42337,5,20
42337,6,**
,,
42339,,340
42339,1,140
42339,2,90
42339,3,50
42339,4,40
42339,5,20
42339,6,**
,,
42343,,740
42343,1,300
42343,2,220
42343,3,110
42343,4,60
42343,5,50
42343,6,**
,,
42344,,340
42344,1,160
42344,2,80
42344,3,50
42344,4,50
42344,5,**
42344,6,**
,,
42345,,4280
42345,1,1600
42345,2,1070
42345,3,650
42345,4,440
42345,5,450
42345,6,70
,,
42347,,2470
42347,1,1010
42347,2,680
42347,3,340
42347,4,220
42347,5,190
42347,6,30
,,
42348,,2040
42348,1,710
42348,2,450
42348,3,380
42348,4,280
42348,5,220
42348,6,**
,,
42349,,490
42349,1,210
42349,2,150
42349,3,70
42349,4,40
42349,5,20
42349,6,**
,,
42350,,540
42350,1,210
42350,2,150
42350,3,80
42350,4,50
42350,5,50
42350,6,**
,,
42351,,1790
42351,1,660
42351,2,350
42351,3,320
42351,4,230
42351,5,200
42351,6,30
,,
42352,,780
42352,1,310
42352,2,220
42352,3,90
42352,4,90
42352,5,70
42352,6,**
,,
42354,,140
42354,1,70
42354,2,50
42354,3,**
42354,4,20
42354,5,**
42354,6,**
,,
42355,,810
42355,1,290
42355,2,210
42355,3,130
42355,4,100
42355,5,80
42355,6,**
,,
42361,,210
42361,1,90
42361,2,50
42361,3,30
42361,4,40
42361,5,**
42361,6,**
,,
42366,,2730
42366,1,900
42366,2,560
42366,3,440
42366,4,380
42366,5,400
42366,6,50
,,
42367,,400
42367,1,200
42367,2,110
42367,3,50
42367,4,40
42367,5,**
42367,6,**
,,
42368,,550
42368,1,220
42368,2,140
42368,3,90
42368,4,60
42368,5,40
42368,6,**
,,
42369,,130
42369,1,60
42369,2,40
42369,3,30
42369,4,**
42369,5,**
42369,6,0
,,
42371,,220
42371,1,110
42371,2,40
42371,3,30
42371,4,40
42371,5,**
42371,6,**
,,
42372,,700
42372,1,260
42372,2,200
42372,3,110
42372,4,70
42372,5,60
42372,6,**
,,
42376,,2780
42376,1,940
42376,2,640
42376,3,470
42376,4,350
42376,5,330
42376,6,50
,,
42378,,1450
42378,1,480
42378,2,350
42378,3,290
42378,4,180
42378,5,150
42378,6,**
,,
42404,,950
42404,1,350
42404,2,200
42404,3,170
42404,4,120
42404,5,110
42404,6,**
,,
42406,,1160
42406,1,380
42406,2,290
42406,3,200
42406,4,160
42406,5,130
42406,6,**
,,
42408,,2350
42408,1,970
42408,2,630
42408,3,360
42408,4,220
42408,5,170
42408,6,**
,,
42409,,890
42409,1,310
42409,2,210
42409,3,140
42409,4,110
42409,5,120
42409,6,**
,,
42410,,540
42410,1,280
42410,2,140
42410,3,60
42410,4,30
42410,5,30
42410,6,**
,,
42411,,660
42411,1,250
42411,2,180
42411,3,100
42411,4,80
42411,5,50
42411,6,**
,,
42413,,1260
42413,1,350
42413,2,260
42413,3,200
42413,4,180
42413,5,220
42413,6,50
,,
42420,,16160
42420,1,6430
42420,2,4100
42420,3,2220
42420,4,1480
42420,5,1590
42420,6,340
,,
42431,,11040
42431,1,4440
42431,2,2690
42431,3,1520
42431,4,1070
42431,5,1070
42431,6,250
,,
42436,,610
42436,1,190
42436,2,120
42436,3,110
42436,4,100
42436,5,90
42436,6,**
,,
42437,,3020
42437,1,1160
42437,2,780
42437,3,410
42437,4,320
42437,5,300
42437,6,50
,,
42441,,570
42441,1,180
42441,2,140
42441,3,100
42441,4,80
42441,5,70
42441,6,**
,,
42442,,1170
42442,1,470
42442,2,280
42442,3,200
42442,4,120
42442,5,100
42442,6,**
,,
42445,,4590
42445,1,1940
42445,2,1150
42445,3,690
42445,4,360
42445,5,390
42445,6,60
,,
42450,,1540
42450,1,640
42450,2,400
42450,3,220
42450,4,150
42450,5,110
42450,6,20
,,
42451,,300
42451,1,110
42451,2,90
42451,3,50
42451,4,20
42451,5,30
42451,6,0
,,
42452,,1040
42452,1,310
42452,2,250
42452,3,170
42452,4,140
42452,5,170
42452,6,**
,,
42453,,230
42453,1,100
42453,2,70
42453,3,30
42453,4,30
42453,5,**
42453,6,0
,,
42455,,1370
42455,1,500
42455,2,440
42455,3,190
42455,4,110
42455,5,130
42455,6,**
,,
42456,,710
42456,1,230
42456,2,140
42456,3,130
42456,4,110
42456,5,100
42456,6,**
,,
42458,,440
42458,1,170
42458,2,110
42458,3,70
42458,4,40
42458,5,50
42458,6,**
,,
42459,,1650
42459,1,660
42459,2,420
42459,3,240
42459,4,180
42459,5,120
42459,6,30
,,
42461,,630
42461,1,270
42461,2,160
42461,3,90
42461,4,60
42461,5,50
42461,6,**
,,
42462,,560
42462,1,180
42462,2,140
42462,3,90
42462,4,70
42462,5,80
42462,6,**
,,
42464,,750
42464,1,310
42464,2,180
42464,3,110
42464,4,70
42464,5,80
42464,6,**
,,
42501,,6410
42501,1,3080
42501,2,1780
42501,3,750
42501,4,420
42501,5,300
42501,6,80
,,
42503,,9290
42503,1,3710
42503,2,2320
42503,3,1280
42503,4,810
42503,5,900
42503,6,270
,,
42516,,170
42516,1,90
42516,2,40
42516,3,40
42516,4,**
42516,5,**
42516,6,0
,,
42518,,1190
42518,1,520
42518,2,350
42518,3,150
42518,4,80
42518,5,90
42518,6,**
,,
42519,,1190
42519,1,650
42519,2,310
42519,3,130
42519,4,60
42519,5,40
42519,6,**
,,
42528,,560
42528,1,290
42528,2,150
42528,3,50
42528,4,30
42528,5,40
42528,6,**
,,
42533,,380
42533,1,190
42533,2,110
42533,3,50
42533,4,30
42533,5,**
42533,6,**
,,
42539,,3640
42539,1,1860
42539,2,980
42539,3,430
42539,4,210
42539,5,160
42539,6,**
,,
42541,,210
42541,1,100
42541,2,60
42541,3,20
42541,4,30
42541,5,**
42541,6,**
,,
42544,,2230
42544,1,1030
42544,2,610
42544,3,300
42544,4,150
42544,5,110
42544,6,30
,,
42553,,2090
42553,1,910
42553,2,560
42553,3,320
42553,4,160
42553,5,140
42553,6,**
,,
42565,,230
42565,1,110
42565,2,60
42565,3,30
42565,4,30
42565,5,**
42565,6,**
,,
42566,,240
42566,1,130
42566,2,60
42566,3,30
42566,4,20
42566,5,**
42566,6,**
,,
42567,,2150
42567,1,1000
42567,2,600
42567,3,320
42567,4,120
42567,5,110
42567,6,**
,,
42602,,3510
42602,1,1810
42602,2,990
42602,3,370
42602,4,170
42602,5,140
42602,6,30
,,
42603,,170
42603,1,80
42603,2,50
42603,3,40
42603,4,**
42603,5,**
42603,6,0
,,
42629,,1870
42629,1,870
42629,2,510
42629,3,230
42629,4,110
42629,5,120
42629,6,30
,,
42633,,7020
42633,1,3380
42633,2,2020
42633,3,820
42633,4,450
42633,5,300
42633,6,50
,,
42634,,410
42634,1,240
42634,2,110
42634,3,40
42634,4,20
42634,5,**
42634,6,0
,,
42635,,1130
42635,1,600
42635,2,310
42635,3,120
42635,4,50
42635,5,50
42635,6,**
,,
42642,,5000
42642,1,2410
42642,2,1360
42642,3,610
42642,4,330
42642,5,250
42642,6,40
,,
42647,,1120
42647,1,600
42647,2,280
42647,3,130
42647,4,60
42647,5,50
42647,6,**
,,
42649,,450
42649,1,240
42649,2,110
42649,3,60
42649,4,40
42649,5,**
42649,6,0
,,
42653,,1440
42653,1,710
42653,2,420
42653,3,170
42653,4,70
42653,5,70
42653,6,**
,,
42701,,23060
42701,1,8300
42701,2,5610
42701,3,3440
42701,4,2290
42701,5,2790
42701,6,630
,,
42712,,770
42712,1,330
42712,2,220
42712,3,140
42712,4,50
42712,5,30
42712,6,**
,,
42713,,720
42713,1,340
42713,2,220
42713,3,100
42713,4,60
42713,5,**
42713,6,**
,,
42715,,160
42715,1,90
42715,2,40
42715,3,30
42715,4,**
42715,5,**
42715,6,0
,,
42716,,630
42716,1,230
42716,2,190
42716,3,100
42716,4,70
42716,5,40
42716,6,0
,,
42717,,2440
42717,1,1200
42717,2,690
42717,3,290
42717,4,130
42717,5,110
42717,6,20
,,
42718,,10040
42718,1,4530
42718,2,2610
42718,3,1420
42718,4,740
42718,5,610
42718,6,130
,,
42721,,1380
42721,1,610
42721,2,360
42721,3,220
42721,4,100
42721,5,90
42721,6,**
,,
42722,,310
42722,1,150
42722,2,80
42722,3,40
42722,4,40
42722,5,**
42722,6,**
,,
42724,,2190
42724,1,800
42724,2,540
42724,3,390
42724,4,220
42724,5,210
42724,6,30
,,
42726,,1800
42726,1,770
42726,2,490
42726,3,280
42726,4,130
42726,5,130
42726,6,**
,,
42728,,5980
42728,1,3010
42728,2,1520
42728,3,770
42728,4,340
42728,5,280
42728,6,60
,,
42729,,550
42729,1,220
42729,2,160
42729,3,80
42729,4,50
42729,5,40
42729,6,**
,,
42732,,760
42732,1,320
42732,2,230
42732,3,110
42732,4,60
42732,5,40
42732,6,**
,,
42733,,520
42733,1,240
42733,2,170
42733,3,70
42733,4,40
42733,5,**
42733,6,**
,,
42740,,840
42740,1,310
42740,2,190
42740,3,130
42740,4,90
42740,5,120
42740,6,**
,,
42741,,120
42741,1,70
42741,2,50
42741,3,**
42741,4,**
42741,5,**
42741,6,0
,,
42743,,3410
42743,1,1590
42743,2,950
42743,3,460
42743,4,210
42743,5,170
42743,6,30
,,
42746,,710
42746,1,350
42746,2,190
42746,3,100
42746,4,50
42746,5,20
42746,6,**
,,
42748,,3750
42748,1,1510
42748,2,990
42748,3,570
42748,4,320
42748,5,320
42748,6,40
,,
42749,,2020
42749,1,910
42749,2,620
42749,3,260
42749,4,140
42749,5,90
42749,6,**
,,
42753,,220
42753,1,110
42753,2,70
42753,3,20
42753,4,20
42753,5,**
42753,6,**
,,
42754,,5890
42754,1,2630
42754,2,1600
42754,3,780
42754,4,440
42754,5,370
42754,6,70
,,
42757,,1240
42757,1,590
42757,2,310
42757,3,190
42757,4,80
42757,5,70
42757,6,**
,,
42762,,170
42762,1,90
42762,2,40
42762,3,40
42762,4,**
42762,5,**
42762,6,0
,,
42764,,230
42764,1,90
42764,2,80
42764,3,30
42764,4,30
42764,5,**
42764,6,**
,,
42765,,2350
42765,1,1030
42765,2,730
42765,3,290
42765,4,160
42765,5,140
42765,6,**
,,
42776,,1110
42776,1,430
42776,2,300
42776,3,180
42776,4,110
42776,5,90
42776,6,**
,,
42782,,370
42782,1,160
42782,2,110
42782,3,60
42782,4,20
42782,5,20
42782,6,**
,,
42784,,1110
42784,1,490
42784,2,280
42784,3,170
42784,4,100
42784,5,70
42784,6,**
,,
42788,,120
42788,1,40
42788,2,40
42788,3,20
42788,4,20
42788,5,**
42788,6,**
