70001,,18020
70001,1,6600
70001,2,4600
70001,3,2520
70001,4,1450
70001,5,2110
70001,6,740
,,
70002,,9380
70002,1,3480
70002,2,2200
70002,3,1110
70002,4,640
70002,5,1230
70002,6,720
,,
70003,,19000
70003,1,7170
70003,2,4620
70003,3,2750
70003,4,1730
70003,5,2260
70003,6,470
,,
70005,,11940
70005,1,3540
70005,2,2450
70005,3,1650
70005,4,1030
70005,5,1830
70005,6,1440
,,
70006,,7440
70006,1,2780
70006,2,1640
70006,3,920
70006,4,660
70006,5,1070
70006,6,370
,,
70030,,1770
70030,1,630
70030,2,380
70030,3,240
70030,4,180
70030,5,300
70030,6,40
,,
70031,,640
70031,1,230
70031,2,180
70031,3,80
70031,4,70
70031,5,80
70031,6,**
,,
70032,,1880
70032,1,830
70032,2,520
70032,3,260
70032,4,130
70032,5,140
70032,6,**
,,
70036,,460
70036,1,180
70036,2,110
70036,3,60
70036,4,40
70036,5,70
70036,6,**
,,
70037,,6880
70037,1,2170
70037,2,1600
70037,3,890
70037,4,690
70037,5,1140
70037,6,390
,,
70039,,1290
70039,1,620
70039,2,310
70039,3,120
70039,4,100
70039,5,140
70039,6,**
,,
70040,,490
70040,1,210
70040,2,140
70040,3,70
70040,4,30
70040,5,40
70040,6,**
,,
70041,,1010
70041,1,500
70041,2,240
70041,3,120
70041,4,60
70041,5,70
70041,6,20
,,
70043,,7860
70043,1,3640
70043,2,2170
70043,3,1000
70043,4,500
70043,5,490
70043,6,60
,,
70047,,5710
70047,1,1810
70047,2,1110
70047,3,730
70047,4,550
70047,5,1150
70047,6,360
,,
70049,,1000
70049,1,500
70049,2,270
70049,3,110
70049,4,70
70049,5,50
70049,6,**
,,
70051,,890
70051,1,400
70051,2,200
70051,3,120
70051,4,70
70051,5,100
70051,6,**
,,
70052,,1610
70052,1,590
70052,2,370
70052,3,220
70052,4,150
70052,5,250
70052,6,30
,,
70053,,6620
70053,1,3040
70053,2,1790
70053,3,820
70053,4,390
70053,5,450
70053,6,130
,,
70056,,17070
70056,1,7430
70056,2,4510
70056,3,2230
70056,4,1200
70056,5,1400
70056,6,300
,,
70057,,1840
70057,1,730
70057,2,450
70057,3,230
70057,4,130
70057,5,250
70057,6,50
,,
70058,,17740
70058,1,8140
70058,2,4860
70058,3,2140
70058,4,1130
70058,5,1230
70058,6,240
,,
70062,,6910
70062,1,3730
70062,2,1810
70062,3,680
70062,4,350
70062,5,300
70062,6,40
,,
70065,,23100
70065,1,9220
70065,2,5740
70065,3,3110
70065,4,1740
70065,5,2460
70065,6,830
,,
70067,,1240
70067,1,460
70067,2,290
70067,3,180
70067,4,110
70067,5,200
70067,6,**
,,
70068,,14140
70068,1,5620
70068,2,3510
70068,3,1990
70068,4,1160
70068,5,1590
70068,6,270
,,
70070,,6010
70070,1,1850
70070,2,1160
70070,3,790
70070,4,670
70070,5,1300
70070,6,240
,,
70071,,1520
70071,1,620
70071,2,350
70071,3,200
70071,4,140
70071,5,170
70071,6,40
,,
70072,,24530
70072,1,10540
70072,2,6510
70072,3,3350
70072,4,1790
70072,5,2050
70072,6,290
,,
70075,,2130
70075,1,730
70075,2,540
70075,3,320
70075,4,200
70075,5,310
70075,6,30
,,
70079,,1400
70079,1,430
70079,2,350
70079,3,210
70079,4,130
70079,5,250
70079,6,30
,,
70080,,630
70080,1,240
70080,2,160
70080,3,90
70080,4,60
70080,5,80
70080,6,**
,,
70083,,1030
70083,1,440
70083,2,310
70083,3,120
70083,4,70
70083,5,90
70083,6,**
,,
70084,,3090
70084,1,1450
70084,2,730
70084,3,410
70084,4,210
70084,5,260
70084,6,30
,,
70085,,1620
70085,1,680
70085,2,420
70085,3,210
70085,4,130
70085,5,140
70085,6,40
,,
70086,,890
70086,1,440
70086,2,240
70086,3,110
70086,4,50
70086,5,50
70086,6,**
,,
70087,,3410
70087,1,1460
70087,2,850
70087,3,430
70087,4,280
70087,5,330
70087,6,60
,,
70090,,3500
70090,1,1400
70090,2,860
70090,3,470
70090,4,280
70090,5,430
70090,6,60
,,
70091,,110
70091,1,50
70091,2,30
70091,3,30
70091,4,**
70091,5,**
70091,6,**
,,
70092,,2870
70092,1,1490
70092,2,730
70092,3,310
70092,4,170
70092,5,170
70092,6,**
,,
70094,,13180
70094,1,6330
70094,2,3790
70094,3,1610
70094,4,730
70094,5,650
70094,6,70
,,
70112,,1990
70112,1,840
70112,2,450
70112,3,230
70112,4,120
70112,5,220
70112,6,130
,,
70113,,3010
70113,1,1690
70113,2,770
70113,3,230
70113,4,110
70113,5,120
70113,6,90
,,
70114,,8680
70114,1,4790
70114,2,2180
70114,3,790
70114,4,390
70114,5,440
70114,6,90
,,
70115,,14590
70115,1,4550
70115,2,3430
70115,3,1880
70115,4,1060
70115,5,1970
70115,6,1700
,,
70116,,4530
70116,1,2190
70116,2,1170
70116,3,480
70116,4,240
70116,5,270
70116,6,180
,,
70117,,11590
70117,1,6540
70117,2,3080
70117,3,1000
70117,4,400
70117,5,450
70117,6,120
,,
70118,,12360
70118,1,4880
70118,2,2850
70118,3,1310
70118,4,690
70118,5,1350
70118,6,1280
,,
70119,,15860
70119,1,7350
70119,2,4430
70119,3,1830
70119,4,840
70119,5,1040
70119,6,370
,,
70121,,5480
70121,1,2080
70121,2,1520
70121,3,840
70121,4,440
70121,5,500
70121,6,100
,,
70122,,14970
70122,1,6830
70122,2,4010
70122,3,1760
70122,4,970
70122,5,1060
70122,6,340
,,
70123,,13200
70123,1,3860
70123,2,3130
70123,3,2050
70123,4,1290
70123,5,2050
70123,6,820
,,
70124,,9700
70124,1,2140
70124,2,1600
70124,3,1230
70124,4,880
70124,5,2190
70124,6,1660
,,
70125,,6350
70125,1,2820
70125,2,1540
70125,3,710
70125,4,380
70125,5,620
70125,6,280
,,
70126,,11450
70126,1,6590
70126,2,2980
70126,3,1050
70126,4,400
70126,5,390
70126,6,40
,,
70127,,9340
70127,1,5150
70127,2,2630
70127,3,860
70127,4,360
70127,5,300
70127,6,40
,,
70128,,7960
70128,1,3790
70128,2,2140
70128,3,920
70128,4,470
70128,5,530
70128,6,110
,,
70129,,3520
70129,1,1920
70129,2,860
70129,3,360
70129,4,170
70129,5,180
70129,6,30
,,
70130,,7040
70130,1,2060
70130,2,1740
70130,3,990
70130,4,620
70130,5,910
70130,6,720
,,
70131,,11560
70131,1,4580
70131,2,3040
70131,3,1360
70131,4,810
70131,5,1250
70131,6,520
,,
70301,,18400
70301,1,6860
70301,2,4070
70301,3,2540
70301,4,1810
70301,5,2500
70301,6,620
,,
70339,,2280
70339,1,710
70339,2,450
70339,3,370
70339,4,270
70339,5,410
70339,6,70
,,
70341,,1420
70341,1,680
70341,2,350
70341,3,150
70341,4,80
70341,5,130
70341,6,30
,,
70342,,1940
70342,1,730
70342,2,430
70342,3,240
70342,4,190
70342,5,270
70342,6,80
,,
70343,,2250
70343,1,720
70343,2,460
70343,3,330
70343,4,260
70343,5,410
70343,6,70
,,
70344,,1990
70344,1,860
70344,2,480
70344,3,260
70344,4,190
70344,5,200
70344,6,**
,,
70345,,3770
70345,1,1420
70345,2,840
70345,3,540
70345,4,360
70345,5,500
70345,6,110
,,
70346,,4440
70346,1,2080
70346,2,1090
70346,3,520
70346,4,280
70346,5,410
70346,6,60
,,
70353,,420
70353,1,220
70353,2,110
70353,3,40
70353,4,20
70353,5,30
70353,6,**
,,
70354,,1740
70354,1,780
70354,2,390
70354,3,220
70354,4,140
70354,5,170
70354,6,40
,,
70355,,380
70355,1,130
70355,2,80
70355,3,80
70355,4,40
70355,5,50
70355,6,**
,,
70356,,870
70356,1,440
70356,2,200
70356,3,90
70356,4,60
70356,5,80
70356,6,**
,,
70357,,1050
70357,1,490
70357,2,250
70357,3,140
70357,4,70
70357,5,100
70357,6,**
,,
70358,,410
70358,1,170
70358,2,90
70358,3,80
70358,4,30
70358,5,40
70358,6,**
,,
70359,,3720
70359,1,1560
70359,2,830
70359,3,500
70359,4,330
70359,5,450
70359,6,50
,,
70360,,11640
70360,1,3980
70360,2,2340
70360,3,1460
70360,4,1050
70360,5,2040
70360,6,770
,,
70363,,9670
70363,1,4780
70363,2,2420
70363,3,1120
70363,4,650
70363,5,630
70363,6,70
,,
70364,,11840
70364,1,4800
70364,2,2850
70364,3,1720
70364,4,1150
70364,5,1170
70364,6,150
,,
70372,,1090
70372,1,460
70372,2,240
70372,3,180
70372,4,90
70372,5,100
70372,6,20
,,
70373,,2730
70373,1,1020
70373,2,650
70373,3,390
70373,4,280
70373,5,350
70373,6,40
,,
70374,,2790
70374,1,1020
70374,2,700
70374,3,430
70374,4,270
70374,5,320
70374,6,50
,,
70375,,170
70375,1,50
70375,2,40
70375,3,40
70375,4,**
70375,5,40
70375,6,**
,,
70377,,1440
70377,1,640
70377,2,330
70377,3,190
70377,4,120
70377,5,160
70377,6,**
,,
70380,,7690
70380,1,3400
70380,2,1910
70380,3,1010
70380,4,600
70380,5,640
70380,6,130
,,
70390,,2710
70390,1,1170
70390,2,550
70390,3,350
70390,4,230
70390,5,340
70390,6,70
,,
70392,,3410
70392,1,1570
70392,2,780
70392,3,440
70392,4,260
70392,5,310
70392,6,50
,,
70393,,350
70393,1,130
70393,2,100
70393,3,50
70393,4,20
70393,5,50
70393,6,**
,,
70394,,5820
70394,1,2310
70394,2,1290
70394,3,810
70394,4,590
70394,5,690
70394,6,130
,,
70395,,2140
70395,1,760
70395,2,510
70395,3,300
70395,4,230
70395,5,260
70395,6,80
,,
70397,,460
70397,1,210
70397,2,100
70397,3,60
70397,4,40
70397,5,50
70397,6,**
,,
70401,,7640
70401,1,3800
70401,2,1690
70401,3,830
70401,4,500
70401,5,610
70401,6,210
,,
70403,,11040
70403,1,5030
70403,2,2510
70403,3,1270
70403,4,850
70403,5,1130
70403,6,250
,,
70420,,3790
70420,1,1320
70420,2,820
70420,3,550
70420,4,390
70420,5,570
70420,6,140
,,
70422,,5240
70422,1,2520
70422,2,1240
70422,3,610
70422,4,350
70422,5,430
70422,6,90
,,
70426,,1730
70426,1,820
70426,2,460
70426,3,190
70426,4,130
70426,5,130
70426,6,**
,,
70427,,6540
70427,1,3360
70427,2,1650
70427,3,700
70427,4,370
70427,5,400
70427,6,60
,,
70431,,2340
70431,1,820
70431,2,510
70431,3,350
70431,4,250
70431,5,320
70431,6,90
,,
70433,,16720
70433,1,5270
70433,2,3310
70433,3,2210
70433,4,1560
70433,5,2820
70433,6,1550
,,
70435,,8310
70435,1,2650
70435,2,1820
70435,3,1240
70435,4,920
70435,5,1310
70435,6,370
,,
70436,,210
70436,1,130
70436,2,40
70436,3,40
70436,4,**
70436,5,**
70436,6,**
,,
70437,,3380
70437,1,1270
70437,2,720
70437,3,480
70437,4,320
70437,5,450
70437,6,140
,,
70438,,7000
70438,1,3080
70438,2,1870
70438,3,860
70438,4,540
70438,5,560
70438,6,90
,,
70441,,2010
70441,1,1020
70441,2,560
70441,3,210
70441,4,110
70441,5,110
70441,6,**
,,
70442,,170
70442,1,50
70442,2,50
70442,3,40
70442,4,**
70442,5,30
70442,6,**
,,
70443,,4000
70443,1,1910
70443,2,990
70443,3,480
70443,4,260
70443,5,320
70443,6,40
,,
70444,,3830
70444,1,1810
70444,2,900
70444,3,510
70444,4,270
70444,5,310
70444,6,30
,,
70445,,4610
70445,1,1840
70445,2,1110
70445,3,610
70445,4,390
70445,5,550
70445,6,110
,,
70446,,2700
70446,1,960
70446,2,640
70446,3,430
70446,4,290
70446,5,340
70446,6,40
,,
70447,,6480
70447,1,1550
70447,2,990
70447,3,770
70447,4,780
70447,5,1710
70447,6,680
,,
70448,,11360
70448,1,3430
70448,2,1960
70448,3,1470
70448,4,1160
70448,5,2420
70448,6,920
,,
70449,,1390
70449,1,460
70449,2,260
70449,3,190
70449,4,140
70449,5,270
70449,6,70
,,
70450,,1000
70450,1,460
70450,2,240
70450,3,150
70450,4,70
70450,5,80
70450,6,**
,,
70452,,5550
70452,1,2200
70452,2,1280
70452,3,760
70452,4,510
70452,5,690
70452,6,110
,,
70453,,530
70453,1,220
70453,2,130
70453,3,70
70453,4,50
70453,5,60
70453,6,**
,,
70454,,12990
70454,1,4650
70454,2,3120
70454,3,1970
70454,4,1240
70454,5,1730
70454,6,280
,,
70455,,770
70455,1,280
70455,2,180
70455,3,120
70455,4,70
70455,5,120
70455,6,**
,,
70456,,1080
70456,1,590
70456,2,270
70456,3,110
70456,4,60
70456,5,50
70456,6,**
,,
70458,,16320
70458,1,5970
70458,2,3760
70458,3,2390
70458,4,1560
70458,5,2160
70458,6,480
,,
70460,,9550
70460,1,4160
70460,2,2410
70460,3,1300
70460,4,790
70460,5,780
70460,6,110
,,
70461,,12370
70461,1,4420
70461,2,2620
70461,3,1650
70461,4,1200
70461,5,1900
70461,6,580
,,
70462,,2330
70462,1,860
70462,2,520
70462,3,310
70462,4,260
70462,5,310
70462,6,70
,,
70466,,3130
70466,1,1440
70466,2,800
70466,3,390
70466,4,250
70466,5,230
70466,6,20
,,
70471,,10220
70471,1,2980
70471,2,1650
70471,3,1190
70471,4,910
70471,5,2130
70471,6,1360
,,
70501,,11710
70501,1,7280
70501,2,2800
70501,3,820
70501,4,370
70501,5,350
70501,6,90
,,
70503,,12380
70503,1,4090
70503,2,2400
70503,3,1580
70503,4,1130
70503,5,1980
70503,6,1200
,,
70506,,17290
70506,1,7440
70506,2,4400
70506,3,2120
70506,4,1330
70506,5,1600
70506,6,400
,,
70507,,7460
70507,1,3140
70507,2,1980
70507,3,970
70507,4,560
70507,5,660
70507,6,150
,,
70508,,17620
70508,1,5590
70508,2,3660
70508,3,2220
70508,4,1580
70508,5,2950
70508,6,1620
,,
70510,,9700
70510,1,4450
70510,2,2210
70510,3,1230
70510,4,760
70510,5,850
70510,6,200
,,
70512,,4070
70512,1,1500
70512,2,1050
70512,3,590
70512,4,380
70512,5,470
70512,6,80
,,
70514,,1080
70514,1,540
70514,2,270
70514,3,130
70514,4,60
70514,5,80
70514,6,**
,,
70515,,1340
70515,1,570
70515,2,320
70515,3,180
70515,4,120
70515,5,130
70515,6,20
,,
70516,,630
70516,1,280
70516,2,130
70516,3,80
70516,4,60
70516,5,80
70516,6,**
,,
70517,,11460
70517,1,5240
70517,2,2700
70517,3,1360
70517,4,910
70517,5,1030
70517,6,220
,,
70518,,6970
70518,1,2260
70518,2,1390
70518,3,980
70518,4,780
70518,5,1190
70518,6,370
,,
70520,,8730
70520,1,3490
70520,2,2160
70520,3,1150
70520,4,800
70520,5,920
70520,6,210
,,
70525,,5310
70525,1,2320
70525,2,1290
70525,3,680
70525,4,440
70525,5,510
70525,6,70
,,
70526,,6580
70526,1,3280
70526,2,1500
70526,3,710
70526,4,440
70526,5,500
70526,6,150
,,
70528,,1110
70528,1,490
70528,2,270
70528,3,140
70528,4,80
70528,5,100
70528,6,30
,,
70529,,4840
70529,1,2120
70529,2,1210
70529,3,620
70529,4,380
70529,5,420
70529,6,90
,,
70531,,590
70531,1,220
70531,2,150
70531,3,90
70531,4,60
70531,5,70
70531,6,**
,,
70532,,1260
70532,1,600
70532,2,310
70532,3,150
70532,4,100
70532,5,100
70532,6,**
,,
70533,,2960
70533,1,1190
70533,2,660
70533,3,430
70533,4,280
70533,5,350
70533,6,50
,,
70535,,7180
70535,1,3200
70535,2,1760
70535,3,840
70535,4,550
70535,5,660
70535,6,170
,,
70537,,220
70537,1,90
70537,2,50
70537,3,30
70537,4,30
70537,5,20
70537,6,**
,,
70538,,5040
70538,1,2520
70538,2,1200
70538,3,570
70538,4,320
70538,5,350
70538,6,80
,,
70542,,1240
70542,1,480
70542,2,260
70542,3,170
70542,4,130
70542,5,160
70542,6,40
,,
70543,,1510
70543,1,570
70543,2,330
70543,3,220
70543,4,160
70543,5,200
70543,6,30
,,
70544,,4710
70544,1,2510
70544,2,1080
70544,3,490
70544,4,270
70544,5,290
70544,6,70
,,
70546,,6550
70546,1,2840
70546,2,1540
70546,3,860
70546,4,510
70546,5,630
70546,6,170
,,
70548,,4040
70548,1,1600
70548,2,1010
70548,3,540
70548,4,390
70548,5,430
70548,6,70
,,
70549,,1540
70549,1,670
70549,2,340
70549,3,210
70549,4,140
70549,5,150
70549,6,30
,,
70552,,750
70552,1,300
70552,2,210
70552,3,100
70552,4,70
70552,5,70
70552,6,**
,,
70554,,2010
70554,1,960
70554,2,490
70554,3,220
70554,4,140
70554,5,160
70554,6,40
,,
70555,,3460
70555,1,1130
70555,2,820
70555,3,500
70555,4,370
70555,5,540
70555,6,100
,,
70559,,900
70559,1,360
70559,2,240
70559,3,120
70559,4,90
70559,5,90
70559,6,**
,,
70560,,15550
70560,1,7990
70560,2,3770
70560,3,1660
70560,4,930
70560,5,970
70560,6,230
,,
70563,,8290
70563,1,2910
70563,2,1910
70563,3,1140
70563,4,830
70563,5,1160
70563,6,340
,,
70570,,14760
70570,1,7230
70570,2,3750
70570,3,1630
70570,4,920
70570,5,1010
70570,6,220
,,
70577,,2020
70577,1,820
70577,2,490
70577,3,290
70577,4,190
70577,5,200
70577,6,30
,,
70578,,6860
70578,1,3040
70578,2,1650
70578,3,840
70578,4,540
70578,5,680
70578,6,110
,,
70581,,420
70581,1,180
70581,2,100
70581,3,40
70581,4,40
70581,5,60
70581,6,**
,,
70582,,8310
70582,1,3830
70582,2,2130
70582,3,980
70582,4,610
70582,5,620
70582,6,140
,,
70583,,5350
70583,1,2360
70583,2,1290
70583,3,680
70583,4,430
70583,5,490
70583,6,100
,,
70584,,3050
70584,1,1220
70584,2,730
70584,3,430
70584,4,250
70584,5,330
70584,6,90
,,
70586,,7270
70586,1,3160
70586,2,1790
70586,3,900
70586,4,570
70586,5,730
70586,6,120
,,
70589,,1490
70589,1,590
70589,2,320
70589,3,210
70589,4,150
70589,5,180
70589,6,40
,,
70591,,2150
70591,1,850
70591,2,520
70591,3,310
70591,4,190
70591,5,230
70591,6,50
,,
70592,,10860
70592,1,3090
70592,2,2140
70592,3,1660
70592,4,1320
70592,5,2120
70592,6,530
,,
70601,,14200
70601,1,7480
70601,2,3620
70601,3,1390
70601,4,710
70601,5,740
70601,6,260
,,
70605,,15800
70605,1,4880
70605,2,3120
70605,3,2040
70605,4,1600
70605,5,2920
70605,6,1240
,,
70607,,11480
70607,1,5170
70607,2,2890
70607,3,1460
70607,4,860
70607,5,970
70607,6,130
,,
70611,,8430
70611,1,2530
70611,2,1650
70611,3,1190
70611,4,960
70611,5,1780
70611,6,320
,,
70615,,5260
70615,1,2570
70615,2,1390
70615,3,630
70615,4,320
70615,5,300
70615,6,50
,,
70630,,630
70630,1,200
70630,2,140
70630,3,110
70630,4,80
70630,5,80
70630,6,20
,,
70631,,480
70631,1,180
70631,2,110
70631,3,60
70631,4,40
70631,5,90
70631,6,**
,,
70632,,170
70632,1,50
70632,2,50
70632,3,30
70632,4,20
70632,5,20
70632,6,**
,,
70633,,3140
70633,1,1120
70633,2,660
70633,3,450
70633,4,360
70633,5,490
70633,6,60
,,
70634,,9560
70634,1,3520
70634,2,2220
70634,3,1440
70634,4,1010
70634,5,1170
70634,6,200
,,
70637,,340
70637,1,110
70637,2,70
70637,3,50
70637,4,50
70637,5,60
70637,6,**
,,
70638,,360
70638,1,130
70638,2,70
70638,3,60
70638,4,50
70638,5,50
70638,6,**
,,
70639,,230
70639,1,80
70639,2,60
70639,3,30
70639,4,30
70639,5,30
70639,6,0
,,
70643,,130
70643,1,30
70643,2,40
70643,3,40
70643,4,**
70643,5,20
70643,6,**
,,
70645,,520
70645,1,190
70645,2,90
70645,3,90
70645,4,60
70645,5,90
70645,6,**
,,
70647,,4510
70647,1,1490
70647,2,1040
70647,3,670
70647,4,500
70647,5,720
70647,6,90
,,
70648,,2850
70648,1,1110
70648,2,750
70648,3,400
70648,4,270
70648,5,290
70648,6,30
,,
70652,,890
70652,1,280
70652,2,180
70652,3,150
70652,4,100
70652,5,160
70652,6,20
,,
70653,,1110
70653,1,400
70653,2,260
70653,3,190
70653,4,100
70653,5,160
70653,6,**
,,
70654,,150
70654,1,50
70654,2,40
70654,3,30
70654,4,30
70654,5,**
70654,6,0
,,
70655,,1180
70655,1,480
70655,2,340
70655,3,170
70655,4,100
70655,5,90
70655,6,**
,,
70656,,1310
70656,1,500
70656,2,330
70656,3,210
70656,4,140
70656,5,130
70656,6,**
,,
70657,,2100
70657,1,700
70657,2,480
70657,3,320
70657,4,250
70657,5,320
70657,6,30
,,
70658,,350
70658,1,120
70658,2,90
70658,3,50
70658,4,40
70658,5,50
70658,6,**
,,
70660,,560
70660,1,180
70660,2,130
70660,3,100
70660,4,60
70660,5,90
70660,6,**
,,
70661,,750
70661,1,300
70661,2,160
70661,3,110
70661,4,70
70661,5,110
70661,6,**
,,
70662,,150
70662,1,50
70662,2,30
70662,3,30
70662,4,20
70662,5,20
70662,6,**
,,
70663,,11690
70663,1,4250
70663,2,2650
70663,3,1690
70663,4,1220
70663,5,1610
70663,6,270
,,
70665,,4830
70665,1,1520
70665,2,940
70665,3,640
70665,4,550
70665,5,940
70665,6,240
,,
70668,,2560
70668,1,1100
70668,2,600
70668,3,310
70668,4,230
70668,5,290
70668,6,30
,,
70669,,4130
70669,1,1470
70669,2,1020
70669,3,610
70669,4,400
70669,5,550
70669,6,80
,,
70706,,8710
70706,1,2730
70706,2,1880
70706,3,1310
70706,4,970
70706,5,1610
70706,6,210
,,
70710,,2500
70710,1,670
70710,2,600
70710,3,420
70710,4,310
70710,5,460
70710,6,40
,,
70711,,2280
70711,1,820
70711,2,560
70711,3,370
70711,4,240
70711,5,250
70711,6,40
,,
70714,,8080
70714,1,3430
70714,2,2430
70714,3,1020
70714,4,560
70714,5,570
70714,6,70
,,
70715,,500
70715,1,240
70715,2,130
70715,3,50
70715,4,40
70715,5,40
70715,6,**
,,
70719,,2160
70719,1,700
70719,2,520
70719,3,280
70719,4,190
70719,5,410
70719,6,60
,,
70721,,280
70721,1,130
70721,2,100
70721,3,20
70721,4,30
70721,5,**
70721,6,0
,,
70722,,2680
70722,1,1000
70722,2,680
70722,3,380
70722,4,210
70722,5,330
70722,6,80
,,
70723,,580
70723,1,300
70723,2,140
70723,3,50
70723,4,30
70723,5,60
70723,6,**
,,
70725,,810
70725,1,350
70725,2,210
70725,3,110
70725,4,70
70725,5,70
70725,6,**
,,
70726,,21450
70726,1,7090
70726,2,5170
70726,3,3370
70726,4,2290
70726,5,3070
70726,6,460
,,
70729,,540
70729,1,180
70729,2,130
70729,3,80
70729,4,40
70729,5,110
70729,6,**
,,
70730,,1570
70730,1,580
70730,2,410
70730,3,220
70730,4,130
70730,5,190
70730,6,40
,,
70732,,500
70732,1,160
70732,2,120
70732,3,80
70732,4,60
70732,5,80
70732,6,**
,,
70733,,730
70733,1,220
70733,2,160
70733,3,120
70733,4,90
70733,5,140
70733,6,**
,,
70734,,3240
70734,1,980
70734,2,530
70734,3,380
70734,4,320
70734,5,830
70734,6,200
,,
70736,,240
70736,1,80
70736,2,60
70736,3,40
70736,4,30
70736,5,30
70736,6,**
,,
70737,,18700
70737,1,6130
70737,2,3840
70737,3,2660
70737,4,2030
70737,5,3360
70737,6,680
,,
70739,,5690
70739,1,1540
70739,2,1060
70739,3,800
70739,4,710
70739,5,1310
70739,6,270
,,
70740,,600
70740,1,200
70740,2,140
70740,3,100
70740,4,60
70740,5,100
70740,6,**
,,
70744,,2060
70744,1,770
70744,2,480
70744,3,300
70744,4,230
70744,5,250
70744,6,30
,,
70748,,1940
70748,1,820
70748,2,510
70748,3,220
70748,4,130
70748,5,210
70748,6,50
,,
70749,,610
70749,1,210
70749,2,140
70749,3,100
70749,4,60
70749,5,80
70749,6,20
,,
70750,,700
70750,1,260
70750,2,160
70750,3,90
70750,4,70
70750,5,120
70750,6,**
,,
70752,,390
70752,1,130
70752,2,90
70752,3,50
70752,4,40
70752,5,80
70752,6,**
,,
70753,,340
70753,1,170
70753,2,90
70753,3,50
70753,4,**
70753,5,30
70753,6,**
,,
70754,,4430
70754,1,1440
70754,2,1020
70754,3,690
70754,4,510
70754,5,700
70754,6,70
,,
70755,,920
70755,1,310
70755,2,180
70755,3,150
70755,4,110
70755,5,150
70755,6,20
,,
70756,,200
70756,1,80
70756,2,50
70756,3,20
70756,4,20
70756,5,30
70756,6,**
,,
70757,,1280
70757,1,570
70757,2,330
70757,3,150
70757,4,90
70757,5,120
70757,6,20
,,
70759,,630
70759,1,250
70759,2,190
70759,3,70
70759,4,60
70759,5,60
70759,6,**
,,
70760,,3010
70760,1,1430
70760,2,750
70760,3,310
70760,4,190
70760,5,250
70760,6,80
,,
70761,,330
70761,1,130
70761,2,100
70761,3,40
70761,4,20
70761,5,40
70761,6,**
,,
70762,,490
70762,1,150
70762,2,110
70762,3,70
70762,4,40
70762,5,90
70762,6,30
,,
70763,,1770
70763,1,490
70763,2,300
70763,3,210
70763,4,180
70763,5,500
70763,6,90
,,
70764,,7080
70764,1,2950
70764,2,1770
70764,3,850
70764,4,480
70764,5,860
70764,6,170
,,
70767,,6640
70767,1,2590
70767,2,1640
70767,3,820
70767,4,520
70767,5,870
70767,6,200
,,
70769,,18710
70769,1,5040
70769,2,3230
70769,3,2570
70769,4,2150
70769,5,4570
70769,6,1150
,,
70770,,1780
70770,1,520
70770,2,380
70770,3,280
70770,4,190
70770,5,360
70770,6,50
,,
70772,,380
70772,1,140
70772,2,90
70772,3,50
70772,4,30
70772,5,70
70772,6,**
,,
70774,,4310
70774,1,1350
70774,2,810
70774,3,600
70774,4,470
70774,5,910
70774,6,170
,,
70775,,4010
70775,1,1340
70775,2,840
70775,3,500
70775,4,380
70775,5,720
70775,6,230
,,
70776,,1530
70776,1,500
70776,2,350
70776,3,220
70776,4,150
70776,5,250
70776,6,60
,,
70777,,1830
70777,1,630
70777,2,420
70777,3,260
70777,4,160
70777,5,310
70777,6,50
,,
70778,,1280
70778,1,410
70778,2,270
70778,3,200
70778,4,160
70778,5,210
70778,6,30
,,
70780,,470
70780,1,190
70780,2,110
70780,3,60
70780,4,30
70780,5,50
70780,6,30
,,
70783,,1110
70783,1,360
70783,2,250
70783,3,150
70783,4,100
70783,5,200
70783,6,50
,,
70785,,9310
70785,1,3030
70785,2,2170
70785,3,1400
70785,4,1030
70785,5,1520
70785,6,160
,,
70788,,1700
70788,1,740
70788,2,460
70788,3,180
70788,4,110
70788,5,170
70788,6,40
,,
70789,,270
70789,1,140
70789,2,80
70789,3,30
70789,4,20
70789,5,**
70789,6,**
,,
70791,,12210
70791,1,3820
70791,2,2760
70791,3,1760
70791,4,1230
70791,5,2190
70791,6,450
,,
70801,,130
70801,1,40
70801,2,20
70801,3,40
70801,4,**
70801,5,30
70801,6,**
,,
70802,,9440
70802,1,5990
70802,2,2370
70802,3,620
70802,4,220
70802,5,180
70802,6,60
,,
70805,,10440
70805,1,6950
70805,2,2580
70805,3,630
70805,4,170
70805,5,110
70805,6,**
,,
70806,,12430
70806,1,5210
70806,2,3010
70806,3,1380
70806,4,810
70806,5,1340
70806,6,680
,,
70807,,6150
70807,1,3900
70807,2,1560
70807,3,430
70807,4,160
70807,5,100
70807,6,**
,,
70808,,14640
70808,1,4590
70808,2,2690
70808,3,1670
70808,4,1210
70808,5,2570
70808,6,1910
,,
70809,,12230
70809,1,3310
70809,2,2790
70809,3,1770
70809,4,1090
70809,5,1970
70809,6,1300
,,
70810,,19400
70810,1,5720
70810,2,3900
70810,3,2350
70810,4,1630
70810,5,3230
70810,6,2570
,,
70811,,5690
70811,1,2830
70811,2,1610
70811,3,670
70811,4,280
70811,5,280
70811,6,20
,,
70812,,4600
70812,1,2560
70812,2,1350
70812,3,440
70812,4,130
70812,5,120
70812,6,**
,,
70814,,6260
70814,1,2670
70814,2,1900
70814,3,890
70814,4,390
70814,5,380
70814,6,30
,,
70815,,12350
70815,1,5370
70815,2,3310
70815,3,1510
70815,4,930
70815,5,1040
70815,6,190
,,
70816,,18840
70816,1,7050
70816,2,5280
70816,3,2560
70816,4,1400
70816,5,2000
70816,6,550
,,
70817,,16210
70817,1,4310
70817,2,3290
70817,3,2300
70817,4,1710
70817,5,3410
70817,6,1190
,,
70818,,4260
70818,1,1270
70818,2,970
70818,3,620
70818,4,490
70818,5,750
70818,6,160
,,
70819,,1870
70819,1,790
70819,2,600
70819,3,280
70819,4,100
70819,5,100
70819,6,**
,,
70820,,6450
70820,1,3530
70820,2,1270
70820,3,530
70820,4,290
70820,5,530
70820,6,300
,,
71001,,1820
71001,1,940
71001,2,460
71001,3,200
71001,4,100
71001,5,100
71001,6,20
,,
71003,,390
71003,1,150
71003,2,110
71003,3,50
71003,4,30
71003,5,50
71003,6,**
,,
71004,,260
71004,1,130
71004,2,60
71004,3,40
71004,4,**
71004,5,30
71004,6,**
,,
71006,,5890
71006,1,1660
71006,2,1180
71006,3,830
71006,4,700
71006,5,1220
71006,6,300
,,
71007,,450
71007,1,180
71007,2,120
71007,3,70
71007,4,40
71007,5,40
71007,6,**
,,
71008,,280
71008,1,120
71008,2,90
71008,3,50
71008,4,**
71008,5,20
71008,6,**
,,
71016,,740
71016,1,280
71016,2,200
71016,3,110
71016,4,70
71016,5,80
71016,6,**
,,
71018,,580
71018,1,280
71018,2,150
71018,3,70
71018,4,40
71018,5,40
71018,6,**
,,
71019,,3110
71019,1,1410
71019,2,740
71019,3,410
71019,4,240
71019,5,240
71019,6,70
,,
71023,,1410
71023,1,580
71023,2,370
71023,3,200
71023,4,120
71023,5,140
71023,6,**
,,
71024,,500
71024,1,200
71024,2,140
71024,3,70
71024,4,40
71024,5,50
71024,6,**
,,
71027,,840
71027,1,380
71027,2,190
71027,3,100
71027,4,70
71027,5,100
71027,6,**
,,
71028,,620
71028,1,310
71028,2,170
71028,3,60
71028,4,40
71028,5,40
71028,6,**
,,
71029,,100
71029,1,40
71029,2,30
71029,3,30
71029,4,**
71029,5,**
71029,6,**
,,
71030,,680
71030,1,310
71030,2,160
71030,3,80
71030,4,50
71030,5,80
71030,6,**
,,
71031,,320
71031,1,110
71031,2,80
71031,3,50
71031,4,40
71031,5,40
71031,6,**
,,
71032,,940
71032,1,370
71032,2,240
71032,3,140
71032,4,70
71032,5,100
71032,6,20
,,
71033,,1500
71033,1,540
71033,2,360
71033,3,250
71033,4,150
71033,5,170
71033,6,30
,,
71034,,120
71034,1,50
71034,2,30
71034,3,40
71034,4,**
71034,5,**
71034,6,**
,,
71037,,8860
71037,1,2920
71037,2,2100
71037,3,1400
71037,4,1030
71037,5,1250
71037,6,160
,,
71038,,1360
71038,1,630
71038,2,340
71038,3,170
71038,4,80
71038,5,120
71038,6,20
,,
71039,,760
71039,1,300
71039,2,200
71039,3,110
71039,4,60
71039,5,90
71039,6,**
,,
71040,,2860
71040,1,1400
71040,2,700
71040,3,330
71040,4,180
71040,5,200
71040,6,50
,,
71043,,180
71043,1,70
71043,2,50
71043,3,20
71043,4,40
71043,5,**
71043,6,0
,,
71044,,230
71044,1,70
71044,2,60
71044,3,50
71044,4,20
71044,5,30
71044,6,**
,,
71045,,230
71045,1,80
71045,2,60
71045,3,40
71045,4,30
71045,5,20
71045,6,**
,,
71046,,530
71046,1,220
71046,2,130
71046,3,70
71046,4,40
71046,5,70
71046,6,**
,,
71047,,4720
71047,1,1790
71047,2,1150
71047,3,760
71047,4,460
71047,5,480
71047,6,80
,,
71049,,1220
71049,1,550
71049,2,290
71049,3,170
71049,4,80
71049,5,130
71049,6,**
,,
71051,,880
71051,1,340
71051,2,210
71051,3,140
71051,4,70
71051,5,120
71051,6,**
,,
71052,,4050
71052,1,2140
71052,2,990
71052,3,400
71052,4,240
71052,5,240
71052,6,40
,,
71055,,7780
71055,1,3520
71055,2,2030
71055,3,950
71055,4,530
71055,5,610
71055,6,140
,,
71060,,1140
71060,1,440
71060,2,310
71060,3,180
71060,4,100
71060,5,110
71060,6,**
,,
71061,,590
71061,1,290
71061,2,120
71061,3,70
71061,4,50
71061,5,60
71061,6,**
,,
71063,,290
71063,1,130
71063,2,70
71063,3,40
71063,4,50
71063,5,**
71063,6,**
,,
71064,,1320
71064,1,620
71064,2,360
71064,3,150
71064,4,80
71064,5,110
71064,6,**
,,
71065,,410
71065,1,190
71065,2,100
71065,3,60
71065,4,30
71065,5,30
71065,6,**
,,
71067,,1420
71067,1,670
71067,2,390
71067,3,180
71067,4,90
71067,5,90
71067,6,**
,,
71068,,1280
71068,1,590
71068,2,340
71068,3,160
71068,4,80
71068,5,110
71068,6,**
,,
71069,,230
71069,1,120
71069,2,60
71069,3,30
71069,4,20
71069,5,**
71069,6,**
,,
71070,,580
71070,1,230
71070,2,140
71070,3,100
71070,4,60
71070,5,50
71070,6,**
,,
71071,,950
71071,1,350
71071,2,240
71071,3,150
71071,4,100
71071,5,110
71071,6,**
,,
71072,,580
71072,1,230
71072,2,130
71072,3,90
71072,4,60
71072,5,70
71072,6,**
,,
71073,,900
71073,1,410
71073,2,240
71073,3,110
71073,4,70
71073,5,70
71073,6,**
,,
71075,,2180
71075,1,1110
71075,2,540
71075,3,230
71075,4,130
71075,5,170
71075,6,**
,,
71078,,2860
71078,1,900
71078,2,610
71078,3,410
71078,4,340
71078,5,520
71078,6,80
,,
71079,,100
71079,1,30
71079,2,40
71079,3,**
71079,4,30
71079,5,**
71079,6,**
,,
71082,,1730
71082,1,830
71082,2,450
71082,3,210
71082,4,110
71082,5,130
71082,6,**
,,
71101,,2810
71101,1,1940
71101,2,560
71101,3,110
71101,4,40
71101,5,60
71101,6,100
,,
71103,,2650
71103,1,1880
71103,2,580
71103,3,130
71103,4,40
71103,5,20
71103,6,**
,,
71104,,6090
71104,1,2830
71104,2,1690
71104,3,750
71104,4,330
71104,5,360
71104,6,130
,,
71105,,10240
71105,1,3350
71105,2,2790
71105,3,1580
71105,4,1030
71105,5,1210
71105,6,280
,,
71106,,14390
71106,1,6120
71106,2,2580
71106,3,1260
71106,4,970
71106,5,1840
71106,6,1620
,,
71107,,12590
71107,1,6310
71107,2,3010
71107,3,1400
71107,4,850
71107,5,840
71107,6,180
,,
71108,,7990
71108,1,5230
71108,2,1990
71108,3,500
71108,4,180
71108,5,90
71108,6,**
,,
71109,,8240
71109,1,5410
71109,2,2020
71109,3,510
71109,4,150
71109,5,130
71109,6,20
,,
71110,,1480
71110,1,790
71110,2,390
71110,3,120
71110,4,80
71110,5,100
71110,6,**
,,
71111,,17910
71111,1,6880
71111,2,4130
71111,3,2310
71111,4,1600
71111,5,2370
71111,6,620
,,
71112,,13840
71112,1,5380
71112,2,3800
71112,3,2030
71112,4,1260
71112,5,1230
71112,6,140
,,
71115,,6990
71115,1,2180
71115,2,1670
71115,3,990
71115,4,590
71115,5,1050
71115,6,510
,,
71118,,10740
71118,1,4460
71118,2,3200
71118,3,1520
71118,4,840
71118,5,650
71118,6,70
,,
71119,,5170
71119,1,2080
71119,2,1370
71119,3,730
71119,4,420
71119,5,450
71119,6,120
,,
71129,,6220
71129,1,2800
71129,2,1760
71129,3,830
71129,4,390
71129,5,390
71129,6,50
,,
71201,,9020
71201,1,3650
71201,2,1900
71201,3,1050
71201,4,640
71201,5,1070
71201,6,710
,,
71202,,9970
71202,1,6940
71202,2,2150
71202,3,530
71202,4,190
71202,5,160
71202,6,**
,,
71203,,14660
71203,1,6610
71203,2,3590
71203,3,1690
71203,4,1040
71203,5,1380
71203,6,350
,,
71219,,480
71219,1,160
71219,2,110
71219,3,90
71219,4,50
71219,5,70
71219,6,**
,,
71220,,8510
71220,1,4550
71220,2,2020
71220,3,860
71220,4,490
71220,5,510
71220,6,80
,,
71222,,1250
71222,1,610
71222,2,320
71222,3,140
71222,4,70
71222,5,110
71222,6,**
,,
71223,,150
71223,1,70
71223,2,50
71223,3,30
71223,4,**
71223,5,**
71223,6,**
,,
71225,,3280
71225,1,1070
71225,2,740
71225,3,480
71225,4,340
71225,5,520
71225,6,130
,,
71226,,670
71226,1,280
71226,2,170
71226,3,80
71226,4,60
71226,5,80
71226,6,**
,,
71227,,1640
71227,1,540
71227,2,370
71227,3,260
71227,4,190
71227,5,200
71227,6,80
,,
71229,,630
71229,1,270
71229,2,140
71229,3,90
71229,4,50
71229,5,80
71229,6,**
,,
71232,,2590
71232,1,1260
71232,2,640
71232,3,300
71232,4,170
71232,5,180
71232,6,40
,,
71234,,1700
71234,1,610
71234,2,410
71234,3,280
71234,4,190
71234,5,180
71234,6,30
,,
71235,,1830
71235,1,680
71235,2,440
71235,3,260
71235,4,180
71235,5,210
71235,6,60
,,
71237,,430
71237,1,210
71237,2,120
71237,3,50
71237,4,20
71237,5,30
71237,6,**
,,
71238,,1230
71238,1,440
71238,2,320
71238,3,200
71238,4,120
71238,5,150
71238,6,**
,,
71241,,3960
71241,1,1710
71241,2,950
71241,3,510
71241,4,340
71241,5,380
71241,6,70
,,
71243,,100
71243,1,40
71243,2,30
71243,3,30
71243,4,**
71243,5,**
71243,6,**
,,
71245,,1170
71245,1,660
71245,2,280
71245,3,120
71245,4,60
71245,5,50
71245,6,**
,,
71251,,3080
71251,1,1370
71251,2,780
71251,3,370
71251,4,270
71251,5,260
71251,6,30
,,
71254,,2150
71254,1,1340
71254,2,460
71254,3,150
71254,4,80
71254,5,80
71254,6,40
,,
71256,,230
71256,1,110
71256,2,60
71256,3,30
71256,4,30
71256,5,**
71256,6,**
,,
71259,,740
71259,1,310
71259,2,180
71259,3,110
71259,4,60
71259,5,80
71259,6,**
,,
71260,,1120
71260,1,450
71260,2,310
71260,3,150
71260,4,90
71260,5,120
71260,6,**
,,
71261,,630
71261,1,320
71261,2,150
71261,3,70
71261,4,30
71261,5,60
71261,6,**
,,
71263,,2800
71263,1,1160
71263,2,660
71263,3,390
71263,4,240
71263,5,300
71263,6,50
,,
71264,,420
71264,1,150
71264,2,100
71264,3,50
71264,4,50
71264,5,70
71264,6,**
,,
71266,,580
71266,1,260
71266,2,160
71266,3,70
71266,4,40
71266,5,50
71266,6,**
,,
71268,,1100
71268,1,340
71268,2,260
71268,3,150
71268,4,170
71268,5,180
71268,6,**
,,
71269,,4640
71269,1,2170
71269,2,1120
71269,3,580
71269,4,330
71269,5,350
71269,6,90
,,
71270,,11520
71270,1,5350
71270,2,2320
71270,3,1300
71270,4,840
71270,5,1300
71270,6,410
,,
71275,,1070
71275,1,470
71275,2,270
71275,3,150
71275,4,100
71275,5,60
71275,6,20
,,
71276,,110
71276,1,40
71276,2,40
71276,3,30
71276,4,**
71276,5,**
71276,6,**
,,
71277,,620
71277,1,240
71277,2,190
71277,3,80
71277,4,50
71277,5,60
71277,6,**
,,
71280,,1880
71280,1,650
71280,2,400
71280,3,250
71280,4,190
71280,5,330
71280,6,60
,,
71282,,3280
71282,1,1930
71282,2,770
71282,3,270
71282,4,130
71282,5,150
71282,6,30
,,
71286,,190
71286,1,80
71286,2,50
71286,3,30
71286,4,30
71286,5,**
71286,6,**
,,
71291,,14250
71291,1,5220
71291,2,3430
71291,3,2030
71291,4,1370
71291,5,1760
71291,6,440
,,
71292,,8770
71292,1,4100
71292,2,2140
71292,3,990
71292,4,640
71292,5,770
71292,6,130
,,
71295,,5050
71295,1,2630
71295,2,1140
71295,3,530
71295,4,320
71295,5,360
71295,6,70
,,
71301,,8490
71301,1,4480
71301,2,2110
71301,3,750
71301,4,360
71301,5,480
71301,6,310
,,
71302,,5800
71302,1,3410
71302,2,1450
71302,3,470
71302,4,210
71302,5,210
71302,6,50
,,
71303,,9270
71303,1,3430
71303,2,2300
71303,3,1200
71303,4,780
71303,5,1130
71303,6,430
,,
71322,,2400
71322,1,1170
71322,2,590
71322,3,230
71322,4,150
71322,5,210
71322,6,50
,,
71323,,390
71323,1,140
71323,2,110
71323,3,70
71323,4,40
71323,5,30
71323,6,**
,,
71325,,430
71325,1,200
71325,2,120
71325,3,40
71325,4,40
71325,5,30
71325,6,**
,,
71326,,510
71326,1,270
71326,2,130
71326,3,50
71326,4,30
71326,5,30
71326,6,**
,,
71327,,1500
71327,1,770
71327,2,340
71327,3,160
71327,4,100
71327,5,110
71327,6,20
,,
71328,,3110
71328,1,1040
71328,2,780
71328,3,500
71328,4,340
71328,5,400
71328,6,50
,,
71331,,430
71331,1,150
71331,2,130
71331,3,50
71331,4,50
71331,5,50
71331,6,**
,,
71333,,230
71333,1,110
71333,2,50
71333,3,30
71333,4,40
71333,5,**
71333,6,**
,,
71334,,3050
71334,1,1700
71334,2,720
71334,3,270
71334,4,140
71334,5,160
71334,6,60
,,
71336,,580
71336,1,270
71336,2,140
71336,3,70
71336,4,50
71336,5,50
71336,6,**
,,
71340,,380
71340,1,140
71340,2,90
71340,3,60
71340,4,30
71340,5,60
71340,6,**
,,
71341,,1260
71341,1,520
71341,2,340
71341,3,190
71341,4,110
71341,5,100
71341,6,**
,,
71342,,2730
71342,1,1020
71342,2,610
71342,3,400
71342,4,270
71342,5,360
71342,6,70
,,
71343,,2680
71343,1,1230
71343,2,650
71343,3,340
71343,4,190
71343,5,230
71343,6,40
,,
71346,,1180
71346,1,510
71346,2,290
71346,3,150
71346,4,100
71346,5,110
71346,6,20
,,
71350,,1740
71350,1,850
71350,2,430
71350,3,200
71350,4,120
71350,5,120
71350,6,20
,,
71351,,4510
71351,1,2250
71351,2,1100
71351,3,500
71351,4,300
71351,5,300
71351,6,60
,,
71353,,620
71353,1,310
71353,2,150
71353,3,70
71353,4,40
71353,5,50
71353,6,**
,,
71354,,640
71354,1,220
71354,2,140
71354,3,90
71354,4,80
71354,5,110
71354,6,**
,,
71355,,1080
71355,1,420
71355,2,250
71355,3,170
71355,4,110
71355,5,130
71355,6,**
,,
71356,,230
71356,1,110
71356,2,70
71356,3,20
71356,4,30
71356,5,**
71356,6,**
,,
71357,,630
71357,1,310
71357,2,160
71357,3,60
71357,4,30
71357,5,70
71357,6,**
,,
71358,,430
71358,1,200
71358,2,140
71358,3,40
71358,4,20
71358,5,30
71358,6,**
,,
71360,,14100
71360,1,5410
71360,2,3510
71360,3,1990
71360,4,1370
71360,5,1540
71360,6,280
,,
71362,,810
71362,1,290
71362,2,210
71362,3,110
71362,4,70
71362,5,130
71362,6,**
,,
71366,,690
71366,1,330
71366,2,160
71366,3,70
71366,4,50
71366,5,60
71366,6,20
,,
71367,,470
71367,1,180
71367,2,110
71367,3,80
71367,4,50
71367,5,50
71367,6,**
,,
71368,,490
71368,1,250
71368,2,110
71368,3,60
71368,4,30
71368,5,40
71368,6,**
,,
71369,,1010
71369,1,510
71369,2,240
71369,3,100
71369,4,80
71369,5,80
71369,6,**
,,
71371,,710
71371,1,230
71371,2,160
71371,3,110
71371,4,80
71371,5,130
71371,6,**
,,
71373,,2750
71373,1,1190
71373,2,730
71373,3,370
71373,4,200
71373,5,230
71373,6,30
,,
71375,,350
71375,1,220
71375,2,80
71375,3,20
71375,4,30
71375,5,**
71375,6,**
,,
71378,,850
71378,1,430
71378,2,230
71378,3,70
71378,4,50
71378,5,70
71378,6,**
,,
71403,,1830
71403,1,650
71403,2,450
71403,3,310
71403,4,180
71403,5,210
71403,6,30
,,
71404,,290
71404,1,110
71404,2,70
71404,3,40
71404,4,30
71404,5,40
71404,6,**
,,
71405,,2340
71405,1,940
71405,2,650
71405,3,340
71405,4,190
71405,5,200
71405,6,20
,,
71407,,460
71407,1,160
71407,2,110
71407,3,80
71407,4,50
71407,5,60
71407,6,**
,,
71409,,2650
71409,1,1000
71409,2,660
71409,3,370
71409,4,230
71409,5,300
71409,6,90
,,
71411,,1050
71411,1,480
71411,2,260
71411,3,150
71411,4,70
71411,5,90
71411,6,**
,,
71416,,300
71416,1,140
71416,2,100
71416,3,30
71416,4,30
71416,5,**
71416,6,**
,,
71417,,1870
71417,1,830
71417,2,490
71417,3,260
71417,4,130
71417,5,140
71417,6,20
,,
71418,,2300
71418,1,990
71418,2,550
71418,3,300
71418,4,170
71418,5,230
71418,6,60
,,
71419,,800
71419,1,290
71419,2,200
71419,3,110
71419,4,80
71419,5,120
71419,6,**
,,
71422,,560
71422,1,220
71422,2,150
71422,3,90
71422,4,50
71422,5,50
71422,6,**
,,
71423,,1960
71423,1,690
71423,2,510
71423,3,290
71423,4,210
71423,5,230
71423,6,30
,,
71424,,520
71424,1,190
71424,2,120
71424,3,100
71424,4,50
71424,5,60
71424,6,**
,,
71427,,110
71427,1,50
71427,2,30
71427,3,30
71427,4,**
71427,5,**
71427,6,**
,,
71429,,1150
71429,1,400
71429,2,290
71429,3,190
71429,4,110
71429,5,140
71429,6,20
,,
71430,,990
71430,1,400
71430,2,250
71430,3,140
71430,4,90
71430,5,90
71430,6,20
,,
71432,,410
71432,1,140
71432,2,110
71432,3,60
71432,4,40
71432,5,60
71432,6,**
,,
71433,,1620
71433,1,650
71433,2,420
71433,3,260
71433,4,140
71433,5,150
71433,6,**
,,
71435,,1150
71435,1,460
71435,2,270
71435,3,150
71435,4,110
71435,5,120
71435,6,40
,,
71438,,690
71438,1,200
71438,2,180
71438,3,120
71438,4,90
71438,5,100
71438,6,**
,,
71439,,700
71439,1,220
71439,2,180
71439,3,120
71439,4,80
71439,5,100
71439,6,**
,,
71441,,230
71441,1,80
71441,2,70
71441,3,50
71441,4,**
71441,5,30
71441,6,**
,,
71446,,8440
71446,1,3330
71446,2,2230
71446,3,1260
71446,4,750
71446,5,770
71446,6,100
,,
71447,,530
71447,1,200
71447,2,150
71447,3,90
71447,4,50
71447,5,40
71447,6,**
,,
71449,,3420
71449,1,1440
71449,2,760
71449,3,460
71449,4,290
71449,5,360
71449,6,110
,,
71450,,360
71450,1,140
71450,2,100
71450,3,50
71450,4,30
71450,5,40
71450,6,**
,,
71454,,880
71454,1,350
71454,2,210
71454,3,130
71454,4,70
71454,5,120
71454,6,**
,,
71456,,520
71456,1,220
71456,2,130
71456,3,60
71456,4,40
71456,5,70
71456,6,**
,,
71457,,10090
71457,1,4700
71457,2,2440
71457,3,1130
71457,4,700
71457,5,890
71457,6,230
,,
71459,,4060
71459,1,1650
71459,2,1580
71459,3,530
71459,4,190
71459,5,110
71459,6,**
,,
71461,,1130
71461,1,460
71461,2,350
71461,3,170
71461,4,90
71461,5,60
71461,6,**
,,
71462,,550
71462,1,230
71462,2,140
71462,3,80
71462,4,50
71462,5,50
71462,6,**
,,
71463,,2950
71463,1,1300
71463,2,720
71463,3,410
71463,4,230
71463,5,240
71463,6,50
,,
71465,,1110
71465,1,450
71465,2,260
71465,3,160
71465,4,110
71465,5,110
71465,6,20
,,
71466,,220
71466,1,90
71466,2,60
71466,3,50
71466,4,**
71466,5,20
71466,6,**
,,
71467,,2130
71467,1,750
71467,2,570
71467,3,370
71467,4,210
71467,5,210
71467,6,20
,,
71468,,360
71468,1,130
71468,2,100
71468,3,60
71468,4,30
71468,5,40
71468,6,**
,,
71469,,1080
71469,1,430
71469,2,260
71469,3,170
71469,4,100
71469,5,120
71469,6,**
,,
71472,,130
71472,1,40
71472,2,60
71472,3,**
71472,4,30
71472,5,**
71472,6,**
,,
71473,,160
71473,1,70
71473,2,40
71473,3,20
71473,4,30
71473,5,**
71473,6,**
,,
71479,,270
71479,1,110
71479,2,70
71479,3,40
71479,4,20
71479,5,30
71479,6,**
,,
71483,,3380
71483,1,1470
71483,2,900
71483,3,410
71483,4,250
71483,5,300
71483,6,50
,,
71485,,1070
71485,1,300
71485,2,200
71485,3,140
71485,4,120
71485,5,240
71485,6,70
,,
71486,,1710
71486,1,770
71486,2,450
71486,3,230
71486,4,110
71486,5,120
71486,6,30
