20601,,13160
20601,1,3720
20601,2,2820
20601,3,2100
20601,4,1640
20601,5,2440
20601,6,440
,,
20602,,13280
20602,1,4100
20602,2,3080
20602,3,2280
20602,4,1620
20602,5,1990
20602,6,210
,,
20603,,15370
20603,1,3980
20603,2,2780
20603,3,2300
20603,4,1980
20603,5,3620
20603,6,710
,,
20606,,150
20606,1,40
20606,2,40
20606,3,40
20606,4,**
20606,5,30
20606,6,**
,,
20607,,6110
20607,1,1370
20607,2,990
20607,3,850
20607,4,830
20607,5,1660
20607,6,410
,,
20608,,410
20608,1,120
20608,2,100
20608,3,60
20608,4,40
20608,5,90
20608,6,**
,,
20609,,550
20609,1,150
20609,2,140
20609,3,70
20609,4,60
20609,5,110
20609,6,20
,,
20611,,520
20611,1,150
20611,2,90
20611,3,90
20611,4,50
20611,5,110
20611,6,30
,,
20613,,7530
20613,1,1870
20613,2,1390
20613,3,1170
20613,4,990
20613,5,1750
20613,6,360
,,
20615,,190
20615,1,60
20615,2,30
20615,3,30
20615,4,20
20615,5,50
20615,6,**
,,
20616,,3490
20616,1,920
20616,2,700
20616,3,650
20616,4,520
20616,5,620
20616,6,80
,,
20617,,500
20617,1,100
20617,2,100
20617,3,70
20617,4,60
20617,5,120
20617,6,50
,,
20618,,370
20618,1,100
20618,2,90
20618,3,60
20618,4,40
20618,5,80
20618,6,**
,,
20619,,6210
20619,1,1350
20619,2,1100
20619,3,1020
20619,4,890
20619,5,1580
20619,6,270
,,
20620,,730
20620,1,220
20620,2,140
20620,3,100
20620,4,80
20620,5,150
20620,6,40
,,
20621,,750
20621,1,210
20621,2,180
20621,3,120
20621,4,80
20621,5,140
20621,6,20
,,
20622,,2230
20622,1,640
20622,2,400
20622,3,310
20622,4,210
20622,5,560
20622,6,110
,,
20623,,1570
20623,1,370
20623,2,280
20623,3,230
20623,4,200
20623,5,400
20623,6,90
,,
20624,,620
20624,1,180
20624,2,130
20624,3,80
20624,4,70
20624,5,140
20624,6,20
,,
20626,,180
20626,1,40
20626,2,50
20626,3,30
20626,4,20
20626,5,40
20626,6,**
,,
20628,,280
20628,1,70
20628,2,40
20628,3,30
20628,4,40
20628,5,100
20628,6,**
,,
20630,,260
20630,1,60
20630,2,30
20630,3,50
20630,4,**
20630,5,80
20630,6,40
,,
20632,,250
20632,1,80
20632,2,50
20632,3,50
20632,4,**
20632,5,70
20632,6,**
,,
20634,,3500
20634,1,1020
20634,2,670
20634,3,470
20634,4,430
20634,5,800
20634,6,110
,,
20636,,5030
20636,1,1280
20636,2,820
20636,3,640
20636,4,550
20636,5,1360
20636,6,380
,,
20637,,2880
20637,1,730
20637,2,470
20637,3,350
20637,4,320
20637,5,780
20637,6,230
,,
20639,,7500
20639,1,1870
20639,2,1160
20639,3,900
20639,4,760
20639,5,2080
20639,6,730
,,
20640,,4790
20640,1,1490
20640,2,1160
20640,3,790
20640,4,550
20640,5,690
20640,6,110
,,
20645,,380
20645,1,60
20645,2,50
20645,3,50
20645,4,50
20645,5,130
20645,6,40
,,
20646,,9990
20646,1,2690
20646,2,1810
20646,3,1330
20646,4,1100
20646,5,2370
20646,6,690
,,
20650,,6420
20650,1,1670
20650,2,970
20650,3,730
20650,4,650
20650,5,1790
20650,6,610
,,
20653,,10750
20653,1,3610
20653,2,2270
20653,3,1470
20653,4,1150
20653,5,1960
20653,6,290
,,
20657,,9130
20657,1,2660
20657,2,1810
20657,3,1400
20657,4,1090
20657,5,1920
20657,6,250
,,
20658,,530
20658,1,160
20658,2,100
20658,3,90
20658,4,60
20658,5,120
20658,6,**
,,
20659,,11260
20659,1,3030
20659,2,2200
20659,3,1620
20659,4,1370
20659,5,2670
20659,6,370
,,
20662,,1240
20662,1,410
20662,2,270
20662,3,180
20662,4,130
20662,5,220
20662,6,30
,,
20664,,1330
20664,1,400
20664,2,300
20664,3,210
20664,4,140
20664,5,230
20664,6,50
,,
20667,,240
20667,1,70
20667,2,40
20667,3,40
20667,4,40
20667,5,50
20667,6,**
,,
20670,,540
20670,1,170
20670,2,160
20670,3,80
20670,4,40
20670,5,90
20670,6,**
,,
20674,,410
20674,1,100
20674,2,90
20674,3,60
20674,4,50
20674,5,80
20674,6,30
,,
20675,,870
20675,1,210
20675,2,150
20675,3,130
20675,4,120
20675,5,210
20675,6,50
,,
20676,,1710
20676,1,470
20676,2,270
20676,3,210
20676,4,190
20676,5,450
20676,6,120
,,
20677,,1250
20677,1,330
20677,2,200
20677,3,130
20677,4,130
20677,5,300
20677,6,160
,,
20678,,5720
20678,1,1740
20678,2,1190
20678,3,740
20678,4,560
20678,5,1250
20678,6,240
,,
20680,,420
20680,1,130
20680,2,90
20680,3,50
20680,4,40
20680,5,110
20680,6,**
,,
20684,,570
20684,1,140
20684,2,100
20684,3,70
20684,4,80
20684,5,150
20684,6,30
,,
20685,,3270
20685,1,900
20685,2,560
20685,3,420
20685,4,380
20685,5,820
20685,6,190
,,
20686,,150
20686,1,30
20686,2,30
20686,3,30
20686,4,**
20686,5,60
20686,6,**
,,
20687,,140
20687,1,40
20687,2,30
20687,3,40
20687,4,**
20687,5,30
20687,6,**
,,
20688,,1110
20688,1,210
20688,2,170
20688,3,170
20688,4,130
20688,5,320
20688,6,110
,,
20689,,890
20689,1,200
20689,2,160
20689,3,110
20689,4,90
20689,5,240
20689,6,90
,,
20690,,380
20690,1,80
20690,2,60
20690,3,50
20690,4,40
20690,5,100
20690,6,50
,,
20692,,550
20692,1,120
20692,2,100
20692,3,90
20692,4,70
20692,5,130
20692,6,40
,,
20693,,560
20693,1,140
20693,2,110
20693,3,70
20693,4,50
20693,5,150
20693,6,40
,,
20695,,5650
20695,1,1320
20695,2,1010
20695,3,900
20695,4,840
20695,5,1350
20695,6,230
,,
20705,,14830
20705,1,5320
20705,2,3730
20705,3,2350
20705,4,1360
20705,5,1760
20705,6,310
,,
20706,,21890
20706,1,7760
20706,2,5830
20706,3,3690
20706,4,2130
20706,5,2210
20706,6,270
,,
20707,,19290
20707,1,5630
20707,2,4640
20707,3,3400
20707,4,2220
20707,5,2880
20707,6,520
,,
20708,,13530
20708,1,4700
20708,2,3690
20708,3,2190
20708,4,1160
20708,5,1500
20708,6,290
,,
20710,,4810
20710,1,2130
20710,2,1650
20710,3,690
20710,4,220
20710,5,120
20710,6,**
,,
20711,,3320
20711,1,1060
20711,2,750
20711,3,490
20711,4,280
20711,5,520
20711,6,220
,,
20712,,4730
20712,1,1910
20712,2,1470
20712,3,680
20712,4,300
20712,5,340
20712,6,30
,,
20714,,2320
20714,1,570
20714,2,470
20714,3,440
20714,4,330
20714,5,440
20714,6,70
,,
20715,,13130
20715,1,3190
20715,2,2290
20715,3,1980
20715,4,1740
20715,5,3260
20715,6,670
,,
20716,,11570
20716,1,2800
20716,2,2210
20716,3,2050
20716,4,1670
20716,5,2380
20716,6,460
,,
20720,,12250
20720,1,3100
20720,2,1960
20720,3,1600
20720,4,1470
20720,5,3060
20720,6,1060
,,
20721,,15510
20721,1,3620
20721,2,2640
20721,3,2190
20721,4,2050
20721,5,3720
20721,6,1290
,,
20722,,3280
20722,1,1360
20722,2,980
20722,3,490
20722,4,240
20722,5,190
20722,6,20
,,
20723,,15940
20723,1,4230
20723,2,2850
20723,3,2210
20723,4,1680
20723,5,3580
20723,6,1390
,,
20724,,9270
20724,1,2630
20724,2,2110
20724,3,1580
20724,4,1200
20724,5,1550
20724,6,200
,,
20732,,5020
20732,1,1230
20732,2,840
20732,3,760
20732,4,640
20732,5,1280
20732,6,270
,,
20733,,1510
20733,1,380
20733,2,290
20733,3,240
20733,4,180
20733,5,340
20733,6,80
,,
20735,,20150
20735,1,5350
20735,2,4280
20735,3,3380
20735,4,2640
20735,5,3910
20735,6,590
,,
20736,,4460
20736,1,1130
20736,2,670
20736,3,520
20736,4,430
20736,5,1250
20736,6,460
,,
20737,,11650
20737,1,5410
20737,2,3530
20737,3,1460
20737,4,620
20737,5,570
20737,6,60
,,
20740,,11440
20740,1,4170
20740,2,2740
20740,3,1770
20740,4,1070
20740,5,1450
20740,6,240
,,
20743,,19890
20743,1,7320
20743,2,5820
20743,3,3590
20743,4,1840
20743,5,1280
20743,6,40
,,
20744,,28270
20744,1,8090
20744,2,6320
20744,3,4740
20744,4,3370
20744,5,4850
20744,6,900
,,
20745,,15770
20745,1,6240
20745,2,4530
20745,3,2430
20745,4,1230
20745,5,1130
20745,6,210
,,
20746,,15300
20746,1,5180
20746,2,4720
20746,3,2720
20746,4,1400
20746,5,1180
20746,6,100
,,
20747,,20380
20747,1,6980
20747,2,6010
20747,3,3760
20747,4,2000
20747,5,1570
20747,6,60
,,
20748,,20350
20748,1,6590
20748,2,5830
20748,3,3810
20748,4,2080
20748,5,1880
20748,6,160
,,
20751,,1200
20751,1,290
20751,2,260
20751,3,160
20751,4,150
20751,5,250
20751,6,90
,,
20754,,3560
20754,1,880
20754,2,500
20754,3,450
20754,4,370
20754,5,960
20754,6,400
,,
20755,,3820
20755,1,1010
20755,2,1400
20755,3,630
20755,4,340
20755,5,400
20755,6,40
,,
20758,,390
20758,1,90
20758,2,60
20758,3,60
20758,4,40
20758,5,100
20758,6,40
,,
20759,,2750
20759,1,530
20759,2,220
20759,3,210
20759,4,190
20759,5,710
20759,6,890
,,
20762,,1230
20762,1,390
20762,2,370
20762,3,180
20762,4,110
20762,5,150
20762,6,30
,,
20763,,1340
20763,1,430
20763,2,350
20763,3,240
20763,4,140
20763,5,180
20763,6,**
,,
20764,,2170
20764,1,520
20764,2,440
20764,3,380
20764,4,290
20764,5,440
20764,6,100
,,
20769,,3660
20769,1,1010
20769,2,590
20769,3,470
20769,4,390
20769,5,870
20769,6,330
,,
20770,,13410
20770,1,4410
20770,2,3460
20770,3,2470
20770,4,1380
20770,5,1490
20770,6,200
,,
20772,,24270
20772,1,5500
20772,2,4580
20772,3,4200
20772,4,3400
20772,5,5410
20772,6,1180
,,
20774,,26320
20774,1,6460
20774,2,5340
20774,3,4630
20774,4,3540
20774,5,5230
20774,6,1120
,,
20776,,1620
20776,1,450
20776,2,300
20776,3,200
20776,4,140
20776,5,340
20776,6,190
,,
20777,,1690
20777,1,410
20777,2,190
20777,3,130
20777,4,120
20777,5,400
20777,6,440
,,
20778,,920
20778,1,200
20778,2,120
20778,3,110
20778,4,90
20778,5,290
20778,6,110
,,
20779,,640
20779,1,150
20779,2,90
20779,3,90
20779,4,70
20779,5,160
20779,6,80
,,
20781,,7040
20781,1,2670
20781,2,1980
20781,3,970
20781,4,530
20781,5,720
20781,6,170
,,
20782,,17470
20782,1,7060
20782,2,5070
20782,3,2540
20782,4,1160
20782,5,1260
20782,6,380
,,
20783,,25070
20783,1,13130
20783,2,7000
20783,3,2750
20783,4,1130
20783,5,940
20783,6,120
,,
20784,,17240
20784,1,7000
20784,2,5260
20784,3,2680
20784,4,1280
20784,5,970
20784,6,50
,,
20785,,20480
20785,1,7280
20785,2,5930
20785,3,3410
20785,4,1890
20785,5,1750
20785,6,220
,,
20794,,5520
20794,1,1630
20794,2,1230
20794,3,880
20794,4,640
20794,5,960
20794,6,180
,,
20812,,180
20812,1,50
20812,2,**
20812,3,30
20812,4,**
20812,5,40
20812,6,60
,,
20814,,15150
20814,1,2740
20814,2,2110
20814,3,1980
20814,4,1510
20814,5,3330
20814,6,3480
,,
20815,,14570
20815,1,2600
20815,2,1570
20815,3,1390
20815,4,1200
20815,5,3030
20815,6,4780
,,
20816,,7470
20816,1,1490
20816,2,600
20816,3,580
20816,4,480
20816,5,1520
20816,6,2800
,,
20817,,16500
20817,1,3430
20817,2,1440
20817,3,1270
20817,4,1120
20817,5,3500
20817,6,5740
,,
20818,,860
20818,1,160
20818,2,80
20818,3,70
20818,4,70
20818,5,200
20818,6,280
,,
20832,,12560
20832,1,3200
20832,2,1760
20832,3,1460
20832,4,1200
20832,5,3310
20832,6,1630
,,
20833,,3710
20833,1,900
20833,2,480
20833,3,310
20833,4,300
20833,5,940
20833,6,780
,,
20837,,3110
20837,1,840
20837,2,430
20837,3,330
20837,4,270
20837,5,760
20837,6,480
,,
20838,,150
20838,1,30
20838,2,30
20838,3,30
20838,4,**
20838,5,40
20838,6,20
,,
20839,,130
20839,1,60
20839,2,**
20839,3,30
20839,4,**
20839,5,40
20839,6,**
,,
20841,,4120
20841,1,1060
20841,2,530
20841,3,380
20841,4,320
20841,5,1090
20841,6,740
,,
20842,,890
20842,1,250
20842,2,160
20842,3,120
20842,4,80
20842,5,170
20842,6,110
,,
20850,,23460
20850,1,5760
20850,2,3840
20850,3,2970
20850,4,2430
20850,5,5210
20850,6,3250
,,
20851,,7860
20851,1,2950
20851,2,1820
20851,3,1100
20851,4,690
20851,5,1110
20851,6,190
,,
20852,,22850
20852,1,5180
20852,2,3930
20852,3,3470
20852,4,2690
20852,5,4850
20852,6,2730
,,
20853,,15710
20853,1,4990
20853,2,2950
20853,3,1840
20853,4,1380
20853,5,3070
20853,6,1480
,,
20854,,22620
20854,1,4730
20854,2,1900
20854,3,1570
20854,4,1410
20854,5,4860
20854,6,8150
,,
20855,,7870
20855,1,1970
20855,2,1190
20855,3,960
20855,4,790
20855,5,1940
20855,6,1020
,,
20860,,970
20860,1,270
20860,2,160
20860,3,100
20860,4,70
20860,5,190
20860,6,180
,,
20861,,1050
20861,1,250
20861,2,140
20861,3,100
20861,4,90
20861,5,260
20861,6,210
,,
20862,,210
20862,1,40
20862,2,30
20862,3,40
20862,4,**
20862,5,50
20862,6,50
,,
20866,,7500
20866,1,2230
20866,2,1640
20866,3,1120
20866,4,870
20866,5,1320
20866,6,320
,,
20868,,400
20868,1,130
20868,2,70
20868,3,50
20868,4,30
20868,5,80
20868,6,40
,,
20871,,10060
20871,1,2150
20871,2,1330
20871,3,1200
20871,4,1120
20871,5,3000
20871,6,1260
,,
20872,,6490
20872,1,1810
20872,2,1160
20872,3,820
20872,4,700
20872,5,1510
20872,6,490
,,
20874,,30620
20874,1,9370
20874,2,6840
20874,3,4780
20874,4,3230
20874,5,4980
20874,6,1420
,,
20876,,12810
20876,1,4320
20876,2,2780
20876,3,1760
20876,4,1210
20876,5,2090
20876,6,650
,,
20877,,19610
20877,1,8060
20877,2,5070
20877,3,2550
20877,4,1450
20877,5,2020
20877,6,460
,,
20878,,30820
20878,1,8020
20878,2,4640
20878,3,3530
20878,4,2900
20878,5,7060
20878,6,4670
,,
20879,,13380
20879,1,4610
20879,2,3070
20879,3,2000
20879,4,1250
20879,5,1930
20879,6,520
,,
20882,,6820
20882,1,1720
20882,2,900
20882,3,650
20882,4,540
20882,5,1780
20882,6,1230
,,
20886,,18120
20886,1,6760
20886,2,4210
20886,3,2570
20886,4,1660
20886,5,2340
20886,6,580
,,
20895,,9230
20895,1,2080
20895,2,1200
20895,3,930
20895,4,870
20895,5,2270
20895,6,1880
,,
20901,,18600
20901,1,5840
20901,2,3790
20901,3,2330
20901,4,1700
20901,5,3570
20901,6,1370
,,
20902,,27190
20902,1,10140
20902,2,6220
20902,3,3550
20902,4,2240
20902,5,3780
20902,6,1260
,,
20903,,12700
20903,1,6240
20903,2,3470
20903,3,1470
20903,4,620
20903,5,700
20903,6,200
,,
20904,,29900
20904,1,10060
20904,2,6680
20904,3,4310
20904,4,2890
20904,5,4520
20904,6,1440
,,
20905,,9380
20905,1,2540
20905,2,1580
20905,3,1080
20905,4,860
20905,5,2200
20905,6,1120
,,
20906,,37790
20906,1,14260
20906,2,8780
20906,3,5200
20906,4,3370
20906,5,4860
20906,6,1320
,,
20910,,23130
20910,1,5650
20910,2,4990
20910,3,3810
20910,4,2560
20910,5,4140
20910,6,1980
,,
20912,,12970
20912,1,4780
20912,2,3160
20912,3,1550
20912,4,860
20912,5,1720
20912,6,900
,,
21001,,12010
21001,1,4300
21001,2,2950
21001,3,1730
21001,4,1150
21001,5,1660
21001,6,220
,,
21005,,920
21005,1,170
21005,2,210
21005,3,190
21005,4,150
21005,5,170
21005,6,30
,,
21009,,15110
21009,1,3870
21009,2,2960
21009,3,2430
21009,4,2020
21009,5,3410
21009,6,420
,,
21012,,10750
21012,1,2500
21012,2,1670
21012,3,1380
21012,4,1180
21012,5,2810
21012,6,1210
,,
21013,,2300
21013,1,540
21013,2,300
21013,3,260
21013,4,210
21013,5,640
21013,6,350
,,
21014,,18530
21014,1,5070
21014,2,3310
21014,3,2520
21014,4,2090
21014,5,4470
21014,6,1070
,,
21015,,14460
21015,1,3910
21015,2,2380
21015,3,1840
21015,4,1550
21015,5,3510
21015,6,1270
,,
21017,,3240
21017,1,860
21017,2,770
21017,3,660
21017,4,430
21017,5,470
21017,6,50
,,
21028,,1590
21028,1,410
21028,2,270
21028,3,200
21028,4,170
21028,5,390
21028,6,150
,,
21029,,5580
21029,1,1380
21029,2,520
21029,3,380
21029,4,330
21029,5,1280
21029,6,1690
,,
21030,,13200
21030,1,4020
21030,2,2960
21030,3,1880
21030,4,1130
21030,5,1980
21030,6,1230
,,
21032,,4500
21032,1,1030
21032,2,690
21032,3,550
21032,4,450
21032,5,1050
21032,6,730
,,
21034,,1690
21034,1,520
21034,2,400
21034,3,250
21034,4,170
21034,5,280
21034,6,70
,,
21035,,4050
21035,1,990
21035,2,480
21035,3,340
21035,4,310
21035,5,990
21035,6,940
,,
21036,,1060
21036,1,240
21036,2,130
21036,3,90
21036,4,80
21036,5,250
21036,6,270
,,
21037,,10570
21037,1,2660
21037,2,1740
21037,3,1400
21037,4,1070
21037,5,2460
21037,6,1240
,,
21040,,11440
21040,1,4620
21040,2,3230
21040,3,1610
21040,4,990
21040,5,920
21040,6,70
,,
21042,,19180
21042,1,4300
21042,2,2150
21042,3,1680
21042,4,1600
21042,5,5380
21042,6,4070
,,
21043,,21540
21043,1,5270
21043,2,3180
21043,3,2540
21043,4,2190
21043,5,5460
21043,6,2900
,,
21044,,21730
21044,1,5670
21044,2,3810
21044,3,2970
21044,4,2340
21044,5,4750
21044,6,2190
,,
21045,,19550
21045,1,5620
21045,2,3800
21045,3,2580
21045,4,2180
21045,5,4310
21045,6,1060
,,
21046,,7900
21046,1,1920
21046,2,1310
21046,3,1060
21046,4,960
21046,5,2070
21046,6,580
,,
21047,,6230
21047,1,1500
21047,2,930
21047,3,770
21047,4,610
21047,5,1720
21047,6,700
,,
21048,,5280
21048,1,1400
21048,2,950
21048,3,650
21048,4,560
21048,5,1240
21048,6,480
,,
21050,,9350
21050,1,2610
21050,2,1500
21050,3,1140
21050,4,1010
21050,5,2300
21050,6,790
,,
21051,,170
21051,1,40
21051,2,30
21051,3,40
21051,4,**
21051,5,40
21051,6,20
,,
21053,,1560
21053,1,470
21053,2,250
21053,3,200
21053,4,150
21053,5,340
21053,6,150
,,
21054,,6100
21054,1,1340
21054,2,890
21054,3,740
21054,4,660
21054,5,1600
21054,6,870
,,
21057,,2120
21057,1,510
21057,2,320
21057,3,240
21057,4,220
21057,5,540
21057,6,290
,,
21060,,18120
21060,1,5330
21060,2,4560
21060,3,3140
21060,4,2050
21060,5,2730
21060,6,310
,,
21061,,27080
21061,1,9070
21061,2,7710
21061,3,4350
21061,4,2570
21061,5,3120
21061,6,260
,,
21074,,7740
21074,1,2150
21074,2,1510
21074,3,1200
21074,4,910
21074,5,1630
21074,6,340
,,
21075,,15380
21075,1,4020
21075,2,2920
21075,3,2140
21075,4,1790
21075,5,3420
21075,6,1090
,,
21076,,9260
21076,1,1930
21076,2,1700
21076,3,1400
21076,4,1180
21076,5,2470
21076,6,580
,,
21077,,150
21077,1,40
21077,2,40
21077,3,40
21077,4,**
21077,5,30
21077,6,**
,,
21078,,9340
21078,1,2680
21078,2,1870
21078,3,1330
21078,4,1030
21078,5,1970
21078,6,460
,,
21082,,480
21082,1,120
21082,2,70
21082,3,60
21082,4,60
21082,5,120
21082,6,50
,,
21084,,3750
21084,1,960
21084,2,650
21084,3,520
21084,4,430
21084,5,940
21084,6,250
,,
21085,,8690
21085,1,2410
21085,2,1970
21085,3,1480
21085,4,1020
21085,5,1580
21085,6,230
,,
21087,,2920
21087,1,710
21087,2,490
21087,3,370
21087,4,330
21087,5,740
21087,6,280
,,
21090,,5250
21090,1,1340
21090,2,1100
21090,3,810
21090,4,660
21090,5,1130
21090,6,210
,,
21093,,19670
21093,1,4690
21093,2,3030
21093,3,2710
21093,4,2180
21093,5,4510
21093,6,2550
,,
21102,,5780
21102,1,1620
21102,2,1070
21102,3,850
21102,4,670
21102,5,1340
21102,6,230
,,
21104,,2780
21104,1,620
21104,2,320
21104,3,260
21104,4,250
21104,5,850
21104,6,480
,,
21108,,8870
21108,1,2170
21108,2,1540
21108,3,1130
21108,4,870
21108,5,2050
21108,6,1110
,,
21111,,2480
21111,1,590
21111,2,370
21111,3,240
21111,4,240
21111,5,590
21111,6,450
,,
21113,,16940
21113,1,3700
21113,2,3400
21113,3,2750
21113,4,2310
21113,5,3940
21113,6,840
,,
21114,,12810
21114,1,2870
21114,2,2080
21114,3,1870
21114,4,1550
21114,5,3430
21114,6,1010
,,
21117,,28090
21117,1,8070
21117,2,6380
21117,3,4660
21117,4,3100
21117,5,4250
21117,6,1630
,,
21120,,3550
21120,1,880
21120,2,560
21120,3,400
21120,4,360
21120,5,890
21120,6,460
,,
21122,,30610
21122,1,8020
21122,2,6220
21122,3,4680
21122,4,3610
21122,5,6620
21122,6,1460
,,
21128,,6980
21128,1,1770
21128,2,1180
21128,3,880
21128,4,810
21128,5,1740
21128,6,600
,,
21131,,3710
21131,1,880
21131,2,420
21131,3,320
21131,4,320
21131,5,830
21131,6,940
,,
21132,,1340
21132,1,380
21132,2,250
21132,3,180
21132,4,150
21132,5,310
21132,6,70
,,
21133,,15160
21133,1,5060
21133,2,3830
21133,3,2520
21133,4,1650
21133,5,1920
21133,6,180
,,
21136,,17200
21136,1,5450
21136,2,3660
21136,3,2230
21136,4,1580
21136,5,2830
21136,6,1450
,,
21140,,1790
21140,1,360
21140,2,260
21140,3,210
21140,4,190
21140,5,520
21140,6,250
,,
21144,,17190
21144,1,4650
21144,2,3440
21144,3,2370
21144,4,1850
21144,5,3830
21144,6,1050
,,
21146,,13210
21146,1,3090
21146,2,1610
21146,3,1350
21146,4,1220
21146,5,3690
21146,6,2250
,,
21152,,2950
21152,1,730
21152,2,500
21152,3,420
21152,4,290
21152,5,590
21152,6,420
,,
21154,,3060
21154,1,890
21154,2,580
21154,3,460
21154,4,330
21154,5,620
21154,6,180
,,
21155,,1230
21155,1,320
21155,2,240
21155,3,200
21155,4,130
21155,5,240
21155,6,100
,,
21156,,210
21156,1,60
21156,2,40
21156,3,30
21156,4,20
21156,5,60
21156,6,**
,,
21157,,17890
21157,1,5390
21157,2,3620
21157,3,2450
21157,4,1950
21157,5,3650
21157,6,830
,,
21158,,10420
21158,1,2880
21158,2,2060
21158,3,1600
21158,4,1260
21158,5,2130
21158,6,490
,,
21160,,1190
21160,1,370
21160,2,250
21160,3,170
21160,4,120
21160,5,240
21160,6,40
,,
21161,,2650
21161,1,690
21161,2,470
21161,3,390
21161,4,290
21161,5,600
21161,6,210
,,
21162,,2240
21162,1,620
21162,2,410
21162,3,310
21162,4,230
21162,5,550
21162,6,120
,,
21163,,3430
21163,1,770
21163,2,470
21163,3,400
21163,4,330
21163,5,960
21163,6,500
,,
21201,,7710
21201,1,3040
21201,2,2150
21201,3,1230
21201,4,610
21201,5,530
21201,6,150
,,
21202,,8260
21202,1,3030
21202,2,2350
21202,3,1300
21202,4,560
21202,5,690
21202,6,330
,,
21204,,8150
21204,1,2040
21204,2,1310
21204,3,1100
21204,4,790
21204,5,1570
21204,6,1340
,,
21205,,5850
21205,1,3490
21205,2,1750
21205,3,390
21205,4,120
21205,5,100
21205,6,**
,,
21206,,23240
21206,1,8960
21206,2,7750
21206,3,3410
21206,4,1670
21206,5,1400
21206,6,50
,,
21207,,23340
21207,1,8580
21207,2,7190
21207,3,3840
21207,4,1960
21207,5,1650
21207,6,120
,,
21208,,17080
21208,1,4810
21208,2,3560
21208,3,2720
21208,4,1820
21208,5,2690
21208,6,1480
,,
21209,,12420
21209,1,3050
21209,2,2390
21209,3,1890
21209,4,1420
21209,5,2370
21209,6,1300
,,
21210,,5450
21210,1,1130
21210,2,870
21210,3,700
21210,4,500
21210,5,1050
21210,6,1200
,,
21211,,8790
21211,1,2330
21211,2,2460
21211,3,1680
21211,4,960
21211,5,1140
21211,6,220
,,
21212,,14180
21212,1,4280
21212,2,2970
21212,3,1830
21212,4,1100
21212,5,2420
21212,6,1580
,,
21213,,12320
21213,1,6140
21213,2,4110
21213,3,1310
21213,4,430
21213,5,300
21213,6,30
,,
21214,,9160
21214,1,3060
21214,2,2390
21214,3,1590
21214,4,1010
21214,5,1020
21214,6,90
,,
21215,,22980
21215,1,10680
21215,2,7120
21215,3,2770
21215,4,1140
21215,5,1070
21215,6,200
,,
21216,,11570
21216,1,5790
21216,2,3880
21216,3,1200
21216,4,420
21216,5,280
21216,6,**
,,
21217,,12080
21217,1,6190
21217,2,3490
21217,3,1160
21217,4,450
21217,5,570
21217,6,220
,,
21218,,18660
21218,1,7780
21218,2,5430
21218,3,2290
21218,4,1180
21218,5,1340
21218,6,640
,,
21219,,4640
21219,1,1370
21219,2,1120
21219,3,700
21219,4,530
21219,5,810
21219,6,110
,,
21220,,20050
21220,1,6940
21220,2,5390
21220,3,3200
21220,4,1840
21220,5,2330
21220,6,350
,,
21221,,20310
21221,1,7650
21221,2,5930
21221,3,2850
21221,4,1680
21221,5,1950
21221,6,250
,,
21222,,26290
21222,1,10320
21222,2,7850
21222,3,3950
21222,4,2100
21222,5,1950
21222,6,120
,,
21223,,8350
21223,1,4960
21223,2,2400
21223,3,660
21223,4,180
21223,5,150
21223,6,**
,,
21224,,25960
21224,1,9240
21224,2,6400
21224,3,4410
21224,4,2280
21224,5,2830
21224,6,800
,,
21225,,13720
21225,1,6640
21225,2,3890
21225,3,1650
21225,4,750
21225,5,750
21225,6,40
,,
21226,,3150
21226,1,1100
21226,2,800
21226,3,460
21226,4,320
21226,5,410
21226,6,60
,,
21227,,16610
21227,1,6030
21227,2,4710
21227,3,2540
21227,4,1460
21227,5,1720
21227,6,150
,,
21228,,24380
21228,1,6980
21228,2,4980
21228,3,3600
21228,4,2760
21228,5,4870
21228,6,1190
,,
21229,,20330
21229,1,8340
21229,2,6730
21229,3,2800
21229,4,1260
21229,5,1090
21229,6,110
,,
21230,,17510
21230,1,4800
21230,2,4340
21230,3,3220
21230,4,1660
21230,5,2400
21230,6,1090
,,
21231,,8150
21231,1,2310
21231,2,2090
21231,3,1500
21231,4,700
21231,5,1020
21231,6,530
,,
21234,,35270
21234,1,11220
21234,2,9590
21234,3,6080
21234,4,3560
21234,5,4330
21234,6,490
,,
21236,,20230
21236,1,5840
21236,2,4820
21236,3,3590
21236,4,2340
21236,5,3280
21236,6,360
,,
21237,,15400
21237,1,5160
21237,2,4200
21237,3,2530
21237,4,1440
21237,5,1810
21237,6,260
,,
21239,,13680
21239,1,5050
21239,2,4440
21239,3,2210
21239,4,1030
21239,5,860
21239,6,90
,,
21244,,18180
21244,1,6440
21244,2,5370
21244,3,3000
21244,4,1620
21244,5,1580
21244,6,170
,,
21286,,9390
21286,1,2490
21286,2,1640
21286,3,1400
21286,4,970
21286,5,2000
21286,6,890
,,
21401,,20610
21401,1,5470
21401,2,4010
21401,3,2830
21401,4,1980
21401,5,3940
21401,6,2380
,,
21402,,520
21402,1,230
21402,2,100
21402,3,70
21402,4,40
21402,5,80
21402,6,**
,,
21403,,16880
21403,1,4990
21403,2,3480
21403,3,2230
21403,4,1530
21403,5,2920
21403,6,1730
,,
21409,,9810
21409,1,2400
21409,2,1540
21409,3,1210
21409,4,980
21409,5,2500
21409,6,1180
,,
21502,,16470
21502,1,6960
21502,2,4080
21502,3,2290
21502,4,1440
21502,5,1390
21502,6,310
,,
21520,,960
21520,1,360
21520,2,230
21520,3,150
21520,4,100
21520,5,120
21520,6,**
,,
21521,,540
21521,1,210
21521,2,140
21521,3,90
21521,4,60
21521,5,40
21521,6,**
,,
21523,,130
21523,1,50
21523,2,30
21523,3,30
21523,4,20
21523,5,**
21523,6,0
,,
21530,,690
21530,1,260
21530,2,170
21530,3,120
21530,4,60
21530,5,80
21530,6,**
,,
21531,,1010
21531,1,410
21531,2,250
21531,3,170
21531,4,100
21531,5,80
21531,6,**
,,
21532,,5620
21532,1,2130
21532,2,1310
21532,3,880
21532,4,560
21532,5,680
21532,6,60
,,
21536,,1830
21536,1,710
21536,2,510
21536,3,280
21536,4,150
21536,5,160
21536,6,20
,,
21538,,270
21538,1,120
21538,2,70
21538,3,40
21538,4,40
21538,5,**
21538,6,0
,,
21539,,1140
21539,1,490
21539,2,280
21539,3,170
21539,4,110
21539,5,90
21539,6,**
,,
21541,,770
21541,1,310
21541,2,160
21541,3,110
21541,4,70
21541,5,80
21541,6,40
,,
21545,,870
21545,1,360
21545,2,230
21545,3,140
21545,4,90
21545,5,50
21545,6,**
,,
21550,,6290
21550,1,2620
21550,2,1500
21550,3,900
21550,4,580
21550,5,550
21550,6,140
,,
21555,,730
21555,1,270
21555,2,190
21555,3,130
21555,4,80
21555,5,60
21555,6,**
,,
21557,,800
21557,1,320
21557,2,180
21557,3,130
21557,4,80
21557,5,90
21557,6,**
,,
21561,,1130
21561,1,380
21561,2,260
21561,3,160
21561,4,120
21561,5,160
21561,6,50
,,
21562,,1210
21562,1,500
21562,2,300
21562,3,190
21562,4,120
21562,5,100
21562,6,**
,,
21601,,11950
21601,1,4060
21601,2,2660
21601,3,1590
21601,4,1080
21601,5,1780
21601,6,780
,,
21607,,220
21607,1,80
21607,2,50
21607,3,50
21607,4,**
21607,5,40
21607,6,**
,,
21610,,170
21610,1,50
21610,2,50
21610,3,40
21610,4,**
21610,5,30
21610,6,**
,,
21612,,220
21612,1,70
21612,2,40
21612,3,30
21612,4,20
21612,5,40
21612,6,20
,,
21613,,8170
21613,1,3650
21613,2,2160
21613,3,960
21613,4,550
21613,5,670
21613,6,180
,,
21617,,5050
21617,1,1420
21617,2,910
21617,3,620
21617,4,590
21617,5,1220
21617,6,290
,,
21619,,3450
21619,1,910
21619,2,670
21619,3,510
21619,4,380
21619,5,710
21619,6,270
,,
21620,,5730
21620,1,1830
21620,2,1370
21620,3,810
21620,4,580
21620,5,870
21620,6,270
,,
21622,,250
21622,1,80
21622,2,80
21622,3,40
21622,4,30
21622,5,20
21622,6,**
,,
21623,,920
21623,1,270
21623,2,210
21623,3,150
21623,4,100
21623,5,160
21623,6,30
,,
21625,,1120
21625,1,350
21625,2,260
21625,3,170
21625,4,120
21625,5,180
21625,6,40
,,
21629,,4340
21629,1,1500
21629,2,1050
21629,3,660
21629,4,420
21629,5,610
21629,6,100
,,
21631,,1180
21631,1,390
21631,2,290
21631,3,180
21631,4,130
21631,5,160
21631,6,30
,,
21632,,2840
21632,1,1270
21632,2,840
21632,3,340
21632,4,180
21632,5,210
21632,6,**
,,
21634,,340
21634,1,250
21634,2,40
21634,3,20
21634,4,30
21634,5,**
21634,6,**
,,
21635,,990
21635,1,290
21635,2,210
21635,3,160
21635,4,100
21635,5,180
21635,6,50
,,
21636,,490
21636,1,180
21636,2,140
21636,3,70
21636,4,40
21636,5,60
21636,6,**
,,
21638,,2480
21638,1,740
21638,2,440
21638,3,310
21638,4,240
21638,5,510
21638,6,240
,,
21639,,2110
21639,1,810
21639,2,590
21639,3,300
21639,4,180
21639,5,230
21639,6,**
,,
21640,,720
21640,1,280
21640,2,200
21640,3,100
21640,4,60
21640,5,80
21640,6,**
,,
21643,,2780
21643,1,1090
21643,2,790
21643,3,400
21643,4,250
21643,5,220
21643,6,30
,,
21645,,440
21645,1,130
21645,2,100
21645,3,50
21645,4,50
21645,5,80
21645,6,30
,,
21647,,170
21647,1,60
21647,2,40
21647,3,40
21647,4,**
21647,5,30
21647,6,**
,,
21649,,780
21649,1,370
21649,2,230
21649,3,90
21649,4,50
21649,5,40
21649,6,**
,,
21650,,120
21650,1,40
21650,2,50
21650,3,**
21650,4,30
21650,5,**
21650,6,**
,,
21651,,1280
21651,1,440
21651,2,320
21651,3,230
21651,4,130
21651,5,140
21651,6,20
,,
21654,,630
21654,1,130
21654,2,100
21654,3,90
21654,4,50
21654,5,140
21654,6,120
,,
21655,,2360
21655,1,830
21655,2,670
21655,3,350
21655,4,220
21655,5,250
21655,6,40
,,
21657,,540
21657,1,150
21657,2,130
21657,3,80
21657,4,50
21657,5,110
21657,6,20
,,
21658,,1890
21658,1,520
21658,2,310
21658,3,230
21658,4,200
21658,5,420
21658,6,210
,,
21659,,400
21659,1,120
21659,2,120
21659,3,60
21659,4,50
21659,5,50
21659,6,**
,,
21660,,1850
21660,1,640
21660,2,470
21660,3,280
21660,4,190
21660,5,240
21660,6,30
,,
21661,,1200
21661,1,470
21661,2,280
21661,3,170
21661,4,100
21661,5,130
21661,6,50
,,
21662,,400
21662,1,110
21662,2,80
21662,3,40
21662,4,30
21662,5,80
21662,6,60
,,
21663,,1540
21663,1,440
21663,2,280
21663,3,190
21663,4,130
21663,5,330
21663,6,170
,,
21665,,120
21665,1,30
21665,2,30
21665,3,30
21665,4,**
21665,5,30
21665,6,**
,,
21666,,6350
21666,1,1700
21666,2,1040
21666,3,800
21666,4,700
21666,5,1600
21666,6,510
,,
21667,,170
21667,1,60
21667,2,40
21667,3,30
21667,4,20
21667,5,20
21667,6,**
,,
21668,,790
21668,1,270
21668,2,220
21668,3,90
21668,4,80
21668,5,130
21668,6,**
,,
21671,,350
21671,1,110
21671,2,80
21671,3,50
21671,4,30
21671,5,60
21671,6,20
,,
21673,,1540
21673,1,520
21673,2,390
21673,3,190
21673,4,150
21673,5,210
21673,6,80
,,
21676,,160
21676,1,60
21676,2,40
21676,3,30
21676,4,**
21676,5,30
21676,6,**
,,
21677,,220
21677,1,60
21677,2,50
21677,3,30
21677,4,30
21677,5,50
21677,6,**
,,
21678,,1070
21678,1,370
21678,2,290
21678,3,130
21678,4,100
21678,5,140
21678,6,40
,,
21679,,250
21679,1,60
21679,2,50
21679,3,30
21679,4,30
21679,5,50
21679,6,30
,,
21701,,19450
21701,1,5510
21701,2,4150
21701,3,2990
21701,4,2130
21701,5,3640
21701,6,1030
,,
21702,,21070
21702,1,6750
21702,2,4790
21702,3,2950
21702,4,2160
21702,5,3560
21702,6,860
,,
21703,,18600
21703,1,5870
21703,2,4350
21703,3,2950
21703,4,1950
21703,5,2970
21703,6,510
,,
21704,,6940
21704,1,1540
21704,2,940
21704,3,710
21704,4,720
21704,5,2100
21704,6,930
,,
21710,,2220
21710,1,520
21710,2,290
21710,3,270
21710,4,240
21710,5,650
21710,6,250
,,
21711,,480
21711,1,160
21711,2,120
21711,3,70
21711,4,60
21711,5,70
21711,6,**
,,
21713,,4570
21713,1,1350
21713,2,990
21713,3,680
21713,4,520
21713,5,850
21713,6,180
,,
21716,,2830
21716,1,780
21716,2,680
21716,3,460
21716,4,330
21716,5,520
21716,6,60
,,
21718,,100
21718,1,40
21718,2,**
21718,3,40
21718,4,**
21718,5,20
21718,6,**
,,
21719,,640
21719,1,240
21719,2,150
21719,3,100
21719,4,70
21719,5,80
21719,6,**
,,
21722,,2720
21722,1,850
21722,2,690
21722,3,460
21722,4,310
21722,5,370
21722,6,40
,,
21723,,390
21723,1,100
21723,2,40
21723,3,30
21723,4,30
21723,5,100
21723,6,90
,,
21727,,2110
21727,1,750
21727,2,500
21727,3,300
21727,4,210
21727,5,310
21727,6,40
,,
21733,,580
21733,1,180
21733,2,130
21733,3,80
21733,4,60
21733,5,100
21733,6,30
,,
21737,,930
21737,1,200
21737,2,80
21737,3,70
21737,4,50
21737,5,210
21737,6,320
,,
21738,,1620
21738,1,410
21738,2,160
21738,3,110
21738,4,80
21738,5,390
21738,6,470
,,
21740,,27480
21740,1,11600
21740,2,7320
21740,3,3640
21740,4,2210
21740,5,2400
21740,6,310
,,
21742,,15570
21742,1,5080
21742,2,3630
21742,3,2400
21742,4,1610
21742,5,2270
21742,6,580
,,
21750,,1620
21750,1,650
21750,2,420
21750,3,270
21750,4,150
21750,5,130
21750,6,**
,,
21754,,3130
21754,1,810
21754,2,400
21754,3,320
21754,4,300
21754,5,810
21754,6,490
,,
21755,,2780
21755,1,720
21755,2,520
21755,3,350
21755,4,290
21755,5,710
21755,6,190
,,
21756,,1720
21756,1,450
21756,2,360
21756,3,220
21756,4,200
21756,5,420
21756,6,70
,,
21757,,1360
21757,1,440
21757,2,310
21757,3,210
21757,4,160
21757,5,200
21757,6,40
,,
21758,,2140
21758,1,540
21758,2,430
21758,3,320
21758,4,250
21758,5,490
21758,6,110
,,
21766,,310
21766,1,120
21766,2,90
21766,3,50
21766,4,20
21766,5,30
21766,6,0
,,
21767,,660
21767,1,250
21767,2,200
21767,3,100
21767,4,60
21767,5,50
21767,6,**
,,
21769,,5710
21769,1,1420
21769,2,900
21769,3,710
21769,4,600
21769,5,1490
21769,6,590
,,
21770,,2960
21770,1,700
21770,2,420
21770,3,360
21770,4,320
21770,5,880
21770,6,280
,,
21771,,15010
21771,1,3990
21771,2,2290
21771,3,1790
21771,4,1550
21771,5,3970
21771,6,1420
,,
21773,,2640
21773,1,740
21773,2,440
21773,3,340
21773,4,300
21773,5,640
21773,6,180
,,
21774,,6260
21774,1,1360
21774,2,740
21774,3,690
21774,4,700
21774,5,2170
21774,6,600
,,
21776,,2830
21776,1,760
21776,2,600
21776,3,400
21776,4,330
21776,5,610
21776,6,130
,,
21777,,810
21777,1,130
21777,2,110
21777,3,110
21777,4,120
21777,5,270
21777,6,70
,,
21778,,500
21778,1,160
21778,2,120
21778,3,80
21778,4,50
21778,5,90
21778,6,**
,,
21779,,490
21779,1,140
21779,2,90
21779,3,70
21779,4,70
21779,5,120
21779,6,**
,,
21780,,790
21780,1,240
21780,2,200
21780,3,140
21780,4,80
21780,5,130
21780,6,**
,,
21782,,1920
21782,1,580
21782,2,470
21782,3,290
21782,4,220
21782,5,320
21782,6,40
,,
21783,,4220
21783,1,1340
21783,2,900
21783,3,650
21783,4,510
21783,5,730
21783,6,90
,,
21784,,19000
21784,1,4750
21784,2,2900
21784,3,2360
21784,4,2120
21784,5,5150
21784,6,1720
,,
21787,,5110
21787,1,1600
21787,2,1210
21787,3,830
21787,4,600
21787,5,780
21787,6,90
,,
21788,,5850
21788,1,1720
21788,2,1380
21788,3,970
21788,4,650
21788,5,970
21788,6,160
,,
21791,,2450
21791,1,740
21791,2,520
21791,3,390
21791,4,290
21791,5,420
21791,6,90
,,
21793,,4990
21793,1,1480
21793,2,1030
21793,3,700
21793,4,550
21793,5,1000
21793,6,230
,,
21794,,1180
21794,1,320
21794,2,140
21794,3,100
21794,4,50
21794,5,250
21794,6,320
,,
21795,,4640
21795,1,1560
21795,2,1170
21795,3,740
21795,4,460
21795,5,610
21795,6,100
,,
21797,,4460
21797,1,1220
21797,2,680
21797,3,440
21797,4,370
21797,5,1060
21797,6,690
,,
21798,,1190
21798,1,350
21798,2,230
21798,3,170
21798,4,130
21798,5,240
21798,6,70
,,
21801,,12480
21801,1,5410
21801,2,2880
21801,3,1390
21801,4,910
21801,5,1400
21801,6,490
,,
21804,,17180
21804,1,7250
21804,2,4710
21804,3,2230
21804,4,1260
21804,5,1450
21804,6,280
,,
21811,,11810
21811,1,4050
21811,2,2640
21811,3,1710
21811,4,1210
21811,5,1700
21811,6,500
,,
21813,,1500
21813,1,550
21813,2,310
21813,3,180
21813,4,140
21813,5,240
21813,6,80
,,
21814,,160
21814,1,60
21814,2,40
21814,3,30
21814,4,30
21814,5,**
21814,6,0
,,
21817,,2030
21817,1,940
21817,2,550
21817,3,230
21817,4,150
21817,5,160
21817,6,**
,,
21821,,350
21821,1,130
21821,2,80
21821,3,70
21821,4,40
21821,5,30
21821,6,**
,,
21822,,1280
21822,1,480
21822,2,340
21822,3,160
21822,4,110
21822,5,160
21822,6,30
,,
21826,,2290
21826,1,940
21826,2,630
21826,3,300
21826,4,170
21826,5,210
21826,6,40
,,
21829,,240
21829,1,100
21829,2,60
21829,3,40
21829,4,40
21829,5,**
21829,6,**
,,
21830,,1990
21830,1,640
21830,2,460
21830,3,310
21830,4,230
21830,5,300
21830,6,50
,,
21835,,200
21835,1,90
21835,2,50
21835,3,30
21835,4,30
21835,5,**
21835,6,**
,,
21837,,1170
21837,1,430
21837,2,330
21837,3,170
21837,4,110
21837,5,130
21837,6,**
,,
21838,,750
21838,1,280
21838,2,220
21838,3,110
21838,4,80
21838,5,60
21838,6,**
,,
21840,,170
21840,1,60
21840,2,30
21840,3,50
21840,4,**
21840,5,30
21840,6,**
,,
21841,,440
21841,1,150
21841,2,110
21841,3,70
21841,4,40
21841,5,70
21841,6,**
,,
21842,,6510
21842,1,2680
21842,2,1500
21842,3,770
21842,4,490
21842,5,740
21842,6,330
,,
21849,,1530
21849,1,580
21849,2,350
21849,3,250
21849,4,160
21849,5,160
21849,6,30
,,
21850,,1430
21850,1,560
21850,2,400
21850,3,210
21850,4,140
21850,5,120
21850,6,**
,,
21851,,3320
21851,1,1400
21851,2,880
21851,3,390
21851,4,290
21851,5,330
21851,6,30
,,
21853,,3730
21853,1,1800
21853,2,940
21853,3,460
21853,4,260
21853,5,230
21853,6,40
,,
21856,,400
21856,1,140
21856,2,90
21856,3,60
21856,4,40
21856,5,50
21856,6,20
,,
21863,,2210
21863,1,840
21863,2,570
21863,3,300
21863,4,210
21863,5,250
21863,6,40
,,
21864,,290
21864,1,110
21864,2,70
21864,3,30
21864,4,40
21864,5,40
21864,6,**
,,
21865,,230
21865,1,90
21865,2,60
21865,3,50
21865,4,**
21865,5,30
21865,6,**
,,
21869,,440
21869,1,180
21869,2,120
21869,3,60
21869,4,40
21869,5,40
21869,6,**
,,
21871,,820
21871,1,330
21871,2,210
21871,3,110
21871,4,80
21871,5,90
21871,6,**
,,
21872,,370
21872,1,140
21872,2,100
21872,3,40
21872,4,40
21872,5,50
21872,6,**
,,
21874,,1050
21874,1,380
21874,2,310
21874,3,160
21874,4,100
21874,5,100
21874,6,**
,,
21875,,3100
21875,1,1160
21875,2,810
21875,3,460
21875,4,270
21875,5,340
21875,6,60
,,
21901,,8160
21901,1,2650
21901,2,1790
21901,3,1180
21901,4,940
21901,5,1380
21901,6,220
,,
21903,,2620
21903,1,800
21903,2,620
21903,3,400
21903,4,290
21903,5,440
21903,6,70
,,
21904,,3170
21904,1,980
21904,2,680
21904,3,460
21904,4,360
21904,5,580
21904,6,110
,,
21911,,5110
21911,1,1610
21911,2,1180
21911,3,770
21911,4,610
21911,5,850
21911,6,90
,,
21912,,520
21912,1,160
21912,2,110
21912,3,50
21912,4,50
21912,5,110
21912,6,40
,,
21915,,1520
21915,1,480
21915,2,350
21915,3,210
21915,4,150
21915,5,260
21915,6,70
,,
21917,,1140
21917,1,300
21917,2,210
21917,3,210
21917,4,150
21917,5,250
21917,6,20
,,
21918,,1960
21918,1,560
21918,2,430
21918,3,330
21918,4,270
21918,5,330
21918,6,40
,,
21919,,1420
21919,1,480
21919,2,290
21919,3,190
21919,4,140
21919,5,270
21919,6,50
,,
21921,,19290
21921,1,6500
21921,2,4400
21921,3,2760
21921,4,1960
21921,5,3090
21921,6,580
