1001,,8980
1001,1,2810
1001,2,2230
1001,3,1590
1001,4,940
1001,5,1250
1001,6,160
,,
1002,,9490
1002,1,3310
1002,2,1740
1002,3,1100
1002,4,790
1002,5,1740
1002,6,810
,,
1005,,2370
1005,1,720
1005,2,560
1005,3,400
1005,4,280
1005,5,370
1005,6,40
,,
1007,,7580
1007,1,2170
1007,2,1480
1007,3,1070
1007,4,870
1007,5,1660
1007,6,330
,,
1008,,660
1008,1,180
1008,2,130
1008,3,120
1008,4,100
1008,5,130
1008,6,**
,,
1010,,1880
1010,1,560
1010,2,360
1010,3,290
1010,4,230
1010,5,370
1010,6,70
,,
1011,,650
1011,1,220
1011,2,140
1011,3,130
1011,4,70
1011,5,90
1011,6,**
,,
1012,,350
1012,1,100
1012,2,90
1012,3,60
1012,4,40
1012,5,60
1012,6,**
,,
1013,,10550
1013,1,4300
1013,2,3160
1013,3,1590
1013,4,810
1013,5,630
1013,6,60
,,
1020,,15170
1020,1,5370
1020,2,4320
1020,3,2450
1020,4,1510
1020,5,1410
1020,6,110
,,
1022,,1150
1022,1,370
1022,2,390
1022,3,230
1022,4,90
1022,5,70
1022,6,**
,,
1026,,490
1026,1,170
1026,2,120
1026,3,70
1026,4,50
1026,5,80
1026,6,**
,,
1027,,9840
1027,1,2920
1027,2,2690
1027,3,1620
1027,4,1060
1027,5,1330
1027,6,220
,,
1028,,8250
1028,1,2310
1028,2,1450
1028,3,1180
1028,4,970
1028,5,1750
1028,6,590
,,
1030,,6000
1030,1,1880
1030,2,1260
1030,3,900
1030,4,680
1030,5,1080
1030,6,200
,,
1031,,500
1031,1,170
1031,2,150
1031,3,90
1031,4,50
1031,5,40
1031,6,**
,,
1032,,260
1032,1,70
1032,2,60
1032,3,50
1032,4,30
1032,5,50
1032,6,**
,,
1033,,3230
1033,1,930
1033,2,700
1033,3,540
1033,4,360
1033,5,610
1033,6,90
,,
1034,,1040
1034,1,300
1034,2,200
1034,3,170
1034,4,120
1034,5,210
1034,6,40
,,
1035,,2780
1035,1,910
1035,2,610
1035,3,370
1035,4,280
1035,5,470
1035,6,140
,,
1036,,2680
1036,1,760
1036,2,500
1036,3,380
1036,4,340
1036,5,570
1036,6,130
,,
1038,,1300
1038,1,340
1038,2,300
1038,3,220
1038,4,130
1038,5,250
1038,6,60
,,
1039,,780
1039,1,240
1039,2,180
1039,3,110
1039,4,90
1039,5,120
1039,6,40
,,
1040,,16540
1040,1,7250
1040,2,4750
1040,3,2140
1040,4,1010
1040,5,1180
1040,6,210
,,
1050,,1290
1050,1,420
1050,2,320
1050,3,190
1050,4,150
1050,5,190
1050,6,20
,,
1053,,880
1053,1,270
1053,2,190
1053,3,140
1053,4,100
1053,5,140
1053,6,40
,,
1054,,960
1054,1,270
1054,2,190
1054,3,130
1054,4,90
1054,5,200
1054,6,80
,,
1056,,10400
1056,1,3370
1056,2,2360
1056,3,1680
1056,4,1210
1056,5,1520
1056,6,260
,,
1057,,4220
1057,1,1260
1057,2,920
1057,3,680
1057,4,500
1057,5,740
1057,6,120
,,
1060,,7360
1060,1,2440
1060,2,1790
1060,3,1090
1060,4,590
1060,5,960
1060,6,490
,,
1062,,5690
1062,1,1720
1062,2,1180
1062,3,870
1062,4,600
1062,5,980
1062,6,340
,,
1068,,970
1068,1,270
1068,2,200
1068,3,160
1068,4,120
1068,5,180
1068,6,40
,,
1069,,4100
1069,1,1350
1069,2,1040
1069,3,650
1069,4,440
1069,5,530
1069,6,90
,,
1070,,310
1070,1,120
1070,2,80
1070,3,50
1070,4,20
1070,5,40
1070,6,**
,,
1071,,800
1071,1,240
1071,2,190
1071,3,140
1071,4,110
1071,5,120
1071,6,**
,,
1072,,760
1072,1,220
1072,2,160
1072,3,120
1072,4,90
1072,5,140
1072,6,30
,,
1073,,3280
1073,1,920
1073,2,590
1073,3,460
1073,4,400
1073,5,740
1073,6,170
,,
1075,,8570
1075,1,2420
1075,2,1970
1075,3,1430
1075,4,950
1075,5,1420
1075,6,380
,,
1077,,4990
1077,1,1430
1077,2,1110
1077,3,710
1077,4,560
1077,5,900
1077,6,280
,,
1080,,1180
1080,1,410
1080,2,370
1080,3,220
1080,4,100
1080,5,80
1080,6,**
,,
1081,,880
1081,1,290
1081,2,210
1081,3,160
1081,4,90
1081,5,130
1081,6,**
,,
1082,,5010
1082,1,1720
1082,2,1340
1082,3,770
1082,4,540
1082,5,570
1082,6,70
,,
1085,,18950
1085,1,6160
1085,2,4620
1085,3,2880
1085,4,1820
1085,5,2900
1085,6,570
,,
1088,,330
1088,1,100
1088,2,100
1088,3,50
1088,4,30
1088,5,50
1088,6,**
,,
1089,,13980
1089,1,4880
1089,2,3690
1089,3,2170
1089,4,1240
1089,5,1650
1089,6,350
,,
1095,,7290
1095,1,2000
1095,2,1120
1095,3,970
1095,4,780
1095,5,1730
1095,6,690
,,
1096,,1280
1096,1,370
1096,2,290
1096,3,200
1096,4,160
1096,5,210
1096,6,50
,,
1098,,620
1098,1,180
1098,2,140
1098,3,130
1098,4,60
1098,5,90
1098,6,20
,,
1103,,1070
1103,1,500
1103,2,320
1103,3,150
1103,4,50
1103,5,50
1103,6,**
,,
1104,,10230
1104,1,4740
1104,2,3280
1104,3,1300
1104,4,510
1104,5,400
1104,6,**
,,
1105,,4030
1105,1,2680
1105,2,1050
1105,3,210
1105,4,40
1105,5,50
1105,6,**
,,
1106,,7590
1106,1,1840
1106,2,920
1106,3,840
1106,4,710
1106,5,1880
1106,6,1400
,,
1107,,3970
1107,1,2230
1107,2,1150
1107,3,320
1107,4,120
1107,5,120
1107,6,30
,,
1108,,11520
1108,1,5710
1108,2,3400
1108,3,1270
1108,4,540
1108,5,500
1108,6,100
,,
1109,,11580
1109,1,6070
1109,2,3410
1109,3,1250
1109,4,480
1109,5,350
1109,6,20
,,
1118,,7270
1118,1,2460
1118,2,1890
1118,3,1320
1118,4,770
1118,5,760
1118,6,70
,,
1119,,5960
1119,1,2280
1119,2,1810
1119,3,920
1119,4,470
1119,5,460
1119,6,20
,,
1128,,1440
1128,1,380
1128,2,340
1128,3,310
1128,4,180
1128,5,230
1128,6,**
,,
1129,,3740
1129,1,1240
1129,2,1050
1129,3,650
1129,4,380
1129,5,390
1129,6,30
,,
1151,,3960
1151,1,1890
1151,2,1260
1151,3,490
1151,4,170
1151,5,150
1151,6,**
,,
1201,,22270
1201,1,8440
1201,2,5950
1201,3,3200
1201,4,1960
1201,5,2220
1201,6,500
,,
1220,,4280
1220,1,1620
1220,2,1280
1220,3,610
1220,4,370
1220,5,350
1220,6,50
,,
1222,,440
1222,1,180
1222,2,110
1222,3,60
1222,4,40
1222,5,50
1222,6,**
,,
1223,,1150
1223,1,360
1223,2,280
1223,3,180
1223,4,140
1223,5,160
1223,6,30
,,
1225,,1690
1225,1,540
1225,2,420
1225,3,260
1225,4,170
1225,5,260
1225,6,40
,,
1226,,3300
1226,1,1080
1226,2,820
1226,3,460
1226,4,330
1226,5,470
1226,6,140
,,
1230,,3760
1230,1,1340
1230,2,870
1230,3,480
1230,4,330
1230,5,510
1230,6,230
,,
1235,,1470
1235,1,490
1235,2,330
1235,3,240
1235,4,150
1235,5,220
1235,6,40
,,
1236,,860
1236,1,330
1236,2,210
1236,3,120
1236,4,90
1236,5,90
1236,6,20
,,
1237,,1550
1237,1,510
1237,2,360
1237,3,240
1237,4,160
1237,5,230
1237,6,50
,,
1238,,3060
1238,1,1080
1238,2,800
1238,3,410
1238,4,290
1238,5,380
1238,6,100
,,
1240,,2510
1240,1,780
1240,2,510
1240,3,320
1240,4,240
1240,5,420
1240,6,240
,,
1245,,400
1245,1,140
1245,2,90
1245,3,50
1245,4,40
1245,5,50
1245,6,30
,,
1247,,6750
1247,1,2890
1247,2,1830
1247,3,960
1247,4,520
1247,5,500
1247,6,50
,,
1253,,460
1253,1,140
1253,2,100
1253,3,70
1253,4,70
1253,5,80
1253,6,**
,,
1254,,600
1254,1,170
1254,2,90
1254,3,90
1254,4,70
1254,5,100
1254,6,80
,,
1255,,330
1255,1,130
1255,2,80
1255,3,50
1255,4,30
1255,5,40
1255,6,**
,,
1256,,370
1256,1,120
1256,2,80
1256,3,60
1256,4,60
1256,5,50
1256,6,**
,,
1257,,1240
1257,1,420
1257,2,300
1257,3,170
1257,4,120
1257,5,160
1257,6,70
,,
1258,,380
1258,1,130
1258,2,80
1258,3,40
1258,4,40
1258,5,50
1258,6,40
,,
1259,,260
1259,1,90
1259,2,60
1259,3,60
1259,4,**
1259,5,50
1259,6,**
,,
1266,,740
1266,1,230
1266,2,160
1266,3,90
1266,4,70
1266,5,130
1266,6,60
,,
1267,,2910
1267,1,860
1267,2,530
1267,3,360
1267,4,300
1267,5,540
1267,6,320
,,
1270,,390
1270,1,100
1270,2,80
1270,3,70
1270,4,60
1270,5,80
1270,6,**
,,
1301,,8310
1301,1,3050
1301,2,2280
1301,3,1280
1301,4,780
1301,5,790
1301,6,130
,,
1330,,750
1330,1,240
1330,2,180
1330,3,110
1330,4,80
1330,5,100
1330,6,40
,,
1331,,6240
1331,1,2270
1331,2,1750
1331,3,1040
1331,4,570
1331,5,540
1331,6,70
,,
1337,,1350
1337,1,390
1337,2,320
1337,3,210
1337,4,180
1337,5,220
1337,6,30
,,
1338,,140
1338,1,40
1338,2,50
1338,3,30
1338,4,**
1338,5,20
1338,6,**
,,
1339,,730
1339,1,260
1339,2,200
1339,3,110
1339,4,70
1339,5,90
1339,6,**
,,
1340,,870
1340,1,290
1340,2,230
1340,3,150
1340,4,100
1340,5,100
1340,6,**
,,
1341,,830
1341,1,210
1341,2,170
1341,3,120
1341,4,110
1341,5,150
1341,6,70
,,
1342,,700
1342,1,190
1342,2,150
1342,3,110
1342,4,100
1342,5,120
1342,6,30
,,
1344,,780
1344,1,250
1344,2,230
1344,3,120
1344,4,90
1344,5,90
1344,6,**
,,
1346,,180
1346,1,70
1346,2,30
1346,3,50
1346,4,**
1346,5,30
1346,6,**
,,
1349,,400
1349,1,120
1349,2,130
1349,3,80
1349,4,40
1349,5,30
1349,6,**
,,
1351,,1290
1351,1,370
1351,2,350
1351,3,230
1351,4,140
1351,5,170
1351,6,30
,,
1354,,810
1354,1,220
1354,2,210
1354,3,140
1354,4,100
1354,5,140
1354,6,**
,,
1355,,470
1355,1,140
1355,2,110
1355,3,80
1355,4,60
1355,5,80
1355,6,**
,,
1360,,1520
1360,1,460
1360,2,360
1360,3,230
1360,4,190
1360,5,240
1360,6,40
,,
1364,,3490
1364,1,1350
1364,2,960
1364,3,550
1364,4,330
1364,5,270
1364,6,30
,,
1366,,620
1366,1,190
1366,2,130
1366,3,100
1366,4,60
1366,5,110
1366,6,30
,,
1367,,230
1367,1,80
1367,2,60
1367,3,60
1367,4,**
1367,5,30
1367,6,**
,,
1368,,570
1368,1,170
1368,2,140
1368,3,80
1368,4,80
1368,5,100
1368,6,**
,,
1370,,2040
1370,1,720
1370,2,530
1370,3,280
1370,4,200
1370,5,260
1370,6,50
,,
1373,,2360
1373,1,700
1373,2,550
1373,3,360
1373,4,270
1373,5,370
1373,6,110
,,
1375,,1840
1375,1,640
1375,2,490
1375,3,230
1375,4,160
1375,5,260
1375,6,60
,,
1376,,2530
1376,1,1000
1376,2,770
1376,3,380
1376,4,200
1376,5,180
1376,6,**
,,
1378,,360
1378,1,110
1378,2,110
1378,3,60
1378,4,40
1378,5,40
1378,6,0
,,
1379,,400
1379,1,150
1379,2,130
1379,3,60
1379,4,30
1379,5,30
1379,6,**
,,
1420,,18530
1420,1,7360
1420,2,5110
1420,3,2710
1420,4,1520
1420,5,1650
1420,6,180
,,
1430,,3070
1430,1,860
1430,2,620
1430,3,460
1430,4,380
1430,5,660
1430,6,90
,,
1431,,1600
1431,1,470
1431,2,320
1431,3,260
1431,4,180
1431,5,320
1431,6,50
,,
1432,,4150
1432,1,1140
1432,2,960
1432,3,710
1432,4,420
1432,5,750
1432,6,170
,,
1434,,210
1434,1,70
1434,2,30
1434,3,30
1434,4,20
1434,5,60
1434,6,**
,,
1436,,1450
1436,1,460
1436,2,390
1436,3,230
1436,4,180
1436,5,190
1436,6,**
,,
1440,,9430
1440,1,3400
1440,2,2690
1440,3,1440
1440,4,850
1440,5,950
1440,6,100
,,
1450,,5220
1450,1,1320
1450,2,700
1450,3,550
1450,4,410
1450,5,1290
1450,6,950
,,
1451,,2490
1451,1,600
1451,2,240
1451,3,200
1451,4,180
1451,5,630
1451,6,640
,,
1452,,2200
1452,1,570
1452,2,470
1452,3,340
1452,4,280
1452,5,460
1452,6,80
,,
1453,,21390
1453,1,7340
1453,2,5360
1453,3,3390
1453,4,1880
1453,5,2900
1453,6,520
,,
1460,,4820
1460,1,1240
1460,2,690
1460,3,530
1460,4,450
1460,5,1190
1460,6,720
,,
1462,,5670
1462,1,1550
1462,2,1020
1462,3,810
1462,4,700
1462,5,1230
1462,6,360
,,
1463,,5800
1463,1,1650
1463,2,1120
1463,3,790
1463,4,610
1463,5,1260
1463,6,370
,,
1464,,3100
1464,1,890
1464,2,640
1464,3,460
1464,4,360
1464,5,620
1464,6,130
,,
1468,,2130
1468,1,600
1468,2,480
1468,3,360
1468,4,230
1468,5,420
1468,6,40
,,
1469,,3650
1469,1,1040
1469,2,710
1469,3,530
1469,4,410
1469,5,840
1469,6,120
,,
1473,,4100
1473,1,1150
1473,2,740
1473,3,620
1473,4,490
1473,5,910
1473,6,190
,,
1474,,1060
1474,1,340
1474,2,180
1474,3,150
1474,4,120
1474,5,220
1474,6,50
,,
1475,,4690
1475,1,1610
1475,2,1230
1475,3,720
1475,4,500
1475,5,570
1475,6,60
,,
1501,,8720
1501,1,2480
1501,2,1830
1501,3,1440
1501,4,1000
1501,5,1650
1501,6,320
,,
1503,,1610
1503,1,450
1503,2,270
1503,3,180
1503,4,180
1503,5,340
1503,6,190
,,
1504,,4720
1504,1,1330
1504,2,1130
1504,3,760
1504,4,530
1504,5,830
1504,6,140
,,
1505,,2370
1505,1,570
1505,2,390
1505,3,310
1505,4,240
1505,5,540
1505,6,320
,,
1506,,1620
1506,1,500
1506,2,340
1506,3,280
1506,4,190
1506,5,270
1506,6,40
,,
1507,,6320
1507,1,1800
1507,2,1150
1507,3,860
1507,4,690
1507,5,1480
1507,6,340
,,
1510,,7670
1510,1,2350
1510,2,2130
1510,3,1220
1510,4,780
1510,5,1020
1510,6,170
,,
1515,,1120
1515,1,300
1515,2,260
1515,3,190
1515,4,150
1515,5,190
1515,6,30
,,
1516,,4500
1516,1,1290
1516,2,820
1516,3,610
1516,4,500
1516,5,1020
1516,6,260
,,
1518,,1520
1518,1,440
1518,2,280
1518,3,160
1518,4,160
1518,5,340
1518,6,140
,,
1519,,3520
1519,1,860
1519,2,540
1519,3,440
1519,4,350
1519,5,830
1519,6,500
,,
1520,,7750
1520,1,1870
1520,2,1180
1520,3,1090
1520,4,870
1520,5,2040
1520,6,700
,,
1521,,1210
1521,1,330
1521,2,270
1521,3,210
1521,4,180
1521,5,190
1521,6,30
,,
1522,,1800
1522,1,500
1522,2,300
1522,3,250
1522,4,200
1522,5,430
1522,6,120
,,
1523,,3090
1523,1,820
1523,2,540
1523,3,450
1523,4,310
1523,5,670
1523,6,300
,,
1524,,3390
1524,1,1010
1524,2,780
1524,3,520
1524,4,370
1524,5,620
1524,6,90
,,
1527,,7000
1527,1,1970
1527,2,1600
1527,3,1100
1527,4,810
1527,5,1260
1527,6,260
,,
1529,,1590
1529,1,490
1529,2,330
1529,3,240
1529,4,180
1529,5,280
1529,6,70
,,
1531,,490
1531,1,130
1531,2,100
1531,3,80
1531,4,60
1531,5,120
1531,6,**
,,
1532,,7850
1532,1,2120
1532,2,1180
1532,3,850
1532,4,690
1532,5,1850
1532,6,1160
,,
1534,,3110
1534,1,900
1534,2,590
1534,3,400
1534,4,320
1534,5,680
1534,6,220
,,
1535,,2280
1535,1,680
1535,2,600
1535,3,380
1535,4,250
1535,5,320
1535,6,50
,,
1536,,3630
1536,1,890
1536,2,640
1536,3,480
1536,4,420
1536,5,810
1536,6,390
,,
1537,,1230
1537,1,340
1537,2,310
1537,3,230
1537,4,150
1537,5,200
1537,6,**
,,
1540,,5710
1540,1,1730
1540,2,1290
1540,3,930
1540,4,630
1540,5,980
1540,6,150
,,
1541,,1790
1541,1,440
1541,2,260
1541,3,220
1541,4,190
1541,5,450
1541,6,230
,,
1542,,1160
1542,1,370
1542,2,230
1542,3,190
1542,4,120
1542,5,220
1542,6,30
,,
1543,,4170
1543,1,1100
1543,2,800
1543,3,550
1543,4,460
1543,5,1050
1543,6,210
,,
1545,,17900
1545,1,4560
1545,2,2880
1545,3,2120
1545,4,1790
1545,5,4030
1545,6,2520
,,
1550,,8270
1550,1,3380
1550,2,2430
1550,3,1080
1550,4,640
1550,5,670
1550,6,70
,,
1560,,2200
1560,1,550
1560,2,490
1560,3,300
1560,4,230
1560,5,450
1560,6,180
,,
1562,,5800
1562,1,1850
1562,2,1420
1562,3,940
1562,4,620
1562,5,840
1562,6,130
,,
1564,,4120
1564,1,1080
1564,2,690
1564,3,550
1564,4,410
1564,5,990
1564,6,400
,,
1566,,3410
1566,1,950
1566,2,590
1566,3,460
1566,4,370
1566,5,740
1566,6,300
,,
1568,,3840
1568,1,1070
1568,2,530
1568,3,410
1568,4,330
1568,5,940
1568,6,560
,,
1569,,6910
1569,1,1920
1569,2,1430
1569,3,1020
1569,4,720
1569,5,1450
1569,6,370
,,
1570,,8750
1570,1,3130
1570,2,2400
1570,3,1310
1570,4,760
1570,5,960
1570,6,190
,,
1571,,5460
1571,1,1630
1571,2,1330
1571,3,820
1571,4,590
1571,5,960
1571,6,130
,,
1581,,9750
1581,1,2330
1581,2,1480
1581,3,1140
1581,4,980
1581,5,2240
1581,6,1580
,,
1583,,3770
1583,1,1010
1583,2,750
1583,3,600
1583,4,450
1583,5,740
1583,6,220
,,
1585,,2100
1585,1,630
1585,2,460
1585,3,370
1585,4,230
1585,5,340
1585,6,70
,,
1588,,5020
1588,1,1630
1588,2,1160
1588,3,730
1588,4,440
1588,5,840
1588,6,220
,,
1590,,4560
1590,1,1230
1590,2,700
1590,3,560
1590,4,400
1590,5,1140
1590,6,530
,,
1602,,11320
1602,1,3560
1602,2,2770
1602,3,1930
1602,4,1120
1602,5,1650
1602,6,290
,,
1603,,9480
1603,1,3960
1603,2,2880
1603,3,1260
1603,4,700
1603,5,630
1603,6,50
,,
1604,,17990
1604,1,6400
1604,2,5470
1604,3,2920
1604,4,1510
1604,5,1460
1604,6,230
,,
1605,,11970
1605,1,5080
1605,2,3420
1605,3,1560
1605,4,830
1605,5,900
1605,6,180
,,
1606,,10610
1606,1,3160
1606,2,2840
1606,3,1870
1606,4,1100
1606,5,1440
1606,6,200
,,
1607,,4190
1607,1,1590
1607,2,1380
1607,3,650
1607,4,290
1607,5,280
1607,6,**
,,
1608,,1630
1608,1,850
1608,2,480
1608,3,160
1608,4,40
1608,5,60
1608,6,40
,,
1609,,7440
1609,1,2860
1609,2,1810
1609,3,840
1609,4,500
1609,5,900
1609,6,530
,,
1610,,9010
1610,1,4720
1610,2,2900
1610,3,860
1610,4,310
1610,5,220
1610,6,**
,,
1611,,1180
1611,1,390
1611,2,320
1611,3,200
1611,4,120
1611,5,150
1611,6,**
,,
1612,,2310
1612,1,580
1612,2,400
1612,3,320
1612,4,260
1612,5,580
1612,6,170
,,
1701,,16810
1701,1,4300
1701,2,2900
1701,3,2290
1701,4,1740
1701,5,3960
1701,6,1620
,,
1702,,15960
1702,1,6210
1702,2,4040
1702,3,2150
1702,4,1270
1702,5,1730
1702,6,560
,,
1718,,320
1718,1,60
1718,2,40
1718,3,40
1718,4,40
1718,5,110
1718,6,30
,,
1719,,2640
1719,1,660
1719,2,390
1719,3,310
1719,4,200
1719,5,560
1719,6,520
,,
1720,,10480
1720,1,2540
1720,2,1160
1720,3,1010
1720,4,840
1720,5,2540
1720,6,2390
,,
1721,,8890
1721,1,2210
1721,2,1470
1721,3,1080
1721,4,930
1721,5,2130
1721,6,1070
,,
1730,,6900
1730,1,1590
1730,2,890
1730,3,720
1730,4,610
1730,5,1670
1730,6,1420
,,
1731,,800
1731,1,130
1731,2,250
1731,3,180
1731,4,110
1731,5,130
1731,6,**
,,
1740,,2510
1740,1,550
1740,2,270
1740,3,210
1740,4,200
1740,5,610
1740,6,670
,,
1741,,2510
1741,1,580
1741,2,220
1741,3,160
1741,4,150
1741,5,520
1741,6,880
,,
1742,,8710
1742,1,2000
1742,2,870
1742,3,730
1742,4,650
1742,5,1820
1742,6,2640
,,
1745,,260
1745,1,60
1745,2,50
1745,3,40
1745,4,40
1745,5,40
1745,6,30
,,
1746,,7060
1746,1,1770
1746,2,970
1746,3,790
1746,4,620
1746,5,1780
1746,6,1130
,,
1747,,3060
1747,1,860
1747,2,520
1747,3,420
1747,4,320
1747,5,690
1747,6,250
,,
1748,,7880
1748,1,1880
1748,2,850
1748,3,700
1748,4,570
1748,5,1780
1748,6,2100
,,
1749,,10330
1749,1,3060
1749,2,2160
1749,3,1470
1749,4,1060
1749,5,1980
1749,6,600
,,
1752,,20290
1752,1,6170
1752,2,4600
1752,3,2970
1752,4,2010
1752,5,3360
1752,6,1180
,,
1754,,5470
1754,1,1430
1754,2,1010
1754,3,760
1754,4,640
1754,5,1300
1754,6,330
,,
1756,,3110
1756,1,880
1756,2,480
1756,3,340
1756,4,280
1756,5,750
1756,6,380
,,
1757,,14270
1757,1,4490
1757,2,3040
1757,3,2080
1757,4,1440
1757,5,2550
1757,6,670
,,
1760,,17690
1760,1,4140
1760,2,2750
1760,3,2260
1760,4,1760
1760,5,4170
1760,6,2610
,,
1770,,2030
1770,1,490
1770,2,170
1770,3,140
1770,4,130
1770,5,360
1770,6,740
,,
1772,,4880
1772,1,1220
1772,2,510
1772,3,430
1772,4,370
1772,5,1040
1772,6,1310
,,
1773,,2880
1773,1,600
1773,2,290
1773,3,260
1773,4,220
1773,5,570
1773,6,940
,,
1775,,3420
1775,1,820
1775,2,380
1775,3,340
1775,4,280
1775,5,880
1775,6,720
,,
1776,,8180
1776,1,1970
1776,2,700
1776,3,510
1776,4,460
1776,5,1690
1776,6,2850
,,
1778,,6800
1778,1,1550
1778,2,600
1778,3,560
1778,4,480
1778,5,1520
1778,6,2090
,,
1801,,21590
1801,1,5850
1801,2,4700
1801,3,3530
1801,4,2430
1801,5,4080
1801,6,1000
,,
1803,,13270
1803,1,3330
1803,2,2140
1803,3,1830
1803,4,1410
1803,5,3290
1803,6,1270
,,
1810,,16250
1810,1,3710
1810,2,2040
1810,3,1610
1810,4,1300
1810,5,3710
1810,6,3880
,,
1821,,16570
1821,1,4560
1821,2,3210
1821,3,2420
1821,4,1870
1821,5,3720
1821,6,790
,,
1824,,13310
1824,1,3460
1824,2,2000
1824,3,1650
1824,4,1310
1824,5,3510
1824,6,1380
,,
1826,,16740
1826,1,4880
1826,2,3690
1826,3,2720
1826,4,1800
1826,5,3050
1826,6,600
,,
1827,,1630
1827,1,430
1827,2,220
1827,3,160
1827,4,150
1827,5,420
1827,6,250
,,
1830,,12600
1830,1,4300
1830,2,3310
1830,3,1860
1830,4,1150
1830,5,1690
1830,6,290
,,
1832,,12110
1832,1,4210
1832,2,3230
1832,3,1760
1832,4,1090
1832,5,1530
1832,6,290
,,
1833,,4190
1833,1,1120
1833,2,650
1833,3,490
1833,4,400
1833,5,1060
1833,6,470
,,
1834,,3390
1834,1,920
1834,2,630
1834,3,410
1834,4,360
1834,5,820
1834,6,250
,,
1835,,7550
1835,1,2170
1835,2,1740
1835,3,1250
1835,4,820
1835,5,1320
1835,6,250
,,
1840,,2350
1840,1,1340
1840,2,740
1840,3,190
1840,4,50
1840,5,30
1840,6,**
,,
1841,,23920
1841,1,12710
1841,2,8150
1841,3,2030
1841,4,620
1841,5,380
1841,6,30
,,
1843,,13260
1843,1,5940
1843,2,4240
1843,3,1640
1843,4,730
1843,5,660
1843,6,50
,,
1844,,26460
1844,1,8730
1844,2,6590
1844,3,3900
1844,4,2490
1844,5,4000
1844,6,750
,,
1845,,14470
1845,1,3800
1845,2,2290
1845,3,1810
1845,4,1310
1845,5,3030
1845,6,2230
,,
1850,,7560
1850,1,3150
1850,2,2300
1850,3,1050
1850,4,520
1850,5,510
1850,6,30
,,
1851,,15710
1851,1,5640
1851,2,5350
1851,3,2350
1851,4,1110
1851,5,1140
1851,6,120
,,
1852,,16990
1852,1,6110
1852,2,4920
1852,3,2570
1852,4,1380
1852,5,1690
1852,6,320
,,
1854,,11330
1854,1,4490
1854,2,3290
1854,3,1650
1854,4,850
1854,5,930
1854,6,120
,,
1860,,3460
1860,1,1110
1860,2,610
1860,3,460
1860,4,330
1860,5,710
1860,6,240
,,
1862,,5050
1862,1,1370
1862,2,980
1862,3,730
1862,4,570
1862,5,1160
1862,6,240
,,
1863,,4830
1863,1,1250
1863,2,950
1863,3,750
1863,4,560
1863,5,1060
1863,6,260
,,
1864,,7870
1864,1,2020
1864,2,1180
1864,3,950
1864,4,730
1864,5,1810
1864,6,1180
,,
1867,,12690
1867,1,3170
1867,2,1690
1867,3,1480
1867,4,1170
1867,5,3240
1867,6,1940
,,
1876,,16330
1876,1,4420
1876,2,2890
1876,3,2350
1876,4,1930
1876,5,3830
1876,6,910
,,
1879,,6260
1879,1,1750
1879,2,1100
1879,3,830
1879,4,620
1879,5,1450
1879,6,510
,,
1880,,14000
1880,1,3400
1880,2,2420
1880,3,2080
1880,4,1500
1880,5,3340
1880,6,1260
,,
1886,,11540
1886,1,2950
1886,2,1310
1886,3,1070
1886,4,960
1886,5,2910
1886,6,2340
,,
1887,,12140
1887,1,3280
1887,2,2040
1887,3,1530
1887,4,1290
1887,5,3030
1887,6,970
,,
1890,,10330
1890,1,2340
1890,2,1070
1890,3,900
1890,4,700
1890,5,2030
1890,6,3290
,,
1901,,900
1901,1,410
1901,2,280
1901,3,120
1901,4,50
1901,5,40
1901,6,**
,,
1902,,21780
1902,1,9400
1902,2,6930
1902,3,2920
1902,4,1280
1902,5,1120
1902,6,130
,,
1904,,10400
1904,1,3160
1904,2,2550
1904,3,1650
1904,4,1140
1904,5,1690
1904,6,210
,,
1905,,12660
1905,1,5080
1905,2,3880
1905,3,1820
1905,4,930
1905,5,870
1905,6,80
,,
1906,,14880
1906,1,4380
1906,2,3150
1906,3,2470
1906,4,1660
1906,5,2670
1906,6,550
,,
1907,,7500
1907,1,1860
1907,2,1100
1907,3,1030
1907,4,740
1907,5,1670
1907,6,1100
,,
1908,,1940
1908,1,460
1908,2,320
1908,3,280
1908,4,210
1908,5,440
1908,6,230
,,
1913,,8740
1913,1,2590
1913,2,1870
1913,3,1280
1913,4,880
1913,5,1640
1913,6,480
,,
1915,,20010
1915,1,5690
1915,2,4150
1915,3,2900
1915,4,2020
1915,5,3800
1915,6,1450
,,
1921,,3860
1921,1,970
1921,2,370
1921,3,310
1921,4,230
1921,5,950
1921,6,1030
,,
1922,,1630
1922,1,450
1922,2,240
1922,3,170
1922,4,150
1922,5,420
1922,6,200
,,
1923,,14640
1923,1,4020
1923,2,2860
1923,3,2220
1923,4,1530
1923,5,3070
1923,6,940
,,
1929,,1800
1929,1,500
1929,2,340
1929,3,200
1929,4,180
1929,5,370
1929,6,210
,,
1930,,15220
1930,1,5010
1930,2,3410
1930,3,2260
1930,4,1460
1930,5,2230
1930,6,850
,,
1938,,7390
1938,1,2050
1938,2,1320
1938,3,1020
1938,4,770
1938,5,1480
1938,6,750
,,
1940,,6570
1940,1,1570
1940,2,870
1940,3,690
1940,4,560
1940,5,1590
1940,6,1290
,,
1944,,2660
1944,1,650
1944,2,350
1944,3,290
1944,4,230
1944,5,480
1944,6,660
,,
1945,,10400
1945,1,2590
1945,2,1350
1945,3,1130
1945,4,850
1945,5,2200
1945,6,2280
,,
1949,,4400
1949,1,1170
1949,2,640
1949,3,530
1949,4,410
1949,5,1020
1949,6,630
,,
1950,,9430
1950,1,2470
1950,2,1450
1950,3,1230
1950,4,900
1950,5,2080
1950,6,1300
,,
1951,,1900
1951,1,480
1951,2,300
1951,3,240
1951,4,190
1951,5,430
1951,6,260
,,
1952,,4690
1952,1,1530
1952,2,1060
1952,3,690
1952,4,500
1952,5,750
1952,6,160
,,
1960,,28120
1960,1,8580
1960,2,6310
1960,3,4390
1960,4,2950
1960,5,4960
1960,6,930
,,
1966,,3840
1966,1,1160
1966,2,680
1966,3,520
1966,4,380
1966,5,790
1966,6,310
,,
1969,,3160
1969,1,830
1969,2,520
1969,3,410
1969,4,330
1969,5,750
1969,6,320
,,
1970,,22250
1970,1,7000
1970,2,5570
1970,3,3540
1970,4,2220
1970,5,3210
1970,6,710
,,
1982,,3470
1982,1,920
1982,2,480
1982,3,340
1982,4,310
1982,5,800
1982,6,620
,,
1983,,3140
1983,1,800
1983,2,360
1983,3,290
1983,4,280
1983,5,790
1983,6,620
,,
1984,,1830
1984,1,490
1984,2,210
1984,3,170
1984,4,150
1984,5,370
1984,6,440
,,
1985,,2230
1985,1,540
1985,2,280
1985,3,210
1985,4,190
1985,5,580
1985,6,430
,,
2019,,8730
2019,1,2400
2019,2,1860
2019,3,1360
2019,4,1000
2019,5,1720
2019,6,390
,,
2021,,11730
2021,1,2830
2021,2,1910
2021,3,1570
2021,4,1190
2021,5,2630
2021,6,1600
,,
2025,,3800
2025,1,900
2025,2,420
2025,3,330
2025,4,280
2025,5,750
2025,6,1120
,,
2026,,13140
2026,1,3460
2026,2,2330
2026,3,1880
2026,4,1430
2026,5,2860
2026,6,1180
,,
2030,,2790
2030,1,660
2030,2,230
2030,3,200
2030,4,150
2030,5,410
2030,6,1140
,,
2032,,2250
2032,1,560
2032,2,360
2032,3,280
2032,4,200
2032,5,520
2032,6,330
,,
2035,,9260
2035,1,2490
2035,2,1640
2035,3,1270
2035,4,900
2035,5,1990
2035,6,970
,,
2038,,15940
2038,1,4470
2038,2,2480
2038,3,1850
2038,4,1430
2038,5,3720
2038,6,1990
,,
2043,,11090
2043,1,2520
2043,2,1300
2043,3,1110
2043,4,910
2043,5,2190
2043,6,3060
,,
2045,,5650
2045,1,1630
2045,2,1110
2045,3,830
2045,4,650
2045,5,1050
2045,6,380
,,
2048,,12210
2048,1,3550
2048,2,2120
2048,3,1560
2048,4,1080
2048,5,2590
2048,6,1310
,,
2050,,12070
2050,1,3470
2050,2,1990
2050,3,1500
2050,4,1170
2050,5,2700
2050,6,1240
,,
2052,,5980
2052,1,1540
2052,2,700
2052,3,510
2052,4,400
2052,5,1260
2052,6,1570
,,
2053,,6530
2053,1,1870
2053,2,990
2053,3,730
2053,4,540
2053,5,1590
2053,6,810
,,
2054,,4320
2054,1,1170
2054,2,750
2054,3,570
2054,4,490
2054,5,1000
2054,6,340
,,
2056,,4820
2056,1,1180
2056,2,560
2056,3,490
2056,4,410
2056,5,1230
2056,6,950
,,
2061,,5350
2061,1,1390
2061,2,590
2061,3,520
2061,4,410
2061,5,1240
2061,6,1200
,,
2062,,15800
2062,1,4400
2062,2,3290
2062,3,2500
2062,4,1790
2062,5,3050
2062,6,770
,,
2066,,9190
2066,1,2420
2066,2,1270
2066,3,1020
2066,4,770
2066,5,2130
2066,6,1580
,,
2067,,8270
2067,1,1980
2067,2,860
2067,3,780
2067,4,710
2067,5,2100
2067,6,1840
,,
2071,,490
2071,1,140
2071,2,90
2071,3,40
2071,4,40
2071,5,120
2071,6,60
,,
2072,,14930
2072,1,4570
2072,2,3300
2072,3,2310
2072,4,1610
2072,5,2570
2072,6,570
,,
2081,,9830
2081,1,2540
2081,2,1490
2081,3,1180
2081,4,930
2081,5,2330
2081,6,1360
,,
2090,,7530
2090,1,1910
2090,2,820
2090,3,690
2090,4,550
2090,5,1650
2090,6,1910
,,
2093,,5690
2093,1,1540
2093,2,850
2093,3,680
2093,4,480
2093,5,1330
2093,6,810
,,
2108,,2650
2108,1,430
2108,2,310
2108,3,330
2108,4,250
2108,5,500
2108,6,830
,,
2109,,2710
2109,1,340
2109,2,350
2109,3,470
2109,4,320
2109,5,550
2109,6,680
,,
2110,,2280
2110,1,390
2110,2,210
2110,3,220
2110,4,180
2110,5,460
2110,6,820
,,
2111,,3620
2111,1,1180
2111,2,630
2111,3,410
2111,4,250
2111,5,520
2111,6,630
,,
2113,,4440
2113,1,620
2113,2,1030
2113,3,1220
2113,4,640
2113,5,700
2113,6,230
,,
2114,,7450
2114,1,1030
2114,2,1240
2114,3,1530
2114,4,1010
2114,5,1510
2114,6,1130
,,
2115,,7800
2115,1,2890
2115,2,1650
2115,3,1040
2115,4,630
2115,5,890
2115,6,700
,,
2116,,10860
2116,1,1770
2116,2,1560
2116,3,1520
2116,4,1180
2116,5,1980
2116,6,2850
,,
2118,,13860
2118,1,4210
2118,2,2550
2118,3,1750
2118,4,1180
2118,5,2060
2118,6,2110
,,
2119,,13590
2119,1,6120
2119,2,4380
2119,3,1720
2119,4,680
2119,5,590
2119,6,100
,,
2120,,5320
2120,1,2680
2120,2,1530
2120,3,570
2120,4,230
2120,5,250
2120,6,60
,,
2121,,12820
2121,1,6350
2121,2,4210
2121,3,1340
2121,4,540
2121,5,360
2121,6,20
,,
2122,,12460
2122,1,4840
2122,2,3530
2122,3,1830
2122,4,970
2122,5,1110
2122,6,180
,,
2124,,25410
2124,1,10280
2124,2,7470
2124,3,3700
2124,4,1710
2124,5,1880
2124,6,370
,,
2125,,17170
2125,1,6490
2125,2,5350
2125,3,2590
2125,4,1220
2125,5,1250
2125,6,270
,,
2126,,12220
2126,1,5100
2126,2,3950
2126,3,1720
2126,4,790
2126,5,580
2126,6,80
,,
2127,,21410
2127,1,3930
2127,2,4380
2127,3,4950
2127,4,2910
2127,5,3460
2127,6,1780
,,
2128,,20410
2128,1,7470
2128,2,6620
2128,3,3180
2128,4,1470
2128,5,1410
2128,6,260
,,
2129,,9990
2129,1,2140
2129,2,1620
2129,3,1490
2129,4,1100
2129,5,1950
2129,6,1690
,,
2130,,20260
2130,1,5260
2130,2,5220
2130,3,3290
2130,4,1830
2130,5,3040
2130,6,1620
,,
2131,,16310
2131,1,5000
2131,2,4230
2131,3,2540
2131,4,1610
2131,5,2360
2131,6,570
,,
2132,,14060
2132,1,3300
2132,2,2630
2132,3,2190
2132,4,1530
2132,5,3030
2132,6,1380
,,
2134,,10700
2134,1,3600
2134,2,3770
2134,3,1800
2134,4,710
2134,5,680
2134,6,140
,,
2135,,23160
2135,1,6340
2135,2,7310
2135,3,4750
2135,4,2150
2135,5,2090
2135,6,520
,,
2136,,18490
2136,1,6490
2136,2,5470
2136,3,2890
2136,4,1480
2136,5,1890
2136,6,270
,,
2138,,14990
2138,1,3320
2138,2,2960
2138,3,2240
2138,4,1470
2138,5,2600
2138,6,2400
,,
2139,,18690
2139,1,4610
2139,2,4760
2139,3,3110
2139,4,1840
2139,5,2690
2139,6,1680
,,
2140,,10590
2140,1,2480
2140,2,2330
2140,3,1680
2140,4,1080
2140,5,1900
2140,6,1120
,,
2141,,7130
2141,1,1550
2141,2,1870
2141,3,1310
2141,4,760
2141,5,1120
2141,6,520
,,
2142,,1690
2142,1,290
2142,2,320
2142,3,250
2142,4,170
2142,5,340
2142,6,320
,,
2143,,15340
2143,1,3420
2143,2,4530
2143,3,3040
2143,4,1550
2143,5,2040
2143,6,760
,,
2144,,14590
2144,1,2910
2144,2,3820
2144,3,3030
2144,4,1650
2144,5,2160
2144,6,1020
,,
2145,,14490
2145,1,4240
2145,2,4420
2145,3,2670
2145,4,1300
2145,5,1460
2145,6,400
,,
2148,,32220
2148,1,10870
2148,2,9040
2148,3,5360
2148,4,2980
2148,5,3460
2148,6,510
,,
2149,,22330
2149,1,8470
2149,2,6760
2149,3,3630
2149,4,1770
2149,5,1520
2149,6,180
,,
2150,,18100
2150,1,7220
2150,2,6170
2150,3,2620
2150,4,1080
2150,5,870
2150,6,140
,,
2151,,27450
2151,1,9610
2151,2,8000
2151,3,4590
2151,4,2530
2151,5,2390
2151,6,330
,,
2152,,9380
2152,1,2520
2152,2,2140
2152,3,1630
2152,4,1090
2152,5,1570
2152,6,430
,,
2155,,30970
2155,1,7950
2155,2,7300
2155,3,5420
2155,4,3360
2155,5,5360
2155,6,1580
,,
2163,,440
2163,1,70
2163,2,100
2163,3,80
2163,4,60
2163,5,80
2163,6,50
,,
2169,,30400
2169,1,8760
2169,2,7400
2169,3,5310
2169,4,3460
2169,5,4510
2169,6,960
,,
2170,,10700
2170,1,3530
2170,2,2770
2170,3,1760
2170,4,980
2170,5,1360
2170,6,300
,,
2171,,10260
2171,1,3000
2171,2,2430
2171,3,1670
2171,4,1120
2171,5,1540
2171,6,500
,,
2176,,14580
2176,1,3380
2176,2,2390
2176,3,2120
2176,4,1560
2176,5,3480
2176,6,1650
,,
2180,,12170
2180,1,3160
2180,2,2270
2180,3,1850
2180,4,1420
2180,5,2600
2180,6,870
,,
2184,,19340
2184,1,5270
2184,2,3690
2184,3,2820
2184,4,1990
2184,5,4210
2184,6,1360
,,
2186,,13090
2186,1,3130
2186,2,1900
2186,3,1510
2186,4,1150
2186,5,2940
2186,6,2460
,,
2188,,7660
2188,1,2120
2188,2,1630
2188,3,1270
2188,4,900
2188,5,1490
2188,6,250
,,
2189,,7800
2189,1,2380
2189,2,1770
2189,3,1290
2189,4,850
2189,5,1260
2189,6,250
,,
2190,,9410
2190,1,2390
2190,2,1910
2190,3,1570
2190,4,1090
2190,5,1960
2190,6,490
,,
2191,,4570
2191,1,1230
2191,2,940
2191,3,800
2191,4,620
2191,5,820
2191,6,160
,,
2199,,930
2199,1,130
2199,2,120
2199,3,110
2199,4,100
2199,5,200
2199,6,270
,,
2210,,2750
2210,1,280
2210,2,320
2210,3,390
2210,4,330
2210,5,680
2210,6,750
,,
2215,,6130
2215,1,1800
2215,2,1380
2215,3,1200
2215,4,600
2215,5,800
2215,6,350
,,
2301,,30710
2301,1,12680
2301,2,9400
2301,3,4220
2301,4,2090
2301,5,2080
2301,6,240
,,
2302,,17080
2302,1,6390
2302,2,4970
2302,3,2710
2302,4,1550
2302,5,1380
2302,6,80
,,
2322,,2420
2322,1,720
2322,2,560
2322,3,380
2322,4,270
2322,5,420
2322,6,70
,,
2324,,12010
2324,1,3420
2324,2,2370
2324,3,1800
2324,4,1220
2324,5,2530
2324,6,670
,,
2330,,5580
2330,1,1700
2330,2,1250
2330,3,840
2330,4,620
2330,5,1000
2330,6,170
,,
2332,,7000
2332,1,1930
2332,2,740
2332,3,630
2332,4,500
2332,5,1580
2332,6,1620
,,
2333,,7380
2333,1,2190
2333,2,1470
2333,3,1090
2333,4,840
2333,5,1500
2333,6,290
,,
2338,,4070
2338,1,1190
2338,2,810
2338,3,630
2338,4,490
2338,5,810
2338,6,140
,,
2339,,7140
2339,1,2010
2339,2,950
2339,3,760
2339,4,650
2339,5,1790
2339,6,980
,,
2341,,5290
2341,1,1540
2341,2,1020
2341,3,720
2341,4,580
2341,5,1200
2341,6,230
,,
2343,,5810
2343,1,1750
2343,2,1360
2343,3,980
2343,4,680
2343,5,910
2343,6,130
,,
2346,,12180
2346,1,3750
2346,2,2730
2346,3,1890
2346,4,1370
2346,5,2110
2346,6,330
,,
2347,,5750
2347,1,1670
2347,2,980
2347,3,770
2347,4,620
2347,5,1320
2347,6,390
,,
2351,,8760
2351,1,2450
2351,2,1860
2351,3,1370
2351,4,990
2351,5,1740
2351,6,350
,,
2356,,6300
2356,1,1750
2356,2,900
2356,3,770
2356,4,570
2356,5,1410
2356,6,900
,,
2359,,9050
2359,1,2540
2359,2,1610
2359,3,1210
2359,4,950
2359,5,2090
2359,6,650
,,
2360,,28840
2360,1,8250
2360,2,5570
2360,3,4180
2360,4,3160
2360,5,5980
2360,6,1700
,,
2364,,6700
2364,1,1970
2364,2,1160
2364,3,890
2364,4,690
2364,5,1480
2364,6,510
,,
2367,,1490
2367,1,410
2367,2,270
2367,3,230
2367,4,160
2367,5,330
2367,6,90
,,
2368,,17790
2368,1,5830
2368,2,4680
2368,3,2920
2368,4,1870
2368,5,2190
2368,6,300
,,
2370,,9410
2370,1,2960
2370,2,2170
2370,3,1520
2370,4,1040
2370,5,1520
2370,6,200
,,
2375,,5330
2375,1,1390
2375,2,1020
2375,3,840
2375,4,570
2375,5,1110
2375,6,400
,,
2379,,3750
2379,1,1050
2379,2,770
2379,3,590
2379,4,400
2379,5,770
2379,6,170
,,
2382,,7620
2382,1,2250
2382,2,1650
2382,3,1240
2382,4,930
2382,5,1380
2382,6,170
,,
2420,,6890
2420,1,1550
2420,2,620
2420,3,580
2420,4,420
2420,5,1480
2420,6,2240
,,
2421,,8060
2421,1,1720
2421,2,760
2421,3,580
2421,4,500
2421,5,1760
2421,6,2740
,,
2445,,9860
2445,1,2210
2445,2,1760
2445,3,1290
2445,4,760
2445,5,1630
2445,6,2210
,,
2446,,14080
2446,1,2890
2446,2,2610
2446,3,2220
2446,4,1350
2446,5,2570
2446,6,2440
,,
2451,,9440
2451,1,2270
2451,2,1920
2451,3,1590
2451,4,1070
2451,5,1930
2451,6,660
,,
2452,,6420
2452,1,1630
2452,2,1290
2452,3,1040
2452,4,670
2452,5,1220
2452,6,570
,,
2453,,14580
2453,1,4080
2453,2,3570
2453,3,2550
2453,4,1550
2453,5,2190
2453,6,640
,,
2458,,6390
2458,1,1510
2458,2,1060
2458,3,930
2458,4,600
2458,5,1150
2458,6,1140
,,
2459,,8580
2459,1,1940
2459,2,900
2459,3,680
2459,4,570
2459,5,1670
2459,6,2820
,,
2460,,4700
2460,1,1050
2460,2,730
2460,3,620
2460,4,440
2460,5,910
2460,6,950
,,
2461,,3490
2461,1,830
2461,2,410
2461,3,330
2461,4,280
2461,5,700
2461,6,940
,,
2462,,690
2462,1,180
2462,2,90
2462,3,70
2462,4,70
2462,5,130
2462,6,150
,,
2464,,1570
2464,1,350
2464,2,300
2464,3,220
2464,4,140
2464,5,360
2464,6,200
,,
2465,,5800
2465,1,1330
2465,2,760
2465,3,590
2465,4,480
2465,5,1170
2465,6,1470
,,
2466,,3410
2466,1,760
2466,2,460
2466,3,400
2466,4,350
2466,5,700
2466,6,740
,,
2467,,7640
2467,1,1640
2467,2,980
2467,3,860
2467,4,690
2467,5,1370
2467,6,2100
,,
2468,,2640
2468,1,580
2468,2,200
2468,3,160
2468,4,120
2468,5,410
2468,6,1170
,,
2472,,19050
2472,1,4540
2472,2,4010
2472,3,3250
2472,4,2230
2472,5,3690
2472,6,1330
,,
2474,,14390
2474,1,2980
2474,2,2430
2474,3,2140
2474,4,1600
2474,5,3360
2474,6,1880
,,
2476,,8710
2476,1,1850
2476,2,1210
2476,3,1120
2476,4,880
2476,5,2110
2476,6,1540
,,
2478,,12390
2478,1,2750
2478,2,1640
2478,3,1410
2478,4,1130
2478,5,2660
2478,6,2800
,,
2481,,6900
2481,1,1730
2481,2,580
2481,3,420
2481,4,320
2481,5,970
2481,6,2880
,,
2482,,4890
2482,1,1140
2482,2,440
2482,3,380
2482,4,330
2482,5,900
2482,6,1700
,,
2492,,9600
2492,1,2180
2492,2,900
2492,3,750
2492,4,600
2492,5,1840
2492,6,3330
,,
2493,,5130
2493,1,1220
2493,2,460
2493,3,330
2493,4,250
2493,5,700
2493,6,2170
,,
2494,,4750
2494,1,1130
2494,2,540
2494,3,480
2494,4,390
2494,5,1010
2494,6,1200
,,
2532,,6020
2532,1,1920
2532,2,1310
2532,3,980
2532,4,660
2532,5,910
2532,6,240
,,
2535,,640
2535,1,190
2535,2,120
2535,3,100
2535,4,50
2535,5,100
2535,6,80
,,
2536,,10630
2536,1,3430
2536,2,2410
2536,3,1630
2536,4,1070
2536,5,1630
2536,6,460
,,
2537,,3110
2537,1,880
2537,2,500
2537,3,390
2537,4,340
2537,5,660
2537,6,340
,,
2538,,2380
2538,1,930
2538,2,650
2538,3,350
2538,4,230
2538,5,200
2538,6,20
,,
2539,,3020
2539,1,1090
2539,2,650
2539,3,410
2539,4,260
2539,5,400
2539,6,210
,,
2540,,3960
2540,1,1240
2540,2,760
2540,3,540
2540,4,320
2540,5,690
2540,6,410
,,
2542,,190
2542,1,40
2542,2,70
2542,3,50
2542,4,30
2542,5,**
2542,6,0
,,
2543,,500
2543,1,130
2543,2,120
2543,3,80
2543,4,40
2543,5,90
2543,6,40
,,
2554,,6280
2554,1,2060
2554,2,1420
2554,3,930
2554,4,520
2554,5,810
2554,6,540
,,
2556,,1940
2556,1,530
2556,2,320
2556,3,260
2556,4,180
2556,5,440
2556,6,210
,,
2559,,1770
2559,1,510
2559,2,360
2559,3,280
2559,4,210
2559,5,320
2559,6,90
,,
2562,,1790
2562,1,540
2562,2,340
2562,3,240
2562,4,180
2562,5,380
2562,6,110
,,
2563,,5600
2563,1,1680
2563,2,1040
2563,3,750
2563,4,580
2563,5,1180
2563,6,370
,,
2568,,4350
2568,1,1710
2568,2,950
2568,3,590
2568,4,360
2568,5,510
2568,6,230
,,
2571,,5470
2571,1,1870
2571,2,1360
2571,3,870
2571,4,560
2571,5,690
2571,6,120
,,
2576,,2160
2576,1,720
2576,2,520
2576,3,340
2576,4,220
2576,5,320
2576,6,40
,,
2601,,7950
2601,1,3570
2601,2,2280
2601,3,1080
2601,4,470
2601,5,450
2601,6,100
,,
2630,,1110
2630,1,290
2630,2,190
2630,3,150
2630,4,100
2630,5,240
2630,6,140
,,
2631,,5320
2631,1,1580
2631,2,1150
2631,3,770
2631,4,590
2631,5,920
2631,6,310
,,
2632,,5880
2632,1,1830
2632,2,1220
2632,3,910
2632,4,650
2632,5,990
2632,6,280
,,
2633,,2270
2633,1,710
2633,2,390
2633,3,310
2633,4,220
2633,5,410
2633,6,230
,,
2635,,2010
2635,1,550
2635,2,360
2635,3,300
2635,4,230
2635,5,370
2635,6,200
,,
2638,,1730
2638,1,500
2638,2,340
2638,3,270
2638,4,190
2638,5,310
2638,6,120
,,
2639,,1810
2639,1,710
2639,2,510
2639,3,270
2639,4,150
2639,5,140
2639,6,30
,,
2642,,2190
2642,1,680
2642,2,460
2642,3,350
2642,4,240
2642,5,360
2642,6,100
,,
2644,,2220
2644,1,680
2644,2,430
2644,3,330
2644,4,250
2644,5,440
2644,6,90
,,
2645,,5480
2645,1,1710
2645,2,1170
2645,3,860
2645,4,600
2645,5,920
2645,6,220
,,
2646,,1180
2646,1,360
2646,2,240
2646,3,160
2646,4,120
2646,5,200
2646,6,100
,,
2648,,4150
2648,1,1290
2648,2,840
2648,3,620
2648,4,480
2648,5,700
2648,6,220
,,
2649,,8100
2649,1,2450
2649,2,1700
2649,3,1250
2649,4,920
2649,5,1370
2649,6,410
,,
2650,,580
2650,1,180
2650,2,110
2650,3,80
2650,4,50
2650,5,90
2650,6,70
,,
2653,,2990
2653,1,990
2653,2,630
2653,3,440
2653,4,270
2653,5,470
2653,6,190
,,
2655,,2010
2655,1,570
2655,2,380
2655,3,300
2655,4,180
2655,5,310
2655,6,270
,,
2657,,2530
2657,1,1000
2657,2,650
2657,3,340
2657,4,160
2657,5,220
2657,6,160
,,
2659,,650
2659,1,210
2659,2,150
2659,3,100
2659,4,60
2659,5,100
2659,6,30
,,
2660,,3460
2660,1,1110
2660,2,860
2660,3,540
2660,4,350
2660,5,480
2660,6,120
,,
2664,,5320
2664,1,1850
2664,2,1330
2664,3,870
2664,4,480
2664,5,660
2664,6,130
,,
2667,,1600
2667,1,580
2667,2,340
2667,3,230
2667,4,130
2667,5,240
2667,6,80
,,
2668,,1820
2668,1,550
2668,2,300
2668,3,250
2668,4,170
2668,5,390
2668,6,160
,,
2670,,870
2670,1,280
2670,2,220
2670,3,130
2670,4,80
2670,5,110
2670,6,50
,,
2671,,690
2671,1,220
2671,2,160
2671,3,110
2671,4,70
2671,5,100
2671,6,30
,,
2673,,4640
2673,1,1610
2673,2,1280
2673,3,760
2673,4,450
2673,5,450
2673,6,90
,,
2675,,3710
2675,1,1040
2675,2,700
2675,3,610
2675,4,450
2675,5,680
2675,6,230
,,
2702,,2190
2702,1,570
2702,2,390
2702,3,330
2702,4,290
2702,5,510
2702,6,100
,,
2703,,22680
2703,1,7090
2703,2,5390
2703,3,3410
2703,4,2300
2703,5,3740
2703,6,750
,,
2715,,1780
2715,1,490
2715,2,330
2715,3,270
2715,4,200
2715,5,420
2715,6,70
,,
2717,,2570
2717,1,720
2717,2,510
2717,3,390
2717,4,290
2717,5,560
2717,6,100
,,
2718,,3590
2718,1,1090
2718,2,770
2718,3,590
2718,4,450
2718,5,630
2718,6,60
,,
2719,,8250
2719,1,2650
2719,2,1950
2719,3,1340
2719,4,940
2719,5,1150
2719,6,220
,,
2720,,14220
2720,1,5200
2720,2,4150
2720,3,2210
2720,4,1230
2720,5,1260
2720,6,170
,,
2721,,11480
2721,1,5120
2721,2,3470
2721,3,1520
2721,4,720
2721,5,610
2721,6,40
,,
2723,,6590
2723,1,3060
2723,2,1980
2723,3,880
2723,4,370
2723,5,300
2723,6,**
,,
2724,,7490
2724,1,3350
2724,2,2300
2724,3,960
2724,4,510
2724,5,350
2724,6,20
,,
2725,,1320
2725,1,410
2725,2,300
2725,3,250
2725,4,150
2725,5,180
2725,6,30
,,
2726,,8060
2726,1,2350
2726,2,1740
2726,3,1330
2726,4,960
2726,5,1460
2726,6,220
,,
2738,,2690
2738,1,770
2738,2,450
2738,3,340
2738,4,260
2738,5,550
2738,6,320
,,
2739,,3530
2739,1,940
2739,2,600
2739,3,480
2739,4,360
2739,5,760
2739,6,390
,,
2740,,19130
2740,1,8400
2740,2,5670
2740,3,2520
2740,4,1270
2740,5,1130
2740,6,140
,,
2743,,5350
2743,1,1650
2743,2,1190
2743,3,820
2743,4,620
2743,5,920
2743,6,150
,,
2744,,5200
2744,1,2510
2744,2,1540
2744,3,610
2744,4,280
2744,5,230
2744,6,30
,,
2745,,12290
2745,1,4300
2745,2,3580
2745,3,1940
2745,4,1140
2745,5,1250
2745,6,80
,,
2746,,6420
2746,1,3290
2746,2,2030
2746,3,630
2746,4,290
2746,5,180
2746,6,**
,,
2747,,9380
2747,1,2880
2747,2,1860
2747,3,1380
2747,4,1050
2747,5,1810
2747,6,400
,,
2748,,5950
2748,1,1730
2748,2,1150
2748,3,890
2748,4,640
2748,5,1010
2748,6,530
,,
2760,,13920
2760,1,4100
2760,2,2810
2760,3,1930
2760,4,1340
2760,5,2740
2760,6,1000
,,
2762,,4830
2762,1,1390
2762,2,940
2762,3,740
2762,4,490
2762,5,970
2762,6,300
,,
2763,,1070
2763,1,310
2763,2,160
2763,3,130
2763,4,100
2763,5,250
2763,6,120
,,
2764,,2140
2764,1,620
2764,2,410
2764,3,310
2764,4,260
2764,5,460
2764,6,80
,,
2766,,9350
2766,1,2730
2766,2,1780
2766,3,1260
2766,4,1010
2766,5,2020
2766,6,550
,,
2767,,7400
2767,1,2130
2767,2,1410
2767,3,1100
2767,4,790
2767,5,1540
2767,6,430
,,
2769,,6270
2769,1,1790
2769,2,1120
2769,3,820
2769,4,670
2769,5,1360
2769,6,510
,,
2770,,2840
2770,1,840
2770,2,440
2770,3,360
2770,4,310
2770,5,680
2770,6,210
,,
2771,,7650
2771,1,2190
2771,2,1360
2771,3,1150
2771,4,910
2771,5,1640
2771,6,400
,,
2777,,8570
2777,1,2580
2777,2,1790
2777,3,1360
2777,4,980
2777,5,1580
2777,6,280
,,
2779,,3380
2779,1,980
2779,2,610
2779,3,450
2779,4,410
2779,5,750
2779,6,180
,,
2780,,25300
2780,1,8910
2780,2,6970
2780,3,3860
2780,4,2350
2780,5,2830
2780,6,380
,,
2790,,8440
2790,1,2540
2790,2,1660
2790,3,1300
2790,4,950
2790,5,1580
2790,6,410
