48001,,6030
48001,1,2270
48001,2,1340
48001,3,930
48001,4,600
48001,5,760
48001,6,130
,,
48002,,1560
48002,1,540
48002,2,320
48002,3,200
48002,4,190
48002,5,290
48002,6,20
,,
48003,,3150
48003,1,1070
48003,2,600
48003,3,470
48003,4,390
48003,5,560
48003,6,60
,,
48005,,2750
48005,1,890
48005,2,550
48005,3,400
48005,4,340
48005,5,500
48005,6,70
,,
48006,,1830
48006,1,640
48006,2,350
48006,3,320
48006,4,240
48006,5,250
48006,6,30
,,
48009,,10540
48009,1,2260
48009,2,1140
48009,3,1100
48009,4,900
48009,5,2080
48009,6,3060
,,
48014,,2050
48014,1,790
48014,2,520
48014,3,310
48014,4,210
48014,5,220
48014,6,**
,,
48015,,4090
48015,1,1880
48015,2,1210
48015,3,540
48015,4,210
48015,5,250
48015,6,**
,,
48017,,6580
48017,1,1900
48017,2,1610
48017,3,1260
48017,4,840
48017,5,900
48017,6,70
,,
48021,,16350
48021,1,7860
48021,2,4640
48021,3,2060
48021,4,1020
48021,5,740
48021,6,30
,,
48022,,1240
48022,1,410
48022,2,260
48022,3,220
48022,4,160
48022,5,190
48022,6,**
,,
48023,,2300
48023,1,890
48023,2,490
48023,3,310
48023,4,240
48023,5,300
48023,6,70
,,
48025,,7530
48025,1,1820
48025,2,780
48025,3,690
48025,4,630
48025,5,1840
48025,6,1770
,,
48026,,7640
48026,1,2930
48026,2,1850
48026,3,1130
48026,4,730
48026,5,890
48026,6,110
,,
48027,,1520
48027,1,550
48027,2,320
48027,3,240
48027,4,190
48027,5,200
48027,6,20
,,
48028,,570
48028,1,180
48028,2,120
48028,3,80
48028,4,60
48028,5,90
48028,6,40
,,
48030,,7770
48030,1,3910
48030,2,2280
48030,3,940
48030,4,390
48030,5,250
48030,6,**
,,
48032,,1040
48032,1,360
48032,2,240
48032,3,150
48032,4,130
48032,5,160
48032,6,**
,,
48033,,8690
48033,1,3380
48033,2,2320
48033,3,1340
48033,4,660
48033,5,770
48033,6,220
,,
48034,,7090
48034,1,2700
48034,2,2010
48034,3,1030
48034,4,580
48034,5,600
48034,6,170
,,
48035,,17600
48035,1,7430
48035,2,4800
48035,3,2400
48035,4,1460
48035,5,1400
48035,6,110
,,
48036,,11370
48036,1,4770
48036,2,2730
48036,3,1460
48036,4,940
48036,5,1210
48036,6,260
,,
48038,,23340
48038,1,8160
48038,2,5700
48038,3,3410
48038,4,2430
48038,5,3130
48038,6,510
,,
48039,,3760
48039,1,1560
48039,2,890
48039,3,510
48039,4,360
48039,5,380
48039,6,60
,,
48040,,5100
48040,1,1820
48040,2,1100
48040,3,790
48040,4,570
48040,5,750
48040,6,70
,,
48041,,2130
48041,1,740
48041,2,460
48041,3,340
48041,4,260
48041,5,310
48041,6,20
,,
48042,,15480
48042,1,4420
48042,2,2460
48042,3,1990
48042,4,1930
48042,5,4030
48042,6,650
,,
48043,,7220
48043,1,3390
48043,2,1940
48043,3,900
48043,4,490
48043,5,440
48043,6,60
,,
48044,,27200
48044,1,8640
48044,2,4650
48044,3,3340
48044,4,3000
48044,5,6430
48044,6,1140
,,
48045,,13300
48045,1,4530
48045,2,3060
48045,3,1870
48045,4,1310
48045,5,1940
48045,6,590
,,
48047,,19890
48047,1,6510
48047,2,3760
48047,3,2840
48047,4,2350
48047,5,3860
48047,6,570
,,
48048,,3540
48048,1,1380
48048,2,910
48048,3,570
48048,4,330
48048,5,320
48048,6,30
,,
48049,,2760
48049,1,970
48049,2,590
48049,3,420
48049,4,350
48049,5,390
48049,6,40
,,
48050,,850
48050,1,250
48050,2,160
48050,3,150
48050,4,100
48050,5,160
48050,6,30
,,
48051,,8660
48051,1,3160
48051,2,1780
48051,3,1300
48051,4,920
48051,5,1360
48051,6,140
,,
48054,,3620
48054,1,1240
48054,2,650
48054,3,490
48054,4,460
48054,5,660
48054,6,120
,,
48059,,7480
48059,1,2920
48059,2,1670
48059,3,1010
48059,4,740
48059,5,900
48059,6,240
,,
48060,,17780
48060,1,9050
48060,2,4310
48060,3,2030
48060,4,1090
48060,5,1120
48060,6,180
,,
48062,,4750
48062,1,1680
48062,2,1010
48062,3,690
48062,4,570
48062,5,710
48062,6,90
,,
48063,,1900
48063,1,610
48063,2,390
48063,3,300
48063,4,240
48063,5,320
48063,6,40
,,
48064,,2030
48064,1,780
48064,2,440
48064,3,270
48064,4,190
48064,5,300
48064,6,50
,,
48065,,5500
48065,1,1810
48065,2,1020
48065,3,640
48065,4,580
48065,5,1100
48065,6,350
,,
48066,,24030
48066,1,10880
48066,2,7140
48066,3,3340
48066,4,1590
48066,5,1020
48066,6,60
,,
48067,,13880
48067,1,3100
48067,2,2710
48067,3,2650
48067,4,1820
48067,5,2710
48067,6,890
,,
48069,,1400
48069,1,300
48069,2,170
48069,3,170
48069,4,170
48069,5,380
48069,6,210
,,
48070,,3160
48070,1,710
48070,2,280
48070,3,290
48070,4,310
48070,5,920
48070,6,650
,,
48071,,15140
48071,1,6160
48071,2,4240
48071,3,2300
48071,4,1280
48071,5,1060
48071,6,100
,,
48072,,8270
48072,1,2140
48072,2,1660
48072,3,1500
48072,4,1100
48072,5,1630
48072,6,240
,,
48073,,18880
48073,1,5050
48073,2,4140
48073,3,3310
48073,4,2270
48073,5,3310
48073,6,800
,,
48074,,4540
48074,1,1800
48074,2,1060
48074,3,740
48074,4,430
48074,5,470
48074,6,40
,,
48075,,11030
48075,1,4340
48075,2,2860
48075,3,1720
48075,4,930
48075,5,1000
48075,6,180
,,
48076,,13800
48076,1,4710
48076,2,3180
48076,3,2210
48076,4,1480
48076,5,1920
48076,6,300
,,
48079,,6360
48079,1,2110
48079,2,1280
48079,3,880
48079,4,730
48079,5,1120
48079,6,240
,,
48080,,12830
48080,1,4680
48080,2,3270
48080,3,2150
48080,4,1290
48080,5,1280
48080,6,160
,,
48081,,11360
48081,1,3850
48081,2,2670
48081,3,1880
48081,4,1270
48081,5,1460
48081,6,230
,,
48082,,9210
48082,1,3320
48082,2,2340
48082,3,1570
48082,4,980
48082,5,900
48082,6,100
,,
48083,,11160
48083,1,3690
48083,2,2090
48083,3,1630
48083,4,1250
48083,5,2020
48083,6,480
,,
48084,,7840
48084,1,1850
48084,2,1230
48084,3,1140
48084,4,1010
48084,5,1800
48084,6,810
,,
48085,,12350
48085,1,3390
48085,2,1710
48085,3,1420
48085,4,1390
48085,5,3380
48085,6,1060
,,
48088,,12280
48088,1,4480
48088,2,3110
48088,3,2040
48088,4,1340
48088,5,1220
48088,6,90
,,
48089,,14100
48089,1,7280
48089,2,3990
48089,3,1630
48089,4,720
48089,5,450
48089,6,30
,,
48091,,14370
48091,1,7330
48091,2,4030
48091,3,1640
48091,4,780
48091,5,550
48091,6,40
,,
48092,,13910
48092,1,5540
48092,2,3550
48092,3,2060
48092,4,1320
48092,5,1310
48092,6,130
,,
48093,,12720
48093,1,5050
48093,2,3180
48093,3,1890
48093,4,1250
48093,5,1230
48093,6,120
,,
48094,,9870
48094,1,2980
48094,2,1750
48094,3,1220
48094,4,1000
48094,5,2120
48094,6,800
,,
48095,,2660
48095,1,740
48095,2,380
48095,3,300
48095,4,290
48095,5,700
48095,6,250
,,
48096,,1900
48096,1,570
48096,2,370
48096,3,260
48096,4,250
48096,5,370
48096,6,80
,,
48097,,2370
48097,1,950
48097,2,590
48097,3,370
48097,4,230
48097,5,210
48097,6,20
,,
48098,,9860
48098,1,2440
48098,2,1150
48098,3,920
48098,4,900
48098,5,2620
48098,6,1830
,,
48101,,15240
48101,1,5060
48101,2,3570
48101,3,2570
48101,4,1790
48101,5,2050
48101,6,200
,,
48103,,27680
48103,1,7360
48103,2,4870
48103,3,3660
48103,4,2850
48103,5,5750
48103,6,3190
,,
48104,,13530
48104,1,4360
48104,2,2650
48104,3,1670
48104,4,1100
48104,5,1980
48104,6,1770
,,
48105,,14550
48105,1,3890
48105,2,2550
48105,3,1840
48105,4,1370
48105,5,2930
48105,6,1970
,,
48108,,12980
48108,1,4180
48108,2,2930
48108,3,1680
48108,4,1080
48108,5,1940
48108,6,1170
,,
48109,,240
48109,1,170
48109,2,40
48109,3,30
48109,4,**
48109,5,**
48109,6,**
,,
48111,,21410
48111,1,7540
48111,2,5530
48111,3,3240
48111,4,2070
48111,5,2660
48111,6,370
,,
48114,,10570
48114,1,3240
48114,2,1550
48114,3,1230
48114,4,1110
48114,5,2470
48114,6,970
,,
48116,,14390
48116,1,4270
48116,2,2490
48116,3,1800
48116,4,1530
48116,5,3050
48116,6,1250
,,
48117,,4940
48117,1,1710
48117,2,1000
48117,3,730
48117,4,510
48117,5,850
48117,6,140
,,
48118,,6730
48118,1,1840
48118,2,1130
48118,3,1000
48118,4,790
48118,5,1530
48118,6,440
,,
48120,,3230
48120,1,1560
48120,2,710
48120,3,360
48120,4,230
48120,5,280
48120,6,90
,,
48122,,5050
48122,1,2550
48122,2,1410
48122,3,620
48122,4,280
48122,5,190
48122,6,**
,,
48124,,17180
48124,1,5720
48124,2,3780
48124,3,2680
48124,4,1910
48124,5,2470
48124,6,620
,,
48125,,10300
48125,1,4760
48125,2,2790
48125,3,1420
48125,4,760
48125,5,530
48125,6,40
,,
48126,,19210
48126,1,11820
48126,2,3660
48126,3,1640
48126,4,900
48126,5,930
48126,6,260
,,
48127,,17860
48127,1,8360
48127,2,3960
48127,3,2240
48127,4,1330
48127,5,1560
48127,6,410
,,
48128,,5430
48128,1,1820
48128,2,990
48128,3,830
48128,4,640
48128,5,960
48128,6,190
,,
48130,,7660
48130,1,1960
48130,2,1070
48130,3,900
48130,4,840
48130,5,2050
48130,6,840
,,
48131,,3530
48131,1,1180
48131,2,730
48131,3,520
48131,4,440
48131,5,580
48131,6,80
,,
48133,,2620
48133,1,930
48133,2,630
48133,3,420
48133,4,260
48133,5,340
48133,6,40
,,
48134,,11080
48134,1,3730
48134,2,2220
48134,3,1520
48134,4,1150
48134,5,2150
48134,6,310
,,
48135,,14570
48135,1,5780
48135,2,3990
48135,3,2280
48135,4,1330
48135,5,1120
48135,6,70
,,
48137,,2370
48137,1,730
48137,2,490
48137,3,370
48137,4,290
48137,5,400
48137,6,90
,,
48138,,5610
48138,1,1490
48138,2,720
48138,3,630
48138,4,540
48138,5,1500
48138,6,730
,,
48140,,1560
48140,1,490
48140,2,300
48140,3,230
48140,4,200
48140,5,300
48140,6,40
,,
48141,,10730
48141,1,6470
48141,2,2730
48141,3,910
48141,4,360
48141,5,260
48141,6,**
,,
48144,,5210
48144,1,1580
48144,2,960
48144,3,780
48144,4,610
48144,5,1040
48144,6,240
,,
48145,,1760
48145,1,580
48145,2,360
48145,3,270
48145,4,210
48145,5,290
48145,6,50
,,
48146,,18730
48146,1,8640
48146,2,5250
48146,3,2600
48146,4,1300
48146,5,900
48146,6,40
,,
48150,,14640
48150,1,4520
48150,2,3290
48150,3,2580
48150,4,1910
48150,5,2140
48150,6,200
,,
48152,,16830
48152,1,5280
48152,2,3380
48152,3,2460
48152,4,1840
48152,5,3170
48152,6,700
,,
48154,,20400
48154,1,6190
48154,2,3750
48154,3,3070
48154,4,2580
48154,5,4250
48154,6,560
,,
48157,,620
48157,1,220
48157,2,150
48157,3,100
48157,4,70
48157,5,80
48157,6,**
,,
48158,,3850
48158,1,1190
48158,2,810
48158,3,570
48158,4,450
48158,5,680
48158,6,150
,,
48159,,1230
48159,1,380
48159,2,280
48159,3,200
48159,4,170
48159,5,200
48159,6,**
,,
48160,,6210
48160,1,1960
48160,2,1370
48160,3,1030
48160,4,710
48160,5,980
48160,6,160
,,
48161,,12100
48161,1,5090
48161,2,2790
48161,3,1550
48161,4,1050
48161,5,1360
48161,6,260
,,
48162,,13860
48162,1,5220
48162,2,3250
48162,3,2010
48162,4,1360
48162,5,1760
48162,6,260
,,
48164,,4610
48164,1,1400
48164,2,850
48164,3,660
48164,4,530
48164,5,990
48164,6,180
,,
48165,,3950
48165,1,1080
48165,2,700
48165,3,560
48165,4,450
48165,5,990
48165,6,170
,,
48166,,5780
48166,1,2070
48166,2,1390
48166,3,800
48166,4,600
48166,5,830
48166,6,90
,,
48167,,12700
48167,1,3410
48167,2,2150
48167,3,1650
48167,4,1320
48167,5,2540
48167,6,1630
,,
48168,,11050
48168,1,2570
48168,2,1070
48168,3,960
48168,4,920
48168,5,2880
48168,6,2650
,,
48169,,10510
48169,1,3110
48169,2,1930
48169,3,1550
48169,4,1330
48169,5,2100
48169,6,490
,,
48170,,21730
48170,1,5850
48170,2,3510
48170,3,2830
48170,4,2260
48170,5,4920
48170,6,2360
,,
48173,,6470
48173,1,2100
48173,2,1310
48173,3,940
48173,4,750
48173,5,1190
48173,6,180
,,
48174,,15120
48174,1,6500
48174,2,3890
48174,3,2090
48174,4,1230
48174,5,1300
48174,6,110
,,
48176,,11260
48176,1,3190
48176,2,1740
48176,3,1320
48176,4,1090
48176,5,2740
48176,6,1180
,,
48178,,17030
48178,1,4960
48178,2,2640
48178,3,1940
48178,4,1640
48178,5,4230
48178,6,1620
,,
48179,,1710
48179,1,570
48179,2,370
48179,3,250
48179,4,210
48179,5,270
48179,6,40
,,
48180,,30620
48180,1,13760
48180,2,8420
48180,3,4110
48180,4,2220
48180,5,1970
48180,6,140
,,
48182,,10430
48182,1,3270
48182,2,2040
48182,3,1670
48182,4,1300
48182,5,1870
48182,6,280
,,
48183,,21900
48183,1,7500
48183,2,4700
48183,3,3230
48183,4,2470
48183,5,3580
48183,6,420
,,
48184,,8430
48184,1,3770
48184,2,2390
48184,3,1140
48184,4,590
48184,5,510
48184,6,30
,,
48185,,26010
48185,1,10480
48185,2,7410
48185,3,3850
48185,4,2090
48185,5,2020
48185,6,160
,,
48186,,17300
48186,1,7190
48186,2,4860
48186,3,2580
48186,4,1390
48186,5,1220
48186,6,60
,,
48187,,24930
48187,1,7590
48187,2,4420
48187,3,3290
48187,4,2780
48187,5,5350
48187,6,1500
,,
48188,,20610
48188,1,5670
48188,2,3470
48188,3,2660
48188,4,2380
48188,5,4980
48188,6,1450
,,
48189,,6860
48189,1,2150
48189,2,1590
48189,3,980
48189,4,760
48189,5,1120
48189,6,260
,,
48191,,1740
48191,1,560
48191,2,400
48191,3,300
48191,4,220
48191,5,230
48191,6,30
,,
48192,,13010
48192,1,4980
48192,2,3260
48192,3,2060
48192,4,1230
48192,5,1340
48192,6,140
,,
48193,,7890
48193,1,2920
48193,2,1900
48193,3,1090
48193,4,790
48193,5,1040
48193,6,150
,,
48195,,15890
48195,1,6080
48195,2,3980
48195,3,2520
48195,4,1610
48195,5,1570
48195,6,130
,,
48197,,29150
48197,1,11330
48197,2,6650
48197,3,3760
48197,4,2780
48197,5,4040
48197,6,590
,,
48198,,18800
48198,1,8620
48198,2,5160
48198,3,2260
48198,4,1230
48198,5,1250
48198,6,280
,,
48201,,4440
48201,1,2680
48201,2,910
48201,3,370
48201,4,170
48201,5,230
48201,6,80
,,
48202,,5580
48202,1,3150
48202,2,1290
48202,3,590
48202,4,270
48202,5,230
48202,6,50
,,
48203,,8070
48203,1,5300
48203,2,1760
48203,3,510
48203,4,200
48203,5,200
48203,6,100
,,
48204,,8030
48204,1,5390
48204,2,1810
48204,3,540
48204,4,170
48204,5,120
48204,6,**
,,
48205,,12840
48205,1,8800
48205,2,2830
48205,3,750
48205,4,280
48205,5,180
48205,6,**
,,
48206,,5650
48206,1,3740
48206,2,1150
48206,3,410
48206,4,170
48206,5,160
48206,6,20
,,
48207,,7890
48207,1,3930
48207,2,1910
48207,3,1020
48207,4,420
48207,5,500
48207,6,110
,,
48208,,2920
48208,1,1820
48208,2,720
48208,3,200
48208,4,90
48208,5,90
48208,6,**
,,
48209,,8890
48209,1,5190
48209,2,2680
48209,3,750
48209,4,190
48209,5,80
48209,6,**
,,
48210,,7980
48210,1,5020
48210,2,2260
48210,3,520
48210,4,120
48210,5,60
48210,6,**
,,
48211,,1730
48211,1,1260
48211,2,340
48211,3,80
48211,4,30
48211,5,20
48211,6,**
,,
48212,,13340
48212,1,9300
48212,2,2990
48212,3,660
48212,4,230
48212,5,140
48212,6,20
,,
48213,,7410
48213,1,5140
48213,2,1610
48213,3,430
48213,4,150
48213,5,80
48213,6,**
,,
48214,,6810
48214,1,3920
48214,2,1540
48214,3,590
48214,4,280
48214,5,340
48214,6,140
,,
48215,,4010
48215,1,2540
48215,2,820
48215,3,330
48215,4,140
48215,5,140
48215,6,40
,,
48216,,1890
48216,1,980
48216,2,500
48216,3,220
48216,4,110
48216,5,80
48216,6,**
,,
48217,,2370
48217,1,1400
48217,2,640
48217,3,200
48217,4,80
48217,5,50
48217,6,**
,,
48218,,2960
48218,1,1820
48218,2,720
48218,3,250
48218,4,100
48218,5,70
48218,6,**
,,
48219,,18470
48219,1,10910
48219,2,4450
48219,3,1690
48219,4,740
48219,5,620
48219,6,60
,,
48220,,12280
48220,1,3860
48220,2,3480
48220,3,2290
48220,4,1270
48220,5,1210
48220,6,170
,,
48221,,15510
48221,1,8140
48221,2,3690
48221,3,1740
48221,4,830
48221,5,940
48221,6,170
,,
48223,,9210
48223,1,5160
48223,2,2190
48223,3,910
48223,4,460
48223,5,450
48223,6,40
,,
48224,,15070
48224,1,9460
48224,2,3440
48224,3,1200
48224,4,510
48224,5,430
48224,6,30
,,
48225,,7320
48225,1,3410
48225,2,1970
48225,3,1020
48225,4,490
48225,5,410
48225,6,20
,,
48226,,2460
48226,1,610
48226,2,520
48226,3,470
48226,4,270
48226,5,390
48226,6,200
,,
48227,,15300
48227,1,9910
48227,2,3560
48227,3,1090
48227,4,420
48227,5,320
48227,6,**
,,
48228,,18430
48228,1,12600
48228,2,4010
48228,3,1130
48228,4,400
48228,5,260
48228,6,30
,,
48229,,3530
48229,1,2190
48229,2,840
48229,3,310
48229,4,110
48229,5,80
48229,6,**
,,
48230,,8640
48230,1,2390
48230,2,1250
48230,3,870
48230,4,730
48230,5,1880
48230,6,1520
,,
48234,,12230
48234,1,8030
48234,2,2890
48234,3,800
48234,4,300
48234,5,210
48234,6,**
,,
48235,,18440
48235,1,10810
48235,2,4670
48235,3,1730
48235,4,720
48235,5,480
48235,6,30
,,
48236,,15880
48236,1,4180
48236,2,2060
48236,3,1970
48236,4,1590
48236,5,3650
48236,6,2430
,,
48237,,14800
48237,1,6210
48237,2,4220
48237,3,2180
48237,4,1110
48237,5,940
48237,6,140
,,
48238,,9120
48238,1,6240
48238,2,2000
48238,3,550
48238,4,210
48238,5,120
48238,6,**
,,
48239,,18460
48239,1,7710
48239,2,5120
48239,3,2780
48239,4,1480
48239,5,1300
48239,6,70
,,
48240,,8850
48240,1,3890
48240,2,2710
48240,3,1230
48240,4,590
48240,5,410
48240,6,20
,,
48301,,7170
48301,1,1770
48301,2,650
48301,3,590
48301,4,570
48301,5,1540
48301,6,2050
,,
48302,,8200
48302,1,1960
48302,2,910
48302,3,740
48302,4,610
48302,5,1580
48302,6,2400
,,
48304,,8590
48304,1,2050
48304,2,1010
48304,3,830
48304,4,770
48304,5,1860
48304,6,2070
,,
48306,,13240
48306,1,3490
48306,2,1300
48306,3,1090
48306,4,1100
48306,5,3590
48306,6,2670
,,
48307,,21200
48307,1,6350
48307,2,3730
48307,3,2980
48307,4,2500
48307,5,4120
48307,6,1520
,,
48309,,13960
48309,1,3750
48309,2,2040
48309,3,1720
48309,4,1570
48309,5,3460
48309,6,1420
,,
48310,,21080
48310,1,9390
48310,2,5170
48310,3,2550
48310,4,1660
48310,5,2090
48310,6,220
,,
48312,,17630
48312,1,6560
48312,2,4170
48312,3,2630
48312,4,1840
48312,5,2190
48312,6,240
,,
48313,,17310
48313,1,6070
48313,2,3820
48313,3,2570
48313,4,2020
48313,5,2550
48313,6,280
,,
48314,,10870
48314,1,4030
48314,2,2320
48314,3,1500
48314,4,1050
48314,5,1590
48314,6,380
,,
48315,,14080
48315,1,4900
48315,2,2440
48315,3,1670
48315,4,1270
48315,5,2770
48315,6,1030
,,
48316,,14120
48316,1,4380
48316,2,2430
48316,3,1810
48316,4,1560
48316,5,3020
48316,6,920
,,
48317,,14120
48317,1,5020
48317,2,3600
48317,3,2230
48317,4,1390
48317,5,1630
48317,6,250
,,
48320,,2340
48320,1,840
48320,2,510
48320,3,340
48320,4,190
48320,5,340
48320,6,120
,,
48322,,15850
48322,1,4750
48322,2,2490
48322,3,2080
48322,4,1570
48322,5,3160
48322,6,1800
,,
48323,,9060
48323,1,2470
48323,2,1190
48323,3,960
48323,4,770
48323,5,1970
48323,6,1700
,,
48324,,8730
48324,1,2540
48324,2,1280
48324,3,970
48324,4,860
48324,5,1880
48324,6,1200
,,
48326,,11210
48326,1,3480
48326,2,2590
48326,3,2070
48326,4,1220
48326,5,1390
48326,6,460
,,
48327,,11740
48327,1,4280
48327,2,2970
48327,3,1800
48327,4,1210
48327,5,1300
48327,6,180
,,
48328,,12630
48328,1,4850
48328,2,3400
48328,3,1800
48328,4,1090
48328,5,1190
48328,6,300
,,
48329,,13180
48329,1,4250
48329,2,2970
48329,3,2140
48329,4,1480
48329,5,1940
48329,6,400
,,
48331,,11750
48331,1,3040
48331,2,1610
48331,3,1390
48331,4,1160
48331,5,2920
48331,6,1630
,,
48334,,9290
48334,1,2880
48334,2,1650
48334,3,1350
48334,4,1060
48334,5,1750
48334,6,600
,,
48335,,12080
48335,1,3030
48335,2,2230
48335,3,2030
48335,4,1860
48335,5,2260
48335,6,670
,,
48336,,13580
48336,1,4720
48336,2,3000
48336,3,2010
48336,4,1490
48336,5,2040
48336,6,320
,,
48340,,10180
48340,1,5900
48340,2,2820
48340,3,830
48340,4,350
48340,5,280
48340,6,**
,,
48341,,6620
48341,1,3530
48341,2,1800
48341,3,650
48341,4,330
48341,5,280
48341,6,30
,,
48342,,7170
48342,1,4720
48342,2,1740
48342,3,450
48342,4,160
48342,5,100
48342,6,**
,,
48346,,11980
48346,1,4080
48346,2,2530
48346,3,1590
48346,4,1190
48346,5,2020
48346,6,570
,,
48348,,12020
48348,1,3640
48348,2,1620
48348,3,1180
48348,4,1040
48348,5,2900
48348,6,1640
,,
48350,,3650
48350,1,1130
48350,2,630
48350,3,430
48350,4,410
48350,5,820
48350,6,230
,,
48353,,3270
48353,1,1120
48353,2,620
48353,3,420
48353,4,380
48353,5,590
48353,6,140
,,
48356,,4300
48356,1,1420
48356,2,820
48356,3,590
48356,4,480
48356,5,800
48356,6,190
,,
48357,,4080
48357,1,1400
48357,2,730
48357,3,490
48357,4,370
48357,5,810
48357,6,280
,,
48359,,4320
48359,1,1360
48359,2,750
48359,3,530
48359,4,440
48359,5,960
48359,6,280
,,
48360,,5910
48360,1,1740
48360,2,880
48360,3,680
48360,4,640
48360,5,1490
48360,6,480
,,
48362,,7630
48362,1,2400
48362,2,1390
48362,3,990
48362,4,780
48362,5,1470
48362,6,600
,,
48363,,3030
48363,1,850
48363,2,380
48363,3,290
48363,4,230
48363,5,660
48363,6,620
,,
48367,,2150
48367,1,710
48367,2,330
48367,3,240
48367,4,260
48367,5,470
48367,6,140
,,
48370,,860
48370,1,240
48370,2,120
48370,3,90
48370,4,90
48370,5,230
48370,6,90
,,
48371,,11590
48371,1,3650
48371,2,2010
48371,3,1430
48371,4,1260
48371,5,2590
48371,6,650
,,
48374,,7440
48374,1,2020
48374,2,780
48374,3,510
48374,4,520
48374,5,1940
48374,6,1670
,,
48375,,11000
48375,1,2930
48375,2,1770
48375,3,1520
48375,4,1260
48375,5,2620
48375,6,900
,,
48377,,8740
48377,1,2350
48377,2,1910
48377,3,1290
48377,4,940
48377,5,1590
48377,6,660
,,
48380,,3770
48380,1,1100
48380,2,560
48380,3,430
48380,4,390
48380,5,810
48380,6,480
,,
48381,,7040
48381,1,2160
48381,2,1220
48381,3,880
48381,4,690
48381,5,1500
48381,6,590
,,
48382,,11450
48382,1,3120
48382,2,1730
48382,3,1290
48382,4,1210
48382,5,2860
48382,6,1240
,,
48383,,6240
48383,1,2180
48383,2,1180
48383,3,740
48383,4,620
48383,5,1220
48383,6,300
,,
48386,,9100
48386,1,2940
48386,2,1700
48386,3,1250
48386,4,990
48386,5,1800
48386,6,420
,,
48390,,12630
48390,1,4030
48390,2,2570
48390,3,1900
48390,4,1390
48390,5,2170
48390,6,570
,,
48393,,8960
48393,1,3240
48393,2,2400
48393,3,1070
48393,4,670
48393,5,1270
48393,6,310
,,
48401,,670
48401,1,290
48401,2,170
48401,3,110
48401,4,50
48401,5,50
48401,6,**
,,
48412,,2840
48412,1,1010
48412,2,680
48412,3,450
48412,4,300
48412,5,350
48412,6,50
,,
48413,,3630
48413,1,1580
48413,2,920
48413,3,480
48413,4,310
48413,5,270
48413,6,70
,,
48414,,1100
48414,1,410
48414,2,260
48414,3,190
48414,4,120
48414,5,120
48414,6,**
,,
48415,,4640
48415,1,1850
48415,2,1140
48415,3,660
48415,4,440
48415,5,500
48415,6,50
,,
48416,,2160
48416,1,880
48416,2,530
48416,3,330
48416,4,220
48416,5,180
48416,6,20
,,
48417,,1340
48417,1,600
48417,2,300
48417,3,190
48417,4,120
48417,5,130
48417,6,**
,,
48418,,2040
48418,1,690
48418,2,490
48418,3,330
48418,4,210
48418,5,280
48418,6,40
,,
48419,,1090
48419,1,480
48419,2,260
48419,3,180
48419,4,90
48419,5,80
48419,6,**
,,
48420,,10570
48420,1,4430
48420,2,2540
48420,3,1500
48420,4,980
48420,5,1010
48420,6,110
,,
48421,,3190
48421,1,1200
48421,2,790
48421,3,480
48421,4,340
48421,5,340
48421,6,40
,,
48422,,2780
48422,1,1200
48422,2,660
48422,3,420
48422,4,250
48422,5,230
48422,6,20
,,
48423,,16600
48423,1,6480
48423,2,3910
48423,3,2310
48423,4,1590
48423,5,2010
48423,6,300
,,
48426,,390
48426,1,160
48426,2,120
48426,3,50
48426,4,30
48426,5,30
48426,6,**
,,
48427,,1240
48427,1,590
48427,2,320
48427,3,170
48427,4,70
48427,5,90
48427,6,**
,,
48428,,2490
48428,1,770
48428,2,530
48428,3,350
48428,4,300
48428,5,450
48428,6,90
,,
48429,,4210
48429,1,1740
48429,2,1080
48429,3,590
48429,4,380
48429,5,370
48429,6,50
,,
48430,,19330
48430,1,6420
48430,2,3790
48430,3,2650
48430,4,2000
48430,5,3410
48430,6,1060
,,
48432,,310
48432,1,120
48432,2,80
48432,3,60
48432,4,20
48432,5,30
48432,6,**
,,
48433,,13090
48433,1,4680
48433,2,2850
48433,3,2020
48433,4,1420
48433,5,1790
48433,6,330
,,
48435,,940
48435,1,370
48435,2,270
48435,3,150
48435,4,80
48435,5,70
48435,6,**
,,
48436,,1860
48436,1,580
48436,2,440
48436,3,290
48436,4,230
48436,5,290
48436,6,30
,,
48438,,3450
48438,1,1070
48438,2,580
48438,3,480
48438,4,400
48438,5,770
48438,6,150
,,
48439,,24890
48439,1,8100
48439,2,5090
48439,3,3570
48439,4,2640
48439,5,4300
48439,6,1190
,,
48441,,1940
48441,1,840
48441,2,470
48441,3,270
48441,4,170
48441,5,160
48441,6,30
,,
48442,,9690
48442,1,3270
48442,2,2140
48442,3,1440
48442,4,1120
48442,5,1460
48442,6,260
,,
48444,,4530
48444,1,1790
48444,2,1130
48444,3,660
48444,4,430
48444,5,470
48444,6,50
,,
48445,,650
48445,1,280
48445,2,190
48445,3,100
48445,4,40
48445,5,40
48445,6,**
,,
48446,,14260
48446,1,5630
48446,2,3360
48446,3,2120
48446,4,1380
48446,5,1550
48446,6,220
,,
48449,,1360
48449,1,570
48449,2,350
48449,3,200
48449,4,120
48449,5,120
48449,6,**
,,
48450,,2220
48450,1,960
48450,2,480
48450,3,310
48450,4,210
48450,5,210
48450,6,50
,,
48451,,7570
48451,1,2530
48451,2,1360
48451,3,1090
48451,4,850
48451,5,1430
48451,6,310
,,
48453,,2120
48453,1,950
48453,2,540
48453,3,300
48453,4,160
48453,5,140
48453,6,30
,,
48454,,620
48454,1,240
48454,2,140
48454,3,110
48454,4,70
48454,5,60
48454,6,**
,,
48455,,4000
48455,1,1270
48455,2,720
48455,3,500
48455,4,490
48455,5,760
48455,6,260
,,
48456,,400
48456,1,170
48456,2,110
48456,3,60
48456,4,30
48456,5,30
48456,6,**
,,
48457,,3790
48457,1,1680
48457,2,910
48457,3,540
48457,4,330
48457,5,310
48457,6,20
,,
48458,,8610
48458,1,4810
48458,2,2200
48458,3,840
48458,4,410
48458,5,330
48458,6,20
,,
48460,,1110
48460,1,380
48460,2,250
48460,3,180
48460,4,130
48460,5,170
48460,6,**
,,
48461,,3720
48461,1,1470
48461,2,900
48461,3,560
48461,4,360
48461,5,380
48461,6,50
,,
48462,,6650
48462,1,2050
48462,2,1160
48462,3,890
48462,4,790
48462,5,1490
48462,6,270
,,
48463,,2160
48463,1,800
48463,2,550
48463,3,330
48463,4,230
48463,5,250
48463,6,**
,,
48464,,970
48464,1,380
48464,2,230
48464,3,160
48464,4,90
48464,5,110
48464,6,**
,,
48465,,280
48465,1,130
48465,2,70
48465,3,40
48465,4,20
48465,5,20
48465,6,**
,,
48466,,710
48466,1,290
48466,2,190
48466,3,120
48466,4,60
48466,5,50
48466,6,**
,,
48467,,1150
48467,1,460
48467,2,260
48467,3,190
48467,4,90
48467,5,110
48467,6,40
,,
48468,,600
48468,1,260
48468,2,150
48468,3,90
48468,4,50
48468,5,50
48468,6,**
,,
48469,,620
48469,1,240
48469,2,140
48469,3,90
48469,4,50
48469,5,80
48469,6,20
,,
48470,,340
48470,1,130
48470,2,90
48470,3,60
48470,4,30
48470,5,30
48470,6,**
,,
48471,,2500
48471,1,1130
48471,2,640
48471,3,320
48471,4,200
48471,5,170
48471,6,40
,,
48472,,760
48472,1,310
48472,2,220
48472,3,100
48472,4,70
48472,5,60
48472,6,**
,,
48473,,11290
48473,1,4020
48473,2,2640
48473,3,1760
48473,4,1240
48473,5,1470
48473,6,160
,,
48475,,1370
48475,1,540
48475,2,350
48475,3,220
48475,4,120
48475,5,110
48475,6,30
,,
48502,,470
48502,1,290
48502,2,70
48502,3,50
48502,4,**
48502,5,30
48502,6,30
,,
48503,,8800
48503,1,5240
48503,2,1920
48503,3,780
48503,4,380
48503,5,400
48503,6,80
,,
48504,,10190
48504,1,6550
48504,2,2340
48504,3,720
48504,4,330
48504,5,250
48504,6,**
,,
48505,,7090
48505,1,5170
48505,2,1380
48505,3,330
48505,4,130
48505,5,80
48505,6,**
,,
48506,,10610
48506,1,5820
48506,2,2640
48506,3,1100
48506,4,590
48506,5,430
48506,6,30
,,
48507,,12840
48507,1,6910
48507,2,3080
48507,3,1430
48507,4,730
48507,5,620
48507,6,70
,,
48509,,4760
48509,1,1960
48509,2,1270
48509,3,700
48509,4,400
48509,5,390
48509,6,40
,,
48519,,3880
48519,1,1720
48519,2,1050
48519,3,560
48519,4,290
48519,5,260
48519,6,**
,,
48529,,4020
48529,1,2390
48529,2,1000
48529,3,370
48529,4,160
48529,5,100
48529,6,**
,,
48532,,9110
48532,1,4350
48532,2,2250
48532,3,1050
48532,4,630
48532,5,680
48532,6,150
,,
48601,,14140
48601,1,8850
48601,2,3300
48601,3,1070
48601,4,490
48601,5,390
48601,6,40
,,
48602,,11810
48602,1,6700
48602,2,2930
48602,3,1190
48602,4,530
48602,5,390
48602,6,70
,,
48603,,13540
48603,1,5260
48603,2,3050
48603,3,1890
48603,4,1200
48603,5,1640
48603,6,500
,,
48604,,4770
48604,1,2270
48604,2,1190
48604,3,590
48604,4,390
48604,5,300
48604,6,30
,,
48607,,540
48607,1,370
48607,2,110
48607,3,30
48607,4,30
48607,5,**
48607,6,**
,,
48609,,6220
48609,1,2290
48609,2,1390
48609,3,890
48609,4,630
48609,5,800
48609,6,220
,,
48610,,1400
48610,1,660
48610,2,350
48610,3,200
48610,4,90
48610,5,100
48610,6,**
,,
48611,,3300
48611,1,1160
48611,2,700
48611,3,500
48611,4,390
48611,5,470
48611,6,80
,,
48612,,4010
48612,1,1680
48612,2,1010
48612,3,600
48612,4,340
48612,5,320
48612,6,60
,,
48613,,500
48613,1,220
48613,2,120
48613,3,70
48613,4,40
48613,5,50
48613,6,**
,,
48614,,590
48614,1,270
48614,2,150
48614,3,90
48614,4,40
48614,5,40
48614,6,**
,,
48615,,1330
48615,1,520
48615,2,350
48615,3,220
48615,4,130
48615,5,110
48615,6,**
,,
48616,,3510
48616,1,1390
48616,2,860
48616,3,540
48616,4,330
48616,5,350
48616,6,40
,,
48617,,3800
48617,1,1630
48617,2,960
48617,3,510
48617,4,320
48617,5,320
48617,6,60
,,
48618,,2420
48618,1,970
48618,2,640
48618,3,360
48618,4,240
48618,5,180
48618,6,30
,,
48619,,210
48619,1,90
48619,2,60
48619,3,30
48619,4,30
48619,5,**
48619,6,**
,,
48621,,580
48621,1,250
48621,2,180
48621,3,90
48621,4,30
48621,5,30
48621,6,**
,,
48622,,2890
48622,1,1250
48622,2,690
48622,3,440
48622,4,250
48622,5,210
48622,6,50
,,
48623,,6350
48623,1,2040
48623,2,1210
48623,3,900
48623,4,740
48623,5,1200
48623,6,260
,,
48624,,6660
48624,1,2890
48624,2,1620
48624,3,960
48624,4,570
48624,5,540
48624,6,80
,,
48625,,5060
48625,1,2550
48625,2,1280
48625,3,640
48625,4,320
48625,5,240
48625,6,30
,,
48626,,3040
48626,1,1120
48626,2,670
48626,3,460
48626,4,300
48626,5,420
48626,6,70
,,
48628,,930
48628,1,360
48628,2,210
48628,3,130
48628,4,90
48628,5,110
48628,6,30
,,
48629,,3380
48629,1,1630
48629,2,850
48629,3,420
48629,4,210
48629,5,220
48629,6,50
,,
48631,,2250
48631,1,850
48631,2,510
48631,3,330
48631,4,230
48631,5,280
48631,6,50
,,
48632,,2040
48632,1,980
48632,2,530
48632,3,270
48632,4,130
48632,5,130
48632,6,**
,,
48634,,2180
48634,1,760
48634,2,540
48634,3,380
48634,4,210
48634,5,240
48634,6,50
,,
48635,,670
48635,1,310
48635,2,160
48635,3,110
48635,4,50
48635,5,40
48635,6,**
,,
48636,,380
48636,1,170
48636,2,120
48636,3,40
48636,4,50
48636,5,**
48636,6,**
,,
48637,,1600
48637,1,610
48637,2,400
48637,3,240
48637,4,170
48637,5,180
48637,6,**
,,
48638,,6470
48638,1,2540
48638,2,1510
48638,3,970
48638,4,630
48638,5,690
48638,6,130
,,
48640,,15000
48640,1,5720
48640,2,2800
48640,3,2010
48640,4,1420
48640,5,2200
48640,6,850
,,
48642,,15640
48642,1,5400
48642,2,3010
48642,3,2040
48642,4,1500
48642,5,2560
48642,6,1130
,,
48647,,1740
48647,1,880
48647,2,420
48647,3,210
48647,4,100
48647,5,130
48647,6,**
,,
48649,,840
48649,1,360
48649,2,200
48649,3,140
48649,4,70
48649,5,70
48649,6,**
,,
48650,,3370
48650,1,1400
48650,2,810
48650,3,490
48650,4,340
48650,5,300
48650,6,30
,,
48651,,2130
48651,1,1060
48651,2,520
48651,3,250
48651,4,140
48651,5,160
48651,6,**
,,
48652,,770
48652,1,320
48652,2,190
48652,3,110
48652,4,70
48652,5,80
48652,6,**
,,
48653,,4460
48653,1,1880
48653,2,1110
48653,3,630
48653,4,370
48653,5,400
48653,6,70
,,
48654,,1010
48654,1,500
48654,2,240
48654,3,150
48654,4,60
48654,5,60
48654,6,**
,,
48655,,2950
48655,1,1150
48655,2,690
48655,3,480
48655,4,300
48655,5,300
48655,6,30
,,
48656,,1680
48656,1,870
48656,2,430
48656,3,190
48656,4,100
48656,5,90
48656,6,**
,,
48657,,3890
48657,1,1520
48657,2,840
48657,3,540
48657,4,360
48657,5,480
48657,6,150
,,
48658,,2330
48658,1,1150
48658,2,510
48658,3,300
48658,4,180
48658,5,160
48658,6,30
,,
48659,,1260
48659,1,570
48659,2,310
48659,3,190
48659,4,110
48659,5,80
48659,6,**
,,
48661,,4920
48661,1,2180
48661,2,1200
48661,3,680
48661,4,420
48661,5,370
48661,6,70
,,
48662,,660
48662,1,260
48662,2,180
48662,3,80
48662,4,60
48662,5,80
48662,6,**
,,
48701,,580
48701,1,220
48701,2,170
48701,3,100
48701,4,40
48701,5,50
48701,6,**
,,
48703,,1450
48703,1,600
48703,2,360
48703,3,200
48703,4,130
48703,5,130
48703,6,30
,,
48705,,220
48705,1,110
48705,2,50
48705,3,30
48705,4,30
48705,5,**
48705,6,**
,,
48706,,20190
48706,1,8560
48706,2,4680
48706,3,2790
48706,4,1760
48706,5,1990
48706,6,410
,,
48708,,12680
48708,1,6340
48708,2,3040
48708,3,1540
48708,4,850
48708,5,750
48708,6,160
,,
48720,,480
48720,1,210
48720,2,120
48720,3,60
48720,4,40
48720,5,50
48720,6,**
,,
48721,,190
48721,1,70
48721,2,50
48721,3,30
48721,4,20
48721,5,20
48721,6,**
,,
48722,,1600
48722,1,630
48722,2,450
48722,3,270
48722,4,150
48722,5,100
48722,6,**
,,
48723,,5260
48723,1,2250
48723,2,1350
48723,3,740
48723,4,470
48723,5,390
48723,6,60
,,
48725,,1120
48725,1,490
48725,2,270
48725,3,150
48725,4,90
48725,5,100
48725,6,20
,,
48726,,2670
48726,1,1110
48726,2,710
48726,3,380
48726,4,230
48726,5,210
48726,6,30
,,
48727,,530
48727,1,230
48727,2,150
48727,3,70
48727,4,50
48727,5,30
48727,6,**
,,
48728,,150
48728,1,80
48728,2,30
48728,3,20
48728,4,20
48728,5,**
48728,6,**
,,
48729,,650
48729,1,290
48729,2,180
48729,3,90
48729,4,50
48729,5,40
48729,6,**
,,
48730,,2140
48730,1,910
48730,2,530
48730,3,310
48730,4,190
48730,5,160
48730,6,40
,,
48731,,800
48731,1,330
48731,2,250
48731,3,110
48731,4,60
48731,5,50
48731,6,**
,,
48732,,5420
48732,1,2300
48732,2,1180
48732,3,700
48732,4,490
48732,5,630
48732,6,120
,,
48733,,830
48733,1,340
48733,2,230
48733,3,120
48733,4,70
48733,5,70
48733,6,**
,,
48734,,3910
48734,1,1340
48734,2,700
48734,3,490
48734,4,430
48734,5,700
48734,6,250
,,
48735,,400
48735,1,160
48735,2,110
48735,3,70
48735,4,30
48735,5,30
48735,6,**
,,
48737,,520
48737,1,260
48737,2,150
48737,3,50
48737,4,40
48737,5,20
48737,6,**
,,
48738,,560
48738,1,230
48738,2,140
48738,3,80
48738,4,60
48738,5,50
48738,6,**
,,
48739,,1700
48739,1,840
48739,2,410
48739,3,200
48739,4,130
48739,5,120
48739,6,**
,,
48740,,1080
48740,1,500
48740,2,240
48740,3,160
48740,4,90
48740,5,90
48740,6,**
,,
48741,,870
48741,1,370
48741,2,220
48741,3,130
48741,4,80
48741,5,70
48741,6,**
,,
48742,,800
48742,1,350
48742,2,180
48742,3,120
48742,4,80
48742,5,70
48742,6,**
,,
48744,,2010
48744,1,810
48744,2,560
48744,3,300
48744,4,180
48744,5,160
48744,6,**
,,
48745,,550
48745,1,230
48745,2,160
48745,3,80
48745,4,40
48745,5,40
48745,6,**
,,
48746,,3940
48746,1,1630
48746,2,920
48746,3,610
48746,4,400
48746,5,350
48746,6,30
,,
48747,,730
48747,1,250
48747,2,150
48747,3,130
48747,4,90
48747,5,110
48747,6,**
,,
48748,,800
48748,1,360
48748,2,210
48748,3,110
48748,4,60
48748,5,60
48748,6,**
,,
48749,,500
48749,1,230
48749,2,130
48749,3,70
48749,4,40
48749,5,30
48749,6,**
,,
48750,,4240
48750,1,1930
48750,2,1120
48750,3,590
48750,4,320
48750,5,250
48750,6,30
,,
48754,,470
48754,1,190
48754,2,130
48754,3,70
48754,4,40
48754,5,40
48754,6,**
,,
48755,,1600
48755,1,600
48755,2,370
48755,3,240
48755,4,150
48755,5,180
48755,6,60
,,
48756,,1550
48756,1,930
48756,2,360
48756,3,140
48756,4,80
48756,5,40
48756,6,**
,,
48757,,1800
48757,1,660
48757,2,440
48757,3,290
48757,4,210
48757,5,180
48757,6,20
,,
48759,,1620
48759,1,650
48759,2,410
48759,3,270
48759,4,150
48759,5,120
48759,6,20
,,
48760,,540
48760,1,240
48760,2,120
48760,3,90
48760,4,40
48760,5,50
48760,6,**
,,
48761,,310
48761,1,160
48761,2,80
48761,3,50
48761,4,**
48761,5,20
48761,6,**
,,
48762,,550
48762,1,220
48762,2,140
48762,3,90
48762,4,50
48762,5,50
48762,6,**
,,
48763,,2250
48763,1,970
48763,2,580
48763,3,290
48763,4,190
48763,5,190
48763,6,30
,,
48765,,330
48765,1,150
48765,2,90
48765,3,50
48765,4,40
48765,5,**
48765,6,0
,,
48766,,520
48766,1,280
48766,2,130
48766,3,50
48766,4,30
48766,5,30
48766,6,**
,,
48767,,960
48767,1,340
48767,2,230
48767,3,170
48767,4,90
48767,5,130
48767,6,**
,,
48768,,4540
48768,1,2010
48768,2,1050
48768,3,640
48768,4,420
48768,5,370
48768,6,50
,,
48770,,750
48770,1,390
48770,2,180
48770,3,80
48770,4,60
48770,5,40
48770,6,**
,,
48801,,5180
48801,1,2250
48801,2,1350
48801,3,710
48801,4,380
48801,5,390
48801,6,100
,,
48806,,700
48806,1,280
48806,2,180
48806,3,100
48806,4,80
48806,5,60
48806,6,**
,,
48807,,350
48807,1,140
48807,2,100
48807,3,50
48807,4,30
48807,5,30
48807,6,**
,,
48808,,2750
48808,1,820
48808,2,610
48808,3,450
48808,4,290
48808,5,460
48808,6,120
,,
48809,,5160
48809,1,2020
48809,2,1430
48809,3,770
48809,4,430
48809,5,440
48809,6,70
,,
48811,,1350
48811,1,540
48811,2,360
48811,3,220
48811,4,130
48811,5,100
48811,6,**
,,
48813,,9880
48813,1,3530
48813,2,2400
48813,3,1640
48813,4,1030
48813,5,1150
48813,6,130
,,
48815,,1060
48815,1,310
48815,2,270
48815,3,180
48815,4,150
48815,5,150
48815,6,**
,,
48817,,2790
48817,1,1170
48817,2,710
48817,3,390
48817,4,240
48817,5,250
48817,6,30
,,
48818,,1010
48818,1,450
48818,2,250
48818,3,130
48818,4,90
48818,5,90
48818,6,**
,,
48819,,1260
48819,1,420
48819,2,260
48819,3,220
48819,4,150
48819,5,180
48819,6,30
,,
48820,,8670
48820,1,2430
48820,2,1560
48820,3,1200
48820,4,990
48820,5,1920
48820,6,570
,,
48821,,3020
48821,1,880
48821,2,680
48821,3,450
48821,4,390
48821,5,540
48821,6,80
,,
48822,,1430
48822,1,400
48822,2,270
48822,3,230
48822,4,190
48822,5,290
48822,6,50
,,
48823,,17300
48823,1,6500
48823,2,3010
48823,3,2060
48823,4,1510
48823,5,2960
48823,6,1260
,,
48827,,7510
48827,1,2520
48827,2,1820
48827,3,1240
48827,4,860
48827,5,970
48827,6,100
,,
48829,,1360
48829,1,640
48829,2,330
48829,3,200
48829,4,100
48829,5,90
48829,6,**
,,
48831,,1540
48831,1,660
48831,2,390
48831,3,200
48831,4,170
48831,5,120
48831,6,**
,,
48832,,660
48832,1,250
48832,2,160
48832,3,120
48832,4,70
48832,5,60
48832,6,**
,,
48834,,980
48834,1,420
48834,2,250
48834,3,150
48834,4,80
48834,5,80
48834,6,**
,,
48835,,1220
48835,1,400
48835,2,240
48835,3,180
48835,4,180
48835,5,190
48835,6,30
,,
48836,,6550
48836,1,2230
48836,2,1510
48836,3,1050
48836,4,770
48836,5,900
48836,6,90
,,
48837,,9640
48837,1,3060
48837,2,1990
48837,3,1500
48837,4,1130
48837,5,1670
48837,6,290
,,
48838,,8370
48838,1,3490
48838,2,2100
48838,3,1270
48838,4,710
48838,5,680
48838,6,120
,,
48840,,6510
48840,1,2150
48840,2,1390
48840,3,900
48840,4,640
48840,5,1110
48840,6,320
,,
48841,,390
48841,1,160
48841,2,90
48841,3,70
48841,4,40
48841,5,30
48841,6,**
,,
48842,,10350
48842,1,3400
48842,2,2370
48842,3,1590
48842,4,1230
48842,5,1530
48842,6,230
,,
48843,,22660
48843,1,7460
48843,2,4190
48843,3,3170
48843,4,2550
48843,5,4330
48843,6,960
,,
48845,,410
48845,1,150
48845,2,120
48845,3,70
48845,4,40
48845,5,30
48845,6,**
,,
48846,,6960
48846,1,2810
48846,2,2020
48846,3,1020
48846,4,610
48846,5,450
48846,6,50
,,
48847,,2770
48847,1,1070
48847,2,740
48847,3,440
48847,4,250
48847,5,240
48847,6,30
,,
48848,,3730
48848,1,1130
48848,2,800
48848,3,590
48848,4,450
48848,5,630
48848,6,130
,,
48849,,2770
48849,1,980
48849,2,730
48849,3,430
48849,4,270
48849,5,320
48849,6,40
,,
48850,,1940
48850,1,850
48850,2,500
48850,3,270
48850,4,160
48850,5,160
48850,6,**
,,
48851,,1110
48851,1,400
48851,2,300
48851,3,200
48851,4,100
48851,5,110
48851,6,**
,,
48854,,9470
48854,1,3040
48854,2,2040
48854,3,1550
48854,4,1090
48854,5,1480
48854,6,270
,,
48855,,7710
48855,1,2370
48855,2,1430
48855,3,1120
48855,4,1020
48855,5,1530
48855,6,240
,,
48856,,410
48856,1,180
48856,2,120
48856,3,60
48856,4,20
48856,5,30
48856,6,**
,,
48857,,1180
48857,1,400
48857,2,290
48857,3,200
48857,4,140
48857,5,150
48857,6,**
,,
48858,,16610
48858,1,7490
48858,2,3370
48858,3,2340
48858,4,1390
48858,5,1630
48858,6,390
,,
48860,,610
48860,1,250
48860,2,170
48860,3,100
48860,4,50
48860,5,40
48860,6,**
,,
48861,,810
48861,1,270
48861,2,230
48861,3,120
48861,4,100
48861,5,90
48861,6,**
,,
48864,,9830
48864,1,2610
48864,2,1420
48864,3,1140
48864,4,1030
48864,5,2390
48864,6,1240
,,
48865,,810
48865,1,340
48865,2,240
48865,3,120
48865,4,70
48865,5,40
48865,6,**
,,
48866,,2210
48866,1,870
48866,2,530
48866,3,370
48866,4,210
48866,5,230
48866,6,**
,,
48867,,13000
48867,1,5740
48867,2,3210
48867,3,1780
48867,4,1040
48867,5,1050
48867,6,180
,,
48871,,940
48871,1,320
48871,2,240
48871,3,140
48871,4,100
48871,5,120
48871,6,20
,,
48872,,3520
48872,1,1300
48872,2,820
48872,3,500
48872,4,390
48872,5,440
48872,6,70
,,
48873,,710
48873,1,220
48873,2,180
48873,3,120
48873,4,80
48873,5,110
48873,6,**
,,
48875,,4940
48875,1,1630
48875,2,1100
48875,3,760
48875,4,600
48875,5,760
48875,6,90
,,
48876,,2050
48876,1,690
48876,2,560
48876,3,350
48876,4,220
48876,5,210
48876,6,20
,,
48877,,980
48877,1,410
48877,2,260
48877,3,160
48877,4,80
48877,5,70
48877,6,**
,,
48878,,770
48878,1,290
48878,2,190
48878,3,120
48878,4,80
48878,5,90
48878,6,**
,,
48879,,8750
48879,1,3140
48879,2,1970
48879,3,1350
48879,4,950
48879,5,1170
48879,6,170
,,
48880,,3040
48880,1,1310
48880,2,860
48880,3,440
48880,4,230
48880,5,180
48880,6,20
,,
48881,,2570
48881,1,910
48881,2,630
48881,3,450
48881,4,310
48881,5,240
48881,6,30
,,
48883,,3220
48883,1,1240
48883,2,850
48883,3,490
48883,4,320
48883,5,280
48883,6,40
,,
48884,,1870
48884,1,810
48884,2,510
48884,3,280
48884,4,140
48884,5,130
48884,6,**
,,
48885,,460
48885,1,180
48885,2,150
48885,3,60
48885,4,40
48885,5,30
48885,6,**
,,
48886,,930
48886,1,410
48886,2,250
48886,3,140
48886,4,80
48886,5,50
48886,6,**
,,
48888,,2730
48888,1,1180
48888,2,730
48888,3,400
48888,4,200
48888,5,190
48888,6,30
,,
48889,,620
48889,1,250
48889,2,160
48889,3,110
48889,4,50
48889,5,50
48889,6,**
,,
48890,,960
48890,1,340
48890,2,240
48890,3,170
48890,4,100
48890,5,110
48890,6,**
,,
48891,,1220
48891,1,550
48891,2,320
48891,3,180
48891,4,100
48891,5,70
48891,6,**
,,
48892,,2160
48892,1,700
48892,2,600
48892,3,310
48892,4,230
48892,5,280
48892,6,40
,,
48893,,2510
48893,1,920
48893,2,620
48893,3,430
48893,4,230
48893,5,260
48893,6,50
,,
48894,,1070
48894,1,320
48894,2,220
48894,3,160
48894,4,140
48894,5,210
48894,6,20
,,
48895,,5600
48895,1,1680
48895,2,1020
48895,3,770
48895,4,620
48895,5,1150
48895,6,360
,,
48897,,730
48897,1,260
48897,2,190
48897,3,120
48897,4,70
48897,5,90
48897,6,**
,,
48906,,12140
48906,1,5530
48906,2,3130
48906,3,1600
48906,4,850
48906,5,890
48906,6,140
,,
48910,,16160
48910,1,7320
48910,2,4730
48910,3,2290
48910,4,1050
48910,5,710
48910,6,60
,,
48911,,18810
48911,1,8740
48911,2,5300
48911,3,2360
48911,4,1150
48911,5,1110
48911,6,150
,,
48912,,8160
48912,1,3740
48912,2,2250
48912,3,1070
48912,4,550
48912,5,490
48912,6,60
,,
48915,,4140
48915,1,2030
48915,2,1120
48915,3,530
48915,4,230
48915,5,230
48915,6,**
,,
48917,,17130
48917,1,5910
48917,2,4320
48917,3,2880
48917,4,1740
48917,5,1960
48917,6,320
,,
48933,,1240
48933,1,670
48933,2,350
48933,3,110
48933,4,50
48933,5,40
48933,6,20
,,
49001,,9760
49001,1,4500
49001,2,2930
49001,3,1260
49001,4,570
49001,5,440
49001,6,60
,,
49002,,9760
49002,1,3550
49002,2,2340
49002,3,1390
49002,4,910
49002,5,1250
49002,6,320
,,
49004,,7810
49004,1,2990
49004,2,2050
49004,3,1230
49004,4,700
49004,5,740
49004,6,100
,,
49006,,9780
49006,1,4830
49006,2,2170
49006,3,1190
49006,4,730
49006,5,730
49006,6,130
,,
49007,,4230
49007,1,2590
49007,2,950
49007,3,290
49007,4,140
49007,5,170
49007,6,90
,,
49008,,7760
49008,1,3050
49008,2,1770
49008,3,950
49008,4,600
49008,5,960
49008,6,430
,,
49009,,20940
49009,1,7430
49009,2,4040
49009,3,2460
49009,4,1940
49009,5,3580
49009,6,1490
,,
49010,,8100
49010,1,3000
49010,2,2150
49010,3,1290
49010,4,790
49010,5,740
49010,6,130
,,
49011,,1020
49011,1,370
49011,2,270
49011,3,160
49011,4,100
49011,5,120
49011,6,**
,,
49012,,1750
49012,1,550
49012,2,360
49012,3,260
49012,4,190
49012,5,280
49012,6,110
,,
49013,,2180
49013,1,1080
49013,2,570
49013,3,260
49013,4,140
49013,5,130
49013,6,**
,,
49014,,9390
49014,1,3760
49014,2,2290
49014,3,1260
49014,4,840
49014,5,1070
49014,6,170
,,
49015,,13040
49015,1,4690
49015,2,3280
49015,3,1940
49015,4,1190
49015,5,1530
49015,6,410
,,
49017,,9560
49017,1,3710
49017,2,2460
49017,3,1400
49017,4,900
49017,5,950
49017,6,140
,,
49021,,2770
49021,1,940
49021,2,710
49021,3,450
49021,4,300
49021,5,330
49021,6,40
,,
49022,,12970
49022,1,7440
49022,2,3020
49022,3,1180
49022,4,590
49022,5,590
49022,6,150
,,
49024,,14500
49024,1,4590
49024,2,3060
49024,3,2160
49024,4,1580
49024,5,2340
49024,6,770
,,
49026,,960
49026,1,420
49026,2,230
49026,3,150
49026,4,80
49026,5,80
49026,6,**
,,
49028,,2710
49028,1,1060
49028,2,790
49028,3,430
49028,4,250
49028,5,160
49028,6,20
,,
49029,,700
49029,1,250
49029,2,180
49029,3,120
49029,4,70
49029,5,80
49029,6,**
,,
49030,,1140
49030,1,470
49030,2,290
49030,3,190
49030,4,110
49030,5,80
49030,6,**
,,
49031,,3300
49031,1,1250
49031,2,860
49031,3,510
49031,4,270
49031,5,310
49031,6,100
,,
49032,,1320
49032,1,520
49032,2,370
49032,3,210
49032,4,120
49032,5,100
49032,6,**
,,
49033,,900
49033,1,250
49033,2,220
49033,3,140
49033,4,120
49033,5,130
49033,6,40
,,
49034,,1120
49034,1,370
49034,2,260
49034,3,200
49034,4,130
49034,5,160
49034,6,**
,,
49036,,10270
49036,1,4080
49036,2,2800
49036,3,1470
49036,4,850
49036,5,890
49036,6,180
,,
49037,,9070
49037,1,4520
49037,2,2800
49037,3,990
49037,4,410
49037,5,310
49037,6,40
,,
49038,,4370
49038,1,1770
49038,2,1140
49038,3,630
49038,4,350
49038,5,410
49038,6,70
,,
49040,,1480
49040,1,550
49040,2,430
49040,3,230
49040,4,150
49040,5,120
49040,6,**
,,
49042,,2160
49042,1,770
49042,2,650
49042,3,370
49042,4,190
49042,5,160
49042,6,20
,,
49043,,920
49043,1,530
49043,2,240
49043,3,80
49043,4,30
49043,5,40
49043,6,**
,,
49045,,2400
49045,1,1070
49045,2,660
49045,3,290
49045,4,180
49045,5,170
49045,6,30
,,
49046,,3330
49046,1,1170
49046,2,790
49046,3,550
49046,4,360
49046,5,390
49046,6,70
,,
49047,,6280
49047,1,2730
49047,2,1710
49047,3,860
49047,4,460
49047,5,440
49047,6,80
,,
49048,,11460
49048,1,5100
49048,2,3150
49048,3,1530
49048,4,810
49048,5,730
49048,6,140
,,
49050,,720
49050,1,240
49050,2,170
49050,3,130
49050,4,80
49050,5,100
49050,6,**
,,
49051,,1200
49051,1,340
49051,2,260
49051,3,210
49051,4,140
49051,5,210
49051,6,40
,,
49052,,430
49052,1,140
49052,2,130
49052,3,60
49052,4,50
49052,5,50
49052,6,**
,,
49053,,3280
49053,1,1140
49053,2,730
49053,3,500
49053,4,340
49053,5,460
49053,6,110
,,
49055,,2840
49055,1,1080
49055,2,700
49055,3,460
49055,4,270
49055,5,290
49055,6,40
,,
49056,,1650
49056,1,770
49056,2,450
49056,3,220
49056,4,100
49056,5,110
49056,6,**
,,
49057,,2720
49057,1,1280
49057,2,830
49057,3,290
49057,4,170
49057,5,150
49057,6,**
,,
49058,,8980
49058,1,3290
49058,2,2370
49058,3,1420
49058,4,900
49058,5,870
49058,6,130
,,
49060,,930
49060,1,300
49060,2,180
49060,3,120
49060,4,90
49060,5,140
49060,6,100
,,
49061,,750
49061,1,260
49061,2,210
49061,3,130
49061,4,80
49061,5,70
49061,6,**
,,
49064,,1630
49064,1,680
49064,2,370
49064,3,250
49064,4,160
49064,5,150
49064,6,20
,,
49065,,3210
49065,1,1210
49065,2,740
49065,3,490
49065,4,320
49065,5,380
49065,6,70
,,
49066,,310
49066,1,120
49066,2,100
49066,3,40
49066,4,20
49066,5,30
49066,6,**
,,
49067,,1990
49067,1,740
49067,2,540
49067,3,320
49067,4,190
49067,5,170
49067,6,30
,,
49068,,7100
49068,1,2510
49068,2,1620
49068,3,1030
49068,4,740
49068,5,950
49068,6,250
,,
49070,,1190
49070,1,440
49070,2,290
49070,3,200
49070,4,130
49070,5,130
49070,6,**
,,
49071,,4910
49071,1,1500
49071,2,900
49071,3,710
49071,4,570
49071,5,910
49071,6,320
,,
49072,,1490
49072,1,530
49072,2,410
49072,3,250
49072,4,150
49072,5,150
49072,6,**
,,
49073,,2120
49073,1,870
49073,2,550
49073,3,330
49073,4,190
49073,5,180
49073,6,**
,,
49076,,1810
49076,1,680
49076,2,440
49076,3,280
49076,4,220
49076,5,190
49076,6,**
,,
49078,,4480
49078,1,1730
49078,2,1070
49078,3,720
49078,4,460
49078,5,440
49078,6,60
,,
49079,,6280
49079,1,2380
49079,2,1480
49079,3,960
49079,4,630
49079,5,720
49079,6,110
,,
49080,,7490
49080,1,2720
49080,2,1780
49080,3,1090
49080,4,760
49080,5,960
49080,6,180
,,
49082,,2700
49082,1,1010
49082,2,780
49082,3,440
49082,4,240
49082,5,190
49082,6,40
,,
49083,,3770
49083,1,1110
49083,2,670
49083,3,480
49083,4,420
49083,5,710
49083,6,380
,,
49085,,11950
49085,1,3660
49085,2,2180
49085,3,1640
49085,4,1280
49085,5,2360
49085,6,830
,,
49087,,2990
49087,1,900
49087,2,540
49087,3,450
49087,4,360
49087,5,600
49087,6,140
,,
49088,,1850
49088,1,550
49088,2,360
49088,3,300
49088,4,250
49088,5,340
49088,6,50
,,
49089,,740
49089,1,300
49089,2,200
49089,3,130
49089,4,60
49089,5,50
49089,6,**
,,
49090,,6520
49090,1,2850
49090,2,1390
49090,3,800
49090,4,540
49090,5,690
49090,6,250
,,
49091,,8960
49091,1,3590
49091,2,2560
49091,3,1360
49091,4,680
49091,5,640
49091,6,130
,,
49092,,980
49092,1,390
49092,2,240
49092,3,180
49092,4,90
49092,5,80
49092,6,**
,,
49093,,8460
49093,1,3320
49093,2,2250
49093,3,1330
49093,4,720
49093,5,730
49093,6,110
,,
49094,,1790
49094,1,720
49094,2,470
49094,3,290
49094,4,140
49094,5,170
49094,6,**
,,
49095,,930
49095,1,320
49095,2,230
49095,3,130
49095,4,100
49095,5,100
49095,6,50
,,
49096,,1400
49096,1,460
49096,2,410
49096,3,210
49096,4,160
49096,5,160
49096,6,**
,,
49097,,5330
49097,1,1710
49097,2,1210
49097,3,810
49097,4,660
49097,5,730
49097,6,210
,,
49098,,2740
49098,1,1170
49098,2,750
49098,3,370
49098,4,200
49098,5,210
49098,6,40
,,
49099,,2610
49099,1,920
49099,2,710
49099,3,430
49099,4,260
49099,5,230
49099,6,60
,,
49101,,1530
49101,1,570
49101,2,380
49101,3,190
49101,4,140
49101,5,220
49101,6,30
,,
49102,,570
49102,1,210
49102,2,120
49102,3,80
49102,4,60
49102,5,100
49102,6,**
,,
49103,,4930
49103,1,2150
49103,2,1080
49103,3,670
49103,4,440
49103,5,490
49103,6,100
,,
49106,,2280
49106,1,830
49106,2,500
49106,3,310
49106,4,230
49106,5,350
49106,6,60
,,
49107,,4590
49107,1,1820
49107,2,1200
49107,3,640
49107,4,410
49107,5,460
49107,6,60
,,
49111,,1690
49111,1,720
49111,2,440
49111,3,230
49111,4,130
49111,5,140
49111,6,30
,,
49112,,4720
49112,1,1610
49112,2,1170
49112,3,720
49112,4,470
49112,5,570
49112,6,180
,,
49113,,850
49113,1,330
49113,2,220
49113,3,140
49113,4,80
49113,5,80
49113,6,**
,,
49117,,1930
49117,1,760
49117,2,370
49117,3,220
49117,4,160
49117,5,280
49117,6,140
,,
49120,,16530
49120,1,6620
49120,2,4370
49120,3,2360
49120,4,1360
49120,5,1440
49120,6,380
,,
49125,,1020
49125,1,380
49125,2,220
49125,3,160
49125,4,90
49125,5,120
49125,6,50
,,
49126,,640
49126,1,290
49126,2,170
49126,3,70
49126,4,50
49126,5,60
49126,6,**
,,
49127,,5350
49127,1,1820
49127,2,1020
49127,3,660
49127,4,540
49127,5,980
49127,6,330
,,
49128,,1650
49128,1,670
49128,2,400
49128,3,260
49128,4,140
49128,5,140
49128,6,40
,,
49129,,330
49129,1,100
49129,2,70
49129,3,40
49129,4,30
49129,5,50
49129,6,40
,,
49130,,850
49130,1,280
49130,2,200
49130,3,140
49130,4,60
49130,5,110
49130,6,60
,,
49201,,18420
49201,1,6950
49201,2,4070
49201,3,2660
49201,4,1890
49201,5,2310
49201,6,540
,,
49202,,8670
49202,1,4270
49202,2,2530
49202,3,1070
49202,4,450
49202,5,320
49202,6,30
,,
49203,,16410
49203,1,7040
49203,2,4070
49203,3,2350
49203,4,1320
49203,5,1380
49203,6,250
,,
49220,,1070
49220,1,430
49220,2,260
49220,3,160
49220,4,110
49220,5,110
49220,6,**
,,
49221,,16750
49221,1,7150
49221,2,4230
49221,3,2360
49221,4,1420
49221,5,1380
49221,6,210
,,
49224,,5030
49224,1,2300
49224,2,1250
49224,3,650
49224,4,400
49224,5,390
49224,6,40
,,
49227,,580
49227,1,240
49227,2,160
49227,3,90
49227,4,50
49227,5,40
49227,6,**
,,
49228,,2680
49228,1,930
49228,2,670
49228,3,420
49228,4,290
49228,5,320
49228,6,50
,,
49229,,1580
49229,1,510
49229,2,340
49229,3,240
49229,4,200
49229,5,270
49229,6,20
,,
49230,,5290
49230,1,1830
49230,2,1210
49230,3,810
49230,4,590
49230,5,690
49230,6,160
,,
49232,,1040
49232,1,400
49232,2,310
49232,3,150
49232,4,90
49232,5,90
49232,6,**
,,
49233,,1330
49233,1,440
49233,2,290
49233,3,210
49233,4,170
49233,5,190
49233,6,30
,,
49234,,1360
49234,1,420
49234,2,280
49234,3,190
49234,4,180
49234,5,200
49234,6,90
,,
49235,,940
49235,1,360
49235,2,250
49235,3,150
49235,4,90
49235,5,90
49235,6,**
,,
49236,,2440
49236,1,840
49236,2,580
49236,3,400
49236,4,260
49236,5,330
49236,6,30
,,
49237,,1370
49237,1,480
49237,2,330
49237,3,220
49237,4,160
49237,5,160
49237,6,20
,,
49238,,810
49238,1,280
49238,2,210
49238,3,130
49238,4,80
49238,5,110
49238,6,**
,,
49240,,4440
49240,1,1360
49240,2,910
49240,3,650
49240,4,570
49240,5,800
49240,6,150
,,
49241,,1080
49241,1,410
49241,2,270
49241,3,180
49241,4,110
49241,5,110
49241,6,**
,,
49242,,6000
49242,1,2450
49242,2,1670
49242,3,840
49242,4,460
49242,5,460
49242,6,120
,,
49245,,1980
49245,1,790
49245,2,540
49245,3,310
49245,4,180
49245,5,160
49245,6,**
,,
49246,,1530
49246,1,460
49246,2,300
49246,3,270
49246,4,190
49246,5,240
49246,6,70
,,
49247,,2510
49247,1,1000
49247,2,710
49247,3,380
49247,4,210
49247,5,180
49247,6,30
,,
49248,,420
49248,1,150
49248,2,100
49248,3,70
49248,4,50
49248,5,50
49248,6,**
,,
49249,,1570
49249,1,480
49249,2,360
49249,3,290
49249,4,180
49249,5,230
49249,6,30
,,
49250,,2650
49250,1,1060
49250,2,670
49250,3,430
49250,4,250
49250,5,210
49250,6,30
,,
49251,,2960
49251,1,1070
49251,2,690
49251,3,470
49251,4,330
49251,5,360
49251,6,40
,,
49252,,1160
49252,1,420
49252,2,380
49252,3,160
49252,4,110
49252,5,90
49252,6,**
,,
49253,,1490
49253,1,510
49253,2,340
49253,3,230
49253,4,160
49253,5,200
49253,6,50
,,
49254,,1600
49254,1,610
49254,2,420
49254,3,260
49254,4,160
49254,5,150
49254,6,**
,,
49255,,580
49255,1,240
49255,2,170
49255,3,90
49255,4,40
49255,5,40
49255,6,**
,,
49256,,1670
49256,1,650
49256,2,470
49256,3,260
49256,4,150
49256,5,140
49256,6,**
,,
49259,,1240
49259,1,480
49259,2,310
49259,3,190
49259,4,120
49259,5,140
49259,6,**
,,
49262,,540
49262,1,220
49262,2,170
49262,3,80
49262,4,40
49262,5,30
49262,6,**
,,
49264,,870
49264,1,280
49264,2,210
49264,3,160
49264,4,100
49264,5,120
49264,6,**
,,
49265,,2450
49265,1,830
49265,2,470
49265,3,380
49265,4,300
49265,5,380
49265,6,90
,,
49266,,1260
49266,1,520
49266,2,340
49266,3,180
49266,4,110
49266,5,110
49266,6,**
,,
49267,,1980
49267,1,660
49267,2,370
49267,3,290
49267,4,260
49267,5,320
49267,6,80
,,
49268,,500
49268,1,160
49268,2,150
49268,3,80
49268,4,50
49268,5,60
49268,6,**
,,
49269,,2680
49269,1,960
49269,2,620
49269,3,440
49269,4,270
49269,5,340
49269,6,50
,,
49270,,2910
49270,1,930
49270,2,610
49270,3,400
49270,4,360
49270,5,530
49270,6,80
,,
49271,,910
49271,1,360
49271,2,220
49271,3,160
49271,4,90
49271,5,80
49271,6,**
,,
49272,,1190
49272,1,360
49272,2,260
49272,3,190
49272,4,150
49272,5,230
49272,6,**
,,
49274,,1430
49274,1,530
49274,2,400
49274,3,250
49274,4,120
49274,5,130
49274,6,**
,,
49276,,480
49276,1,170
49276,2,90
49276,3,70
49276,4,60
49276,5,90
49276,6,**
,,
49277,,1510
49277,1,510
49277,2,360
49277,3,220
49277,4,170
49277,5,210
49277,6,40
,,
49279,,390
49279,1,140
49279,2,90
49279,3,80
49279,4,40
49279,5,40
49279,6,**
,,
49282,,180
49282,1,80
49282,2,60
49282,3,20
49282,4,20
49282,5,**
49282,6,**
,,
49283,,1480
49283,1,540
49283,2,280
49283,3,210
49283,4,180
49283,5,240
49283,6,30
,,
49284,,1300
49284,1,490
49284,2,340
49284,3,190
49284,4,120
49284,5,130
49284,6,30
,,
49285,,2690
49285,1,950
49285,2,640
49285,3,450
49285,4,290
49285,5,320
49285,6,40
,,
49286,,7440
49286,1,2510
49286,2,1710
49286,3,1200
49286,4,850
49286,5,1010
49286,6,160
,,
49287,,1050
49287,1,330
49287,2,240
49287,3,170
49287,4,110
49287,5,170
49287,6,30
,,
49288,,550
49288,1,210
49288,2,180
49288,3,80
49288,4,40
49288,5,40
49288,6,**
,,
49301,,9470
49301,1,2560
49301,2,1060
49301,3,890
49301,4,870
49301,5,2200
49301,6,1890
,,
49302,,4120
49302,1,1180
49302,2,740
49302,3,530
49302,4,500
49302,5,840
49302,6,330
,,
49303,,500
49303,1,180
49303,2,130
49303,3,70
49303,4,60
49303,5,60
49303,6,**
,,
49304,,1490
49304,1,840
49304,2,320
49304,3,160
49304,4,70
49304,5,100
49304,6,**
,,
49305,,920
49305,1,440
49305,2,240
49305,3,110
49305,4,60
49305,5,70
49305,6,**
,,
49306,,4880
49306,1,1520
49306,2,840
49306,3,650
49306,4,550
49306,5,960
49306,6,360
,,
49307,,6850
49307,1,3150
49307,2,1470
49307,3,840
49307,4,560
49307,5,690
49307,6,140
,,
49309,,710
49309,1,360
49309,2,160
49309,3,110
49309,4,50
49309,5,30
49309,6,**
,,
49310,,1180
49310,1,490
49310,2,320
49310,3,180
49310,4,90
49310,5,100
49310,6,**
,,
49315,,11320
49315,1,3420
49315,2,1990
49315,3,1570
49315,4,1330
49315,5,2270
49315,6,740
,,
49316,,10820
49316,1,3150
49316,2,1980
49316,3,1550
49316,4,1270
49316,5,2200
49316,6,670
,,
49318,,680
49318,1,220
49318,2,190
49318,3,110
49318,4,80
49318,5,80
49318,6,**
,,
49319,,7770
49319,1,2720
49319,2,1910
49319,3,1320
49319,4,910
49319,5,840
49319,6,70
,,
49321,,8740
49321,1,3280
49321,2,2510
49321,3,1240
49321,4,770
49321,5,830
49321,6,110
,,
49322,,480
49322,1,210
49322,2,130
49322,3,70
49322,4,30
49322,5,40
49322,6,**
,,
49323,,4670
49323,1,1410
49323,2,980
49323,3,860
49323,4,670
49323,5,670
49323,6,80
,,
49325,,890
49325,1,270
49325,2,230
49325,3,160
49325,4,110
49325,5,120
49325,6,**
,,
49326,,1810
49326,1,700
49326,2,450
49326,3,270
49326,4,170
49326,5,180
49326,6,40
,,
49327,,3570
49327,1,1400
49327,2,920
49327,3,560
49327,4,350
49327,5,300
49327,6,40
,,
49328,,1830
49328,1,610
49328,2,450
49328,3,310
49328,4,220
49328,5,200
49328,6,40
,,
49329,,3820
49329,1,1460
49329,2,1060
49329,3,600
49329,4,380
49329,5,280
49329,6,40
,,
49330,,2470
49330,1,900
49330,2,650
49330,3,400
49330,4,260
49330,5,230
49330,6,30
,,
49331,,8250
49331,1,2700
49331,2,1750
49331,3,1280
49331,4,950
49331,5,1280
49331,6,290
,,
49332,,1270
49332,1,540
49332,2,330
49332,3,150
49332,4,110
49332,5,140
49332,6,**
,,
49333,,5880
49333,1,1720
49333,2,1340
49333,3,1020
49333,4,770
49333,5,860
49333,6,170
,,
49336,,1730
49336,1,800
49336,2,450
49336,3,240
49336,4,130
49336,5,110
49336,6,**
,,
49337,,5530
49337,1,2300
49337,2,1400
49337,3,760
49337,4,510
49337,5,460
49337,6,100
,,
49338,,890
49338,1,350
49338,2,220
49338,3,140
49338,4,90
49338,5,90
49338,6,**
,,
49339,,1120
49339,1,410
49339,2,260
49339,3,190
49339,4,120
49339,5,120
49339,6,20
,,
49340,,1320
49340,1,570
49340,2,340
49340,3,190
49340,4,120
49340,5,100
49340,6,**
,,
49341,,17340
49341,1,5290
49341,2,2870
49341,3,2340
49341,4,2030
49341,5,3720
49341,6,1090
,,
49342,,710
49342,1,300
49342,2,170
49342,3,100
49342,4,60
49342,5,80
49342,6,**
,,
49343,,2700
49343,1,1000
49343,2,660
49343,3,470
49343,4,280
49343,5,250
49343,6,40
,,
49344,,1710
49344,1,610
49344,2,400
49344,3,260
49344,4,170
49344,5,210
49344,6,60
,,
49345,,6530
49345,1,2410
49345,2,1630
49345,3,1030
49345,4,660
49345,5,670
49345,6,130
,,
49346,,2660
49346,1,890
49346,2,590
49346,3,450
49346,4,300
49346,5,350
49346,6,80
,,
49347,,640
49347,1,260
49347,2,180
49347,3,90
49347,4,60
49347,5,50
49347,6,**
,,
49348,,6530
49348,1,2280
49348,2,1620
49348,3,1100
49348,4,750
49348,5,650
49348,6,130
,,
49349,,3240
49349,1,1480
49349,2,850
49349,3,480
49349,4,240
49349,5,190
49349,6,**
,,
49401,,6990
49401,1,2730
49401,2,1370
49401,3,960
49401,4,840
49401,5,970
49401,6,120
,,
49402,,590
49402,1,270
49402,2,150
49402,3,90
49402,4,40
49402,5,40
49402,6,**
,,
49403,,1230
49403,1,410
49403,2,310
49403,3,190
49403,4,130
49403,5,160
49403,6,30
,,
49404,,4030
49404,1,1380
49404,2,980
49404,3,670
49404,4,460
49404,5,450
49404,6,90
,,
49405,,710
49405,1,290
49405,2,190
49405,3,120
49405,4,60
49405,5,50
49405,6,**
,,
49408,,4390
49408,1,1790
49408,2,1170
49408,3,640
49408,4,350
49408,5,340
49408,6,100
,,
49410,,800
49410,1,350
49410,2,230
49410,3,110
49410,4,60
49410,5,50
49410,6,**
,,
49411,,730
49411,1,300
49411,2,160
49411,3,120
49411,4,80
49411,5,70
49411,6,**
,,
49412,,5140
49412,1,2030
49412,2,1240
49412,3,760
49412,4,510
49412,5,500
49412,6,100
,,
49415,,3200
49415,1,1140
49415,2,760
49415,3,510
49415,4,350
49415,5,370
49415,6,70
,,
49417,,15660
49417,1,5350
49417,2,3400
49417,3,2240
49417,4,1730
49417,5,2290
49417,6,650
,,
49418,,14850
49418,1,4870
49418,2,3320
49418,3,2230
49418,4,1650
49418,5,2210
49418,6,570
,,
49419,,3910
49419,1,1230
49419,2,850
49419,3,620
49419,4,520
49419,5,570
49419,6,120
,,
49420,,2860
49420,1,1360
49420,2,740
49420,3,390
49420,4,190
49420,5,160
49420,6,20
,,
49421,,2520
49421,1,1130
49421,2,650
49421,3,370
49421,4,200
49421,5,170
49421,6,**
,,
49423,,21910
49423,1,8020
49423,2,5880
49423,3,3160
49423,4,1960
49423,5,2200
49423,6,690
,,
49424,,23430
49424,1,7940
49424,2,6340
49424,3,3410
49424,4,2170
49424,5,2630
49424,6,940
,,
49425,,1510
49425,1,660
49425,2,400
49425,3,210
49425,4,120
49425,5,120
49425,6,**
,,
49426,,17400
49426,1,5220
49426,2,3180
49426,3,2730
49426,4,2310
49426,5,3230
49426,6,730
,,
49428,,12730
49428,1,4090
49428,2,2680
49428,3,2180
49428,4,1680
49428,5,1800
49428,6,300
,,
49431,,8530
49431,1,3680
49431,2,2050
49431,3,1100
49431,4,650
49431,5,850
49431,6,200
,,
49435,,1780
49435,1,570
49435,2,360
49435,3,300
49435,4,190
49435,5,280
49435,6,80
,,
49436,,790
49436,1,290
49436,2,210
49436,3,120
49436,4,70
49436,5,70
49436,6,30
,,
49437,,3340
49437,1,1300
49437,2,800
49437,3,500
49437,4,360
49437,5,330
49437,6,50
,,
49440,,430
49440,1,270
49440,2,90
49440,3,50
49440,4,**
49440,5,20
49440,6,**
,,
49441,,18180
49441,1,7450
49441,2,4770
49441,3,2490
49441,4,1480
49441,5,1560
49441,6,430
,,
49442,,17170
49442,1,8750
49442,2,4940
49442,3,1950
49442,4,920
49442,5,580
49442,6,30
,,
49444,,10930
49444,1,5400
49444,2,2710
49444,3,1260
49444,4,690
49444,5,740
49444,6,130
,,
49445,,10270
49445,1,3700
49445,2,2390
49445,3,1560
49445,4,1090
49445,5,1260
49445,6,270
,,
49446,,1020
49446,1,420
49446,2,230
49446,3,170
49446,4,80
49446,5,120
49446,6,**
,,
49448,,1840
49448,1,650
49448,2,420
49448,3,270
49448,4,210
49448,5,240
49448,6,50
,,
49449,,1320
49449,1,470
49449,2,310
49449,3,180
49449,4,130
49449,5,170
49449,6,60
,,
49450,,1190
49450,1,550
49450,2,370
49450,3,170
49450,4,60
49450,5,40
49450,6,**
,,
49451,,2710
49451,1,950
49451,2,690
49451,3,500
49451,4,310
49451,5,260
49451,6,**
,,
49452,,860
49452,1,360
49452,2,250
49452,3,120
49452,4,80
49452,5,50
49452,6,**
,,
49453,,1620
49453,1,540
49453,2,290
49453,3,210
49453,4,140
49453,5,270
49453,6,170
,,
49454,,2180
49454,1,1000
49454,2,540
49454,3,310
49454,4,160
49454,5,150
49454,6,20
,,
49455,,2300
49455,1,1030
49455,2,610
49455,3,330
49455,4,150
49455,5,150
49455,6,30
,,
49456,,9780
49456,1,3210
49456,2,2000
49456,3,1340
49456,4,980
49456,5,1560
49456,6,690
,,
49457,,4830
49457,1,1910
49457,2,1130
49457,3,750
49457,4,490
49457,5,500
49457,6,50
,,
49459,,530
49459,1,250
49459,2,150
49459,3,60
49459,4,40
49459,5,30
49459,6,**
,,
49460,,4020
49460,1,1220
49460,2,820
49460,3,570
49460,4,480
49460,5,700
49460,6,230
,,
49461,,4380
49461,1,1630
49461,2,930
49461,3,700
49461,4,440
49461,5,580
49461,6,100
,,
49464,,13530
49464,1,4300
49464,2,2840
49464,3,2130
49464,4,1870
49464,5,1980
49464,6,410
,,
49503,,17260
49503,1,7380
49503,2,5360
49503,3,2250
49503,4,930
49503,5,980
49503,6,360
,,
49504,,18950
49504,1,7910
49504,2,5460
49504,3,2600
49504,4,1380
49504,5,1340
49504,6,260
,,
49505,,15540
49505,1,5760
49505,2,4580
49505,3,2430
49505,4,1330
49505,5,1270
49505,6,170
,,
49506,,15540
49506,1,5280
49506,2,3090
49506,3,1830
49506,4,1330
49506,5,2490
49506,6,1520
,,
49507,,15610
49507,1,7800
49507,2,4840
49507,3,1670
49507,4,750
49507,5,500
49507,6,50
,,
49508,,19580
49508,1,7410
49508,2,5770
49508,3,2880
49508,4,1720
49508,5,1610
49508,6,190
,,
49509,,13670
49509,1,5790
49509,2,4640
49509,3,1900
49509,4,830
49509,5,470
49509,6,40
,,
49512,,8950
49512,1,3170
49512,2,2730
49512,3,1300
49512,4,790
49512,5,800
49512,6,160
,,
49519,,13870
49519,1,5220
49519,2,4510
49519,3,2130
49519,4,1050
49519,5,830
49519,6,130
,,
49525,,14550
49525,1,4990
49525,2,3110
49525,3,2040
49525,4,1480
49525,5,2020
49525,6,910
,,
49534,,11180
49534,1,3890
49534,2,2700
49534,3,1660
49534,4,1160
49534,5,1460
49534,6,310
,,
49544,,4720
49544,1,1760
49544,2,1340
49544,3,730
49544,4,400
49544,5,410
49544,6,80
,,
49546,,15280
49546,1,4920
49546,2,2620
49546,3,1700
49546,4,1380
49546,5,2970
49546,6,1690
,,
49548,,15980
49548,1,7040
49548,2,5560
49548,3,2090
49548,4,830
49548,5,420
49548,6,40
,,
49601,,9880
49601,1,4280
49601,2,2610
49601,3,1260
49601,4,770
49601,5,780
49601,6,180
,,
49612,,560
49612,1,220
49612,2,140
49612,3,80
49612,4,50
49612,5,50
49612,6,20
,,
49613,,370
49613,1,140
49613,2,70
49613,3,60
49613,4,40
49613,5,60
49613,6,**
,,
49614,,1370
49614,1,590
49614,2,340
49614,3,200
49614,4,100
49614,5,120
49614,6,20
,,
49615,,2100
49615,1,790
49615,2,500
49615,3,300
49615,4,200
49615,5,250
49615,6,60
,,
49616,,1040
49616,1,510
49616,2,260
49616,3,140
49616,4,70
49616,5,60
49616,6,**
,,
49617,,1640
49617,1,640
49617,2,410
49617,3,240
49617,4,140
49617,5,170
49617,6,40
,,
49618,,340
49618,1,120
49618,2,100
49618,3,50
49618,4,40
49618,5,30
49618,6,**
,,
49619,,480
49619,1,210
49619,2,130
49619,3,70
49619,4,50
49619,5,20
49619,6,**
,,
49620,,1280
49620,1,500
49620,2,400
49620,3,180
49620,4,110
49620,5,90
49620,6,**
,,
49621,,1590
49621,1,560
49621,2,350
49621,3,250
49621,4,170
49621,5,200
49621,6,60
,,
49622,,1240
49622,1,520
49622,2,290
49622,3,200
49622,4,100
49622,5,100
49622,6,30
,,
49623,,490
49623,1,210
49623,2,150
49623,3,60
49623,4,40
49623,5,30
49623,6,**
,,
49625,,570
49625,1,280
49625,2,150
49625,3,70
49625,4,40
49625,5,30
49625,6,**
,,
49629,,1250
49629,1,450
49629,2,240
49629,3,190
49629,4,130
49629,5,170
49629,6,70
,,
49630,,790
49630,1,270
49630,2,170
49630,3,100
49630,4,80
49630,5,120
49630,6,50
,,
49631,,2450
49631,1,1070
49631,2,700
49631,3,350
49631,4,160
49631,5,170
49631,6,**
,,
49632,,490
49632,1,200
49632,2,150
49632,3,70
49632,4,40
49632,5,30
49632,6,**
,,
49633,,1750
49633,1,760
49633,2,510
49633,3,220
49633,4,130
49633,5,100
49633,6,30
,,
49635,,1800
49635,1,660
49635,2,430
49635,3,250
49635,4,160
49635,5,220
49635,6,80
,,
49636,,390
49636,1,110
49636,2,60
49636,3,40
49636,4,30
49636,5,90
49636,6,60
,,
49637,,1830
49637,1,760
49637,2,490
49637,3,270
49637,4,140
49637,5,140
49637,6,30
,,
49638,,360
49638,1,180
49638,2,90
49638,3,50
49638,4,40
49638,5,**
49638,6,**
,,
49639,,1180
49639,1,490
49639,2,310
49639,3,170
49639,4,100
49639,5,110
49639,6,**
,,
49640,,810
49640,1,330
49640,2,190
49640,3,120
49640,4,70
49640,5,100
49640,6,**
,,
49642,,290
49642,1,190
49642,2,70
49642,3,30
49642,4,**
49642,5,**
49642,6,**
,,
49643,,3360
49643,1,1250
49643,2,910
49643,3,560
49643,4,340
49643,5,270
49643,6,30
,,
49644,,820
49644,1,390
49644,2,200
49644,3,110
49644,4,60
49644,5,60
49644,6,**
,,
49645,,760
49645,1,370
49645,2,190
49645,3,100
49645,4,50
49645,5,50
49645,6,**
,,
49646,,3980
49646,1,1760
49646,2,1100
49646,3,540
49646,4,300
49646,5,240
49646,6,40
,,
49648,,1170
49648,1,400
49648,2,220
49648,3,170
49648,4,100
49648,5,180
49648,6,100
,,
49649,,3140
49649,1,1230
49649,2,830
49649,3,470
49649,4,320
49649,5,260
49649,6,30
,,
49650,,1600
49650,1,550
49650,2,380
49650,3,290
49650,4,210
49650,5,170
49650,6,**
,,
49651,,3390
49651,1,1530
49651,2,860
49651,3,480
49651,4,260
49651,5,220
49651,6,40
,,
49653,,1000
49653,1,390
49653,2,190
49653,3,130
49653,4,100
49653,5,130
49653,6,60
,,
49654,,430
49654,1,120
49654,2,80
49654,3,40
49654,4,40
49654,5,90
49654,6,60
,,
49655,,1390
49655,1,560
49655,2,360
49655,3,210
49655,4,140
49655,5,120
49655,6,**
,,
49656,,660
49656,1,320
49656,2,160
49656,3,100
49656,4,40
49656,5,40
49656,6,**
,,
49657,,1550
49657,1,620
49657,2,410
49657,3,240
49657,4,130
49657,5,120
49657,6,30
,,
49659,,3010
49659,1,1500
49659,2,810
49659,3,370
49659,4,190
49659,5,140
49659,6,**
,,
49660,,6370
49660,1,2720
49660,2,1530
49660,3,900
49660,4,560
49660,5,550
49660,6,110
,,
49663,,2580
49663,1,1150
49663,2,680
49663,3,360
49663,4,220
49663,5,170
49663,6,**
,,
49664,,1070
49664,1,430
49664,2,220
49664,3,140
49664,4,100
49664,5,130
49664,6,50
,,
49665,,1730
49665,1,760
49665,2,490
49665,3,240
49665,4,140
49665,5,100
49665,6,**
,,
49667,,240
49667,1,110
49667,2,70
49667,3,30
49667,4,30
49667,5,**
49667,6,**
,,
49668,,1580
49668,1,730
49668,2,450
49668,3,220
49668,4,90
49668,5,90
49668,6,**
,,
49670,,980
49670,1,320
49670,2,210
49670,3,130
49670,4,90
49670,5,170
49670,6,60
,,
49675,,570
49675,1,220
49675,2,110
49675,3,80
49675,4,60
49675,5,70
49675,6,30
,,
49676,,1670
49676,1,650
49676,2,410
49676,3,220
49676,4,160
49676,5,180
49676,6,50
,,
49677,,2980
49677,1,1300
49677,2,790
49677,3,390
49677,4,240
49677,5,230
49677,6,30
,,
49679,,540
49679,1,230
49679,2,170
49679,3,70
49679,4,40
49679,5,30
49679,6,**
,,
49680,,890
49680,1,380
49680,2,250
49680,3,140
49680,4,60
49680,5,60
49680,6,**
,,
49682,,2270
49682,1,820
49682,2,470
49682,3,310
49682,4,240
49682,5,310
49682,6,120
,,
49683,,1020
49683,1,490
49683,2,260
49683,3,110
49683,4,80
49683,5,60
49683,6,20
,,
49684,,11500
49684,1,4200
49684,2,2570
49684,3,1600
49684,4,1060
49684,5,1480
49684,6,590
,,
49686,,13020
49686,1,5120
49686,2,3000
49686,3,1600
49686,4,1050
49686,5,1440
49686,6,810
,,
49688,,1190
49688,1,470
49688,2,300
49688,3,190
49688,4,110
49688,5,120
49688,6,**
,,
49689,,680
49689,1,310
49689,2,190
49689,3,90
49689,4,40
49689,5,50
49689,6,**
,,
49690,,3290
49690,1,1130
49690,2,620
49690,3,440
49690,4,370
49690,5,520
49690,6,210
,,
49701,,700
49701,1,360
49701,2,140
49701,3,80
49701,4,40
49701,5,80
49701,6,**
,,
49705,,350
49705,1,190
49705,2,80
49705,3,40
49705,4,40
49705,5,**
49705,6,**
,,
49706,,2280
49706,1,930
49706,2,630
49706,3,340
49706,4,200
49706,5,150
49706,6,30
,,
49707,,10790
49707,1,4940
49707,2,2590
49707,3,1440
49707,4,860
49707,5,790
49707,6,170
,,
49709,,1510
49709,1,720
49709,2,390
49709,3,190
49709,4,120
49709,5,90
49709,6,**
,,
49710,,200
49710,1,70
49710,2,50
49710,3,50
49710,4,**
49710,5,30
49710,6,**
,,
49712,,4080
49712,1,1600
49712,2,980
49712,3,560
49712,4,360
49712,5,440
49712,6,140
,,
49713,,1020
49713,1,410
49713,2,280
49713,3,140
49713,4,100
49713,5,90
49713,6,**
,,
49715,,1560
49715,1,670
49715,2,390
49715,3,240
49715,4,130
49715,5,130
49715,6,**
,,
49716,,400
49716,1,160
49716,2,90
49716,3,60
49716,4,30
49716,5,40
49716,6,20
,,
49718,,350
49718,1,160
49718,2,90
49718,3,50
49718,4,20
49718,5,30
49718,6,**
,,
49719,,680
49719,1,270
49719,2,150
49719,3,110
49719,4,60
49719,5,90
49719,6,**
,,
49720,,4900
49720,1,1970
49720,2,1090
49720,3,660
49720,4,400
49720,5,570
49720,6,210
,,
49721,,6750
49721,1,3230
49721,2,1660
49721,3,830
49721,4,490
49721,5,440
49721,6,100
,,
49724,,530
49724,1,190
49724,2,120
49724,3,90
49724,4,70
49724,5,60
49724,6,**
,,
49725,,320
49725,1,140
49725,2,80
49725,3,50
49725,4,30
49725,5,20
49725,6,**
,,
49726,,530
49726,1,240
49726,2,120
49726,3,60
49726,4,50
49726,5,60
49726,6,**
,,
49727,,3270
49727,1,1360
49727,2,800
49727,3,510
49727,4,290
49727,5,230
49727,6,80
,,
49728,,130
49728,1,70
49728,2,30
49728,3,30
49728,4,**
49728,5,**
49728,6,0
,,
49729,,780
49729,1,300
49729,2,200
49729,3,120
49729,4,80
49729,5,80
49729,6,**
,,
49730,,1010
49730,1,400
49730,2,270
49730,3,170
49730,4,90
49730,5,80
49730,6,**
,,
49733,,770
49733,1,330
49733,2,210
49733,3,110
49733,4,70
49733,5,50
49733,6,**
,,
49735,,9140
49735,1,3960
49735,2,2060
49735,3,1260
49735,4,840
49735,5,840
49735,6,180
,,
49736,,250
49736,1,120
49736,2,60
49736,3,30
49736,4,40
49736,5,**
49736,6,**
,,
49738,,4500
49738,1,2000
49738,2,1110
49738,3,650
49738,4,370
49738,5,310
49738,6,60
,,
49740,,3940
49740,1,1350
49740,2,790
49740,3,500
49740,4,370
49740,5,620
49740,6,310
,,
49743,,360
49743,1,180
49743,2,90
49743,3,50
49743,4,40
49743,5,**
49743,6,0
,,
49744,,380
49744,1,150
49744,2,100
49744,3,50
49744,4,40
49744,5,40
49744,6,**
,,
49745,,510
49745,1,240
49745,2,130
49745,3,60
49745,4,50
49745,5,30
49745,6,**
,,
49746,,1490
49746,1,680
49746,2,380
49746,3,220
49746,4,120
49746,5,90
49746,6,**
,,
49747,,780
49747,1,310
49747,2,180
49747,3,130
49747,4,80
49747,5,80
49747,6,**
,,
49749,,2130
49749,1,860
49749,2,510
49749,3,290
49749,4,170
49749,5,240
49749,6,60
,,
49751,,970
49751,1,420
49751,2,260
49751,3,130
49751,4,90
49751,5,70
49751,6,**
,,
49752,,230
49752,1,90
49752,2,60
49752,3,40
49752,4,40
49752,5,**
49752,6,0
,,
49753,,880
49753,1,360
49753,2,220
49753,3,150
49753,4,90
49753,5,60
49753,6,**
,,
49755,,950
49755,1,430
49755,2,250
49755,3,130
49755,4,70
49755,5,70
49755,6,**
,,
49756,,1840
49756,1,870
49756,2,470
49756,3,250
49756,4,120
49756,5,130
49756,6,**
,,
49759,,720
49759,1,330
49759,2,160
49759,3,100
49759,4,60
49759,5,70
49759,6,**
,,
49760,,320
49760,1,120
49760,2,100
49760,3,50
49760,4,30
49760,5,20
49760,6,0
,,
49762,,290
49762,1,130
49762,2,70
49762,3,30
49762,4,30
49762,5,30
49762,6,**
,,
49765,,1790
49765,1,860
49765,2,430
49765,3,250
49765,4,120
49765,5,130
49765,6,**
,,
49766,,1100
49766,1,440
49766,2,280
49766,3,170
49766,4,90
49766,5,120
49766,6,**
,,
49768,,230
49768,1,110
49768,2,60
49768,3,40
49768,4,**
49768,5,20
49768,6,**
,,
49769,,780
49769,1,350
49769,2,210
49769,3,100
49769,4,60
49769,5,60
49769,6,**
,,
49770,,9180
49770,1,3600
49770,2,2130
49770,3,1170
49770,4,750
49770,5,1070
49770,6,460
,,
49774,,870
49774,1,340
49774,2,200
49774,3,160
49774,4,90
49774,5,80
49774,6,**
,,
49776,,810
49776,1,350
49776,2,210
49776,3,140
49776,4,60
49776,5,50
49776,6,**
,,
49777,,860
49777,1,260
49777,2,200
49777,3,140
49777,4,100
49777,5,160
49777,6,**
,,
49779,,2190
49779,1,980
49779,2,530
49779,3,300
49779,4,210
49779,5,150
49779,6,20
,,
49780,,800
49780,1,300
49780,2,190
49780,3,150
49780,4,80
49780,5,80
49780,6,**
,,
49781,,2220
49781,1,1060
49781,2,560
49781,3,260
49781,4,160
49781,5,150
49781,6,30
,,
49782,,330
49782,1,140
49782,2,60
49782,3,60
49782,4,30
49782,5,40
49782,6,**
,,
49783,,8850
49783,1,4000
49783,2,2140
49783,3,1210
49783,4,770
49783,5,630
49783,6,100
,,
49788,,980
49788,1,550
49788,2,250
49788,3,110
49788,4,40
49788,5,30
49788,6,**
,,
49795,,910
49795,1,440
49795,2,250
49795,3,120
49795,4,60
49795,5,40
49795,6,**
,,
49799,,1080
49799,1,530
49799,2,290
49799,3,140
49799,4,70
49799,5,50
49799,6,**
,,
49801,,5600
49801,1,2190
49801,2,1370
49801,3,740
49801,4,500
49801,5,630
49801,6,170
,,
49802,,3140
49802,1,1280
49802,2,880
49802,3,440
49802,4,280
49802,5,230
49802,6,30
,,
49805,,160
49805,1,60
49805,2,40
49805,3,30
49805,4,30
49805,5,**
49805,6,**
,,
49806,,260
49806,1,80
49806,2,60
49806,3,40
49806,4,30
49806,5,50
49806,6,**
,,
49807,,1440
49807,1,550
49807,2,330
49807,3,210
49807,4,160
49807,5,160
49807,6,30
,,
49812,,430
49812,1,150
49812,2,130
49812,3,60
49812,4,60
49812,5,30
49812,6,**
,,
49814,,600
49814,1,180
49814,2,150
49814,3,100
49814,4,100
49814,5,70
49814,6,**
,,
49815,,220
49815,1,80
49815,2,60
49815,3,40
49815,4,40
49815,5,**
49815,6,**
,,
49816,,360
49816,1,140
49816,2,100
49816,3,50
49816,4,40
49816,5,30
49816,6,**
,,
49817,,280
49817,1,110
49817,2,70
49817,3,50
49817,4,30
49817,5,20
49817,6,0
,,
49818,,420
49818,1,130
49818,2,110
49818,3,60
49818,4,70
49818,5,50
49818,6,**
,,
49820,,230
49820,1,100
49820,2,50
49820,3,30
49820,4,30
49820,5,20
49820,6,**
,,
49821,,570
49821,1,210
49821,2,170
49821,3,100
49821,4,50
49821,5,40
49821,6,**
,,
49827,,390
49827,1,190
49827,2,100
49827,3,50
49827,4,50
49827,5,**
49827,6,**
,,
49829,,7960
49829,1,3620
49829,2,1800
49829,3,1060
49829,4,700
49829,5,670
49829,6,110
,,
49831,,330
49831,1,110
49831,2,70
49831,3,70
49831,4,40
49831,5,40
49831,6,**
,,
49834,,170
49834,1,60
49834,2,50
49834,3,30
49834,4,30
49834,5,**
49834,6,**
,,
49835,,400
49835,1,180
49835,2,90
49835,3,70
49835,4,30
49835,5,30
49835,6,**
,,
49836,,330
49836,1,150
49836,2,90
49836,3,40
49836,4,50
49836,5,**
49836,6,**
,,
49837,,4750
49837,1,1800
49837,2,1060
49837,3,730
49837,4,520
49837,5,540
49837,6,100
,,
49838,,200
49838,1,90
49838,2,50
49838,3,30
49838,4,30
49838,5,**
49838,6,**
,,
49840,,340
49840,1,120
49840,2,80
49840,3,60
49840,4,30
49840,5,50
49840,6,**
,,
49841,,3090
49841,1,1380
49841,2,780
49841,3,460
49841,4,260
49841,5,190
49841,6,20
,,
49847,,490
49847,1,210
49847,2,150
49847,3,70
49847,4,40
49847,5,20
49847,6,**
,,
49849,,5560
49849,1,2150
49849,2,1350
49849,3,830
49849,4,630
49849,5,540
49849,6,60
,,
49853,,580
49853,1,210
49853,2,150
49853,3,100
49853,4,60
49853,5,60
49853,6,**
,,
49854,,2960
49854,1,1240
49854,2,710
49854,3,430
49854,4,280
49854,5,240
49854,6,60
,,
49855,,14820
49855,1,5910
49855,2,3150
49855,3,2000
49855,4,1450
49855,5,1830
49855,6,480
,,
49858,,5830
49858,1,2340
49858,2,1520
49858,3,960
49858,4,530
49858,5,390
49858,6,90
,,
49861,,290
49861,1,100
49861,2,70
49861,3,40
49861,4,30
49861,5,50
49861,6,**
,,
49862,,1980
49862,1,830
49862,2,460
49862,3,310
49862,4,170
49862,5,180
49862,6,30
,,
49866,,3830
49866,1,1250
49866,2,890
49866,3,650
49866,4,500
49866,5,490
49866,6,50
,,
49868,,1950
49868,1,900
49868,2,480
49868,3,270
49868,4,160
49868,5,140
49868,6,**
,,
49870,,1590
49870,1,620
49870,2,440
49870,3,220
49870,4,140
49870,5,150
49870,6,20
,,
49874,,440
49874,1,170
49874,2,120
49874,3,70
49874,4,40
49874,5,40
49874,6,**
,,
49876,,550
49876,1,180
49876,2,160
49876,3,100
49876,4,60
49876,5,50
49876,6,**
,,
49878,,1660
49878,1,600
49878,2,400
49878,3,270
49878,4,190
49878,5,200
49878,6,**
,,
49879,,450
49879,1,190
49879,2,110
49879,3,70
49879,4,40
49879,5,40
49879,6,**
,,
49880,,470
49880,1,170
49880,2,130
49880,3,70
49880,4,60
49880,5,40
49880,6,**
,,
49881,,160
49881,1,50
49881,2,50
49881,3,40
49881,4,**
49881,5,20
49881,6,**
,,
49884,,190
49884,1,70
49884,2,60
49884,3,30
49884,4,30
49884,5,**
49884,6,0
,,
49885,,920
49885,1,320
49885,2,240
49885,3,160
49885,4,110
49885,5,90
49885,6,**
,,
49886,,190
49886,1,90
49886,2,50
49886,3,50
49886,4,**
49886,5,**
49886,6,**
,,
49887,,1040
49887,1,390
49887,2,290
49887,3,180
49887,4,110
49887,5,70
49887,6,**
,,
49891,,300
49891,1,140
49891,2,60
49891,3,40
49891,4,30
49891,5,30
49891,6,**
,,
49892,,960
49892,1,350
49892,2,230
49892,3,150
49892,4,100
49892,5,130
49892,6,**
,,
49893,,850
49893,1,290
49893,2,220
49893,3,160
49893,4,100
49893,5,80
49893,6,**
,,
49894,,370
49894,1,160
49894,2,100
49894,3,50
49894,4,40
49894,5,20
49894,6,**
,,
49895,,400
49895,1,160
49895,2,100
49895,3,50
49895,4,40
49895,5,50
49895,6,**
,,
49896,,730
49896,1,340
49896,2,190
49896,3,100
49896,4,50
49896,5,50
49896,6,**
,,
49905,,830
49905,1,310
49905,2,190
49905,3,150
49905,4,100
49905,5,80
49905,6,**
,,
49908,,1100
49908,1,500
49908,2,300
49908,3,140
49908,4,90
49908,5,70
49908,6,**
,,
49910,,160
49910,1,70
49910,2,60
49910,3,**
49910,4,30
49910,5,**
49910,6,**
,,
49911,,1240
49911,1,550
49911,2,310
49911,3,180
49911,4,100
49911,5,100
49911,6,**
,,
49912,,380
49912,1,160
49912,2,100
49912,3,60
49912,4,30
49912,5,30
49912,6,**
,,
49913,,3100
49913,1,1440
49913,2,790
49913,3,430
49913,4,240
49913,5,170
49913,6,30
,,
49916,,1320
49916,1,460
49916,2,310
49916,3,220
49916,4,150
49916,5,150
49916,6,30
,,
49920,,1890
49920,1,720
49920,2,520
49920,3,290
49920,4,190
49920,5,140
49920,6,30
,,
49921,,140
49921,1,60
49921,2,50
49921,3,30
49921,4,**
49921,5,**
49921,6,0
,,
49925,,270
49925,1,110
49925,2,80
49925,3,50
49925,4,**
49925,5,30
49925,6,**
,,
49927,,190
49927,1,80
49927,2,60
49927,3,20
49927,4,30
49927,5,**
49927,6,**
,,
49930,,3000
49930,1,1300
49930,2,670
49930,3,410
49930,4,260
49930,5,280
49930,6,80
,,
49931,,2770
49931,1,1270
49931,2,460
49931,3,300
49931,4,260
49931,5,370
49931,6,110
,,
49935,,2680
49935,1,1180
49935,2,710
49935,3,410
49935,4,180
49935,5,170
49935,6,30
,,
49938,,3370
49938,1,1550
49938,2,850
49938,3,480
49938,4,250
49938,5,200
49938,6,40
,,
49945,,1210
49945,1,520
49945,2,290
49945,3,180
49945,4,100
49945,5,120
49945,6,**
,,
49946,,1740
49946,1,690
49946,2,480
49946,3,260
49946,4,150
49946,5,160
49946,6,**
,,
49947,,290
49947,1,110
49947,2,70
49947,3,50
49947,4,30
49947,5,30
49947,6,**
,,
49948,,210
49948,1,80
49948,2,60
49948,3,40
49948,4,30
49948,5,**
49948,6,**
,,
49950,,540
49950,1,190
49950,2,140
49950,3,90
49950,4,50
49950,5,70
49950,6,**
,,
49953,,1180
49953,1,510
49953,2,260
49953,3,200
49953,4,110
49953,5,100
49953,6,**
,,
49958,,530
49958,1,220
49958,2,130
49958,3,90
49958,4,50
49958,5,40
49958,6,**
,,
49962,,100
49962,1,30
49962,2,30
49962,3,20
49962,4,20
49962,5,**
49962,6,**
,,
49965,,190
49965,1,60
49965,2,60
49965,3,50
49965,4,**
49965,5,20
49965,6,**
,,
49967,,210
49967,1,80
49967,2,60
49967,3,40
49967,4,30
49967,5,**
49967,6,**
,,
49968,,930
49968,1,430
49968,2,260
49968,3,120
49968,4,50
49968,5,70
49968,6,**
,,
49969,,600
49969,1,270
49969,2,140
49969,3,70
49969,4,40
49969,5,80
49969,6,**
,,
49970,,100
49970,1,40
49970,2,30
49970,3,30
49970,4,**
49970,5,**
49970,6,0
