55001,,1540
55001,1,370
55001,2,180
55001,3,180
55001,4,160
55001,5,390
55001,6,260
,,
55003,,1200
55003,1,330
55003,2,240
55003,3,190
55003,4,140
55003,5,210
55003,6,90
,,
55005,,2310
55005,1,620
55005,2,520
55005,3,370
55005,4,310
55005,5,440
55005,6,50
,,
55006,,1750
55006,1,650
55006,2,450
55006,3,290
55006,4,190
55006,5,170
55006,6,**
,,
55007,,1080
55007,1,400
55007,2,300
55007,3,180
55007,4,100
55007,5,100
55007,6,**
,,
55008,,7620
55008,1,2560
55008,2,1870
55008,3,1260
55008,4,820
55008,5,950
55008,6,160
,,
55009,,4170
55009,1,1210
55009,2,830
55009,3,670
55009,4,510
55009,5,790
55009,6,160
,,
55011,,5200
55011,1,1340
55011,2,1060
55011,3,850
55011,4,660
55011,5,1100
55011,6,190
,,
55012,,960
55012,1,290
55012,2,190
55012,3,150
55012,4,120
55012,5,170
55012,6,40
,,
55013,,3430
55013,1,1010
55013,2,650
55013,3,520
55013,4,420
55013,5,670
55013,6,160
,,
55014,,13640
55014,1,3800
55014,2,2780
55014,3,2020
55014,4,1620
55014,5,2770
55014,6,650
,,
55016,,17510
55016,1,4700
55016,2,3600
55016,3,2550
55016,4,2210
55016,5,3860
55016,6,590
,,
55017,,340
55017,1,90
55017,2,90
55017,3,50
55017,4,60
55017,5,50
55017,6,**
,,
55018,,510
55018,1,140
55018,2,110
55018,3,80
55018,4,70
55018,5,110
55018,6,**
,,
55019,,1010
55019,1,270
55019,2,220
55019,3,180
55019,4,140
55019,5,200
55019,6,**
,,
55020,,1830
55020,1,430
55020,2,280
55020,3,230
55020,4,220
55020,5,560
55020,6,110
,,
55021,,13930
55021,1,4790
55021,2,3910
55021,3,2100
55021,4,1390
55021,5,1470
55021,6,270
,,
55024,,16340
55024,1,4230
55024,2,3200
55024,3,2500
55024,4,2100
55024,5,3790
55024,6,520
,,
55025,,12390
55025,1,3680
55025,2,2600
55025,3,1780
55025,4,1410
55025,5,2360
55025,6,560
,,
55026,,230
55026,1,60
55026,2,50
55026,3,40
55026,4,40
55026,5,40
55026,6,**
,,
55027,,1420
55027,1,390
55027,2,370
55027,3,250
55027,4,160
55027,5,220
55027,6,30
,,
55030,,600
55030,1,180
55030,2,180
55030,3,110
55030,4,60
55030,5,70
55030,6,**
,,
55031,,980
55031,1,260
55031,2,200
55031,3,150
55031,4,140
55031,5,190
55031,6,40
,,
55032,,1730
55032,1,520
55032,2,380
55032,3,260
55032,4,250
55032,5,290
55032,6,30
,,
55033,,15040
55033,1,4440
55033,2,3270
55033,3,2330
55033,4,1700
55033,5,2750
55033,6,550
,,
55037,,2260
55037,1,960
55037,2,610
55037,3,330
55037,4,180
55037,5,160
55037,6,20
,,
55038,,11100
55038,1,2770
55038,2,1980
55038,3,1550
55038,4,1310
55038,5,2640
55038,6,850
,,
55040,,6480
55040,1,1990
55040,2,1610
55040,3,1180
55040,4,790
55040,5,810
55040,6,100
,,
55041,,3900
55041,1,1260
55041,2,970
55041,3,630
55041,4,420
55041,5,520
55041,6,100
,,
55042,,4970
55042,1,1320
55042,2,750
55042,3,470
55042,4,430
55042,5,1150
55042,6,850
,,
55043,,1930
55043,1,510
55043,2,410
55043,3,290
55043,4,250
55043,5,370
55043,6,100
,,
55044,,25860
55044,1,6810
55044,2,3850
55044,3,2900
55044,4,2670
55044,5,6850
55044,6,2780
,,
55045,,3830
55045,1,1120
55045,2,840
55045,3,550
55045,4,460
55045,5,730
55045,6,130
,,
55046,,2570
55046,1,660
55046,2,520
55046,3,440
55046,4,390
55046,5,500
55046,6,60
,,
55047,,1360
55047,1,360
55047,2,210
55047,3,220
55047,4,140
55047,5,290
55047,6,140
,,
55049,,1320
55049,1,420
55049,2,360
55049,3,190
55049,4,150
55049,5,200
55049,6,**
,,
55051,,4380
55051,1,1700
55051,2,1050
55051,3,700
55051,4,450
55051,5,410
55051,6,70
,,
55052,,930
55052,1,290
55052,2,240
55052,3,180
55052,4,90
55052,5,130
55052,6,**
,,
55053,,480
55053,1,150
55053,2,90
55053,3,80
55053,4,60
55053,5,70
55053,6,30
,,
55054,,970
55054,1,190
55054,2,150
55054,3,140
55054,4,140
55054,5,310
55054,6,40
,,
55055,,1830
55055,1,610
55055,2,530
55055,3,280
55055,4,180
55055,5,190
55055,6,40
,,
55056,,6810
55056,1,2080
55056,2,1550
55056,3,1150
55056,4,850
55056,5,1050
55056,6,130
,,
55057,,10180
55057,1,3090
55057,2,2100
55057,3,1510
55057,4,1110
55057,5,1880
55057,6,490
,,
55060,,14580
55060,1,4870
55060,2,3730
55060,3,2120
55060,4,1580
55060,5,1970
55060,6,310
,,
55063,,4280
55063,1,1510
55063,2,1120
55063,3,720
55063,4,440
55063,5,440
55063,6,50
,,
55065,,570
55065,1,150
55065,2,110
55065,3,90
55065,4,80
55065,5,140
55065,6,**
,,
55066,,9420
55066,1,3020
55066,2,2460
55066,3,1400
55066,4,980
55066,5,1250
55066,6,310
,,
55068,,14460
55068,1,3830
55068,2,2670
55068,3,2040
55068,4,1800
55068,5,3290
55068,6,830
,,
55069,,2220
55069,1,800
55069,2,580
55069,3,300
55069,4,240
55069,5,270
55069,6,30
,,
55070,,3820
55070,1,1110
55070,2,960
55070,3,700
55070,4,500
55070,5,500
55070,6,50
,,
55071,,2980
55071,1,940
55071,2,840
55071,3,490
55071,4,380
55071,5,310
55071,6,20
,,
55072,,1450
55072,1,580
55072,2,410
55072,3,220
55072,4,130
55072,5,110
55072,6,**
,,
55073,,1810
55073,1,460
55073,2,310
55073,3,270
55073,4,230
55073,5,420
55073,6,120
,,
55074,,1090
55074,1,340
55074,2,250
55074,3,170
55074,4,150
55074,5,150
55074,6,30
,,
55075,,10700
55075,1,3530
55075,2,3090
55075,3,1800
55075,4,1100
55075,5,1070
55075,6,110
,,
55076,,11770
55076,1,3300
55076,2,2940
55076,3,1930
55076,4,1330
55076,5,1890
55076,6,380
,,
55077,,6620
55077,1,1890
55077,2,1580
55077,3,820
55077,4,530
55077,5,1130
55077,6,670
,,
55079,,4440
55079,1,1210
55079,2,920
55079,3,780
55079,4,580
55079,5,850
55079,6,100
,,
55080,,1340
55080,1,390
55080,2,300
55080,3,240
55080,4,170
55080,5,210
55080,6,30
,,
55082,,18430
55082,1,5210
55082,2,3070
55082,3,2330
55082,4,1880
55082,5,3900
55082,6,2040
,,
55084,,890
55084,1,300
55084,2,210
55084,3,140
55084,4,100
55084,5,110
55084,6,30
,,
55087,,140
55087,1,40
55087,2,30
55087,3,30
55087,4,40
55087,5,**
55087,6,**
,,
55088,,900
55088,1,240
55088,2,160
55088,3,130
55088,4,120
55088,5,180
55088,6,70
,,
55089,,970
55089,1,240
55089,2,160
55089,3,110
55089,4,110
55089,5,180
55089,6,170
,,
55092,,5350
55092,1,1620
55092,2,1060
55092,3,800
55092,4,680
55092,5,1010
55092,6,180
,,
55101,,4660
55101,1,1370
55101,2,1110
55101,3,850
55101,4,490
55101,5,580
55101,6,260
,,
55102,,10270
55102,1,3260
55102,2,2960
55102,3,1650
55102,4,880
55102,5,1050
55102,6,470
,,
55103,,5670
55103,1,2770
55103,2,1760
55103,3,580
55103,4,260
55103,5,260
55103,6,40
,,
55104,,20950
55104,1,7950
55104,2,5860
55104,3,2810
55104,4,1500
55104,5,2120
55104,6,710
,,
55105,,13110
55105,1,3420
55105,2,2510
55105,3,1720
55105,4,1240
55105,5,2640
55105,6,1580
,,
55106,,25710
55106,1,10900
55106,2,8910
55106,3,3160
55106,4,1430
55106,5,1200
55106,6,110
,,
55107,,6730
55107,1,2650
55107,2,2080
55107,3,980
55107,4,490
55107,5,460
55107,6,70
,,
55108,,7050
55108,1,2040
55108,2,1700
55108,3,990
55108,4,730
55108,5,1210
55108,6,380
,,
55109,,17600
55109,1,5790
55109,2,4970
55109,3,2740
55109,4,1700
55109,5,2070
55109,6,330
,,
55110,,20590
55110,1,5720
55110,2,4420
55110,3,3100
55110,4,2420
55110,5,3770
55110,6,1160
,,
55112,,22510
55112,1,6610
55112,2,5500
55112,3,3290
55112,4,2350
55112,5,3690
55112,6,1070
,,
55113,,21370
55113,1,6190
55113,2,5140
55113,3,3230
55113,4,2230
55113,5,3580
55113,6,1000
,,
55114,,1940
55114,1,680
55114,2,570
55114,3,300
55114,4,150
55114,5,190
55114,6,50
,,
55115,,4390
55115,1,1250
55115,2,620
55115,3,520
55115,4,430
55115,5,1020
55115,6,550
,,
55116,,13380
55116,1,3600
55116,2,3110
55116,3,1910
55116,4,1240
55116,5,2320
55116,6,1200
,,
55117,,20990
55117,1,8050
55117,2,6540
55117,3,2740
55117,4,1570
55117,5,1770
55117,6,320
,,
55118,,14970
55118,1,4540
55118,2,3580
55118,3,2100
55118,4,1410
55118,5,2230
55118,6,1110
,,
55119,,20790
55119,1,7130
55119,2,6440
55119,3,3140
55119,4,1700
55119,5,1990
55119,6,390
,,
55120,,2360
55120,1,600
55120,2,380
55120,3,320
55120,4,210
55120,5,510
55120,6,340
,,
55121,,4770
55121,1,1300
55121,2,1410
55121,3,820
55121,4,470
55121,5,620
55121,6,150
,,
55122,,17300
55122,1,4580
55122,2,4090
55122,3,2810
55122,4,1840
55122,5,2940
55122,6,1040
,,
55123,,13730
55123,1,3500
55123,2,2250
55123,3,1610
55123,4,1350
55123,5,3470
55123,6,1550
,,
55124,,27350
55124,1,7450
55124,2,5910
55124,3,4070
55124,4,3010
55124,5,5350
55124,6,1560
,,
55125,,22330
55125,1,5660
55125,2,4090
55125,3,3180
55125,4,2470
55125,5,5000
55125,6,1930
,,
55126,,13790
55126,1,3380
55126,2,2610
55126,3,2080
55126,4,1660
55126,5,2960
55126,6,1100
,,
55127,,9560
55127,1,2350
55127,2,1760
55127,3,1230
55127,4,910
55127,5,1910
55127,6,1400
,,
55128,,15850
55128,1,4950
55128,2,4070
55128,3,2540
55128,4,1690
55128,5,2260
55128,6,340
,,
55129,,11550
55129,1,2500
55129,2,1340
55129,3,1260
55129,4,1130
55129,5,3270
55129,6,2050
,,
55130,,7270
55130,1,3680
55130,2,2490
55130,3,640
55130,4,260
55130,5,200
55130,6,**
,,
55301,,5360
55301,1,1330
55301,2,1040
55301,3,920
55301,4,800
55301,5,1140
55301,6,130
,,
55302,,3480
55302,1,1090
55302,2,750
55302,3,540
55302,4,420
55302,5,540
55302,6,140
,,
55303,,24550
55303,1,7200
55303,2,5820
55303,3,3920
55303,4,2870
55303,5,4030
55303,6,710
,,
55304,,23360
55304,1,6390
55304,2,3940
55304,3,3050
55304,4,2770
55304,5,5700
55304,6,1510
,,
55305,,11660
55305,1,2810
55305,2,2500
55305,3,1900
55305,4,1130
55305,5,2040
55305,6,1280
,,
55306,,8470
55306,1,2570
55306,2,2130
55306,3,1260
55306,4,760
55306,5,1330
55306,6,420
,,
55307,,1510
55307,1,480
55307,2,400
55307,3,250
55307,4,170
55307,5,210
55307,6,**
,,
55308,,4390
55308,1,1280
55308,2,860
55308,3,680
55308,4,570
55308,5,890
55308,6,110
,,
55309,,9340
55309,1,2700
55309,2,1970
55309,3,1540
55309,4,1230
55309,5,1660
55309,6,240
,,
55310,,770
55310,1,260
55310,2,170
55310,3,130
55310,4,90
55310,5,90
55310,6,30
,,
55311,,17110
55311,1,3940
55311,2,2440
55311,3,2030
55311,4,1650
55311,5,4270
55311,6,2780
,,
55312,,780
55312,1,240
55312,2,180
55312,3,160
55312,4,110
55312,5,90
55312,6,**
,,
55313,,11550
55313,1,3620
55313,2,2430
55313,3,1720
55313,4,1330
55313,5,1980
55313,6,470
,,
55314,,560
55314,1,170
55314,2,150
55314,3,90
55314,4,60
55314,5,90
55314,6,**
,,
55315,,2600
55315,1,600
55315,2,400
55315,3,330
55315,4,320
55315,5,750
55315,6,200
,,
55316,,12200
55316,1,3180
55316,2,2550
55316,3,1920
55316,4,1550
55316,5,2500
55316,6,500
,,
55317,,10630
55317,1,2760
55317,2,1500
55317,3,1190
55317,4,970
55317,5,2430
55317,6,1780
,,
55318,,13680
55318,1,3810
55318,2,2770
55318,3,1800
55318,4,1370
55318,5,2760
55318,6,1170
,,
55319,,2640
55319,1,750
55319,2,530
55319,3,400
55319,4,330
55319,5,540
55319,6,90
,,
55320,,2530
55320,1,710
55320,2,600
55320,3,400
55320,4,310
55320,5,420
55320,6,90
,,
55321,,2440
55321,1,890
55321,2,560
55321,3,380
55321,4,270
55321,5,290
55321,6,50
,,
55322,,1700
55322,1,450
55322,2,320
55322,3,250
55322,4,230
55322,5,380
55322,6,70
,,
55324,,620
55324,1,170
55324,2,140
55324,3,100
55324,4,80
55324,5,100
55324,6,30
,,
55325,,2100
55325,1,660
55325,2,450
55325,3,330
55325,4,290
55325,5,310
55325,6,60
,,
55327,,2110
55327,1,600
55327,2,330
55327,3,270
55327,4,260
55327,5,500
55327,6,150
,,
55328,,4460
55328,1,1300
55328,2,830
55328,3,600
55328,4,470
55328,5,980
55328,6,280
,,
55329,,970
55329,1,330
55329,2,270
55329,3,160
55329,4,100
55329,5,110
55329,6,**
,,
55330,,19640
55330,1,5480
55330,2,3970
55330,3,3060
55330,4,2370
55330,5,4030
55330,6,730
,,
55331,,9210
55331,1,2360
55331,2,1240
55331,3,880
55331,4,680
55331,5,1960
55331,6,2090
,,
55332,,870
55332,1,270
55332,2,240
55332,3,160
55332,4,100
55332,5,100
55332,6,**
,,
55333,,340
55333,1,110
55333,2,110
55333,3,50
55333,4,40
55333,5,30
55333,6,**
,,
55334,,1450
55334,1,440
55334,2,440
55334,3,270
55334,4,160
55334,5,140
55334,6,**
,,
55335,,770
55335,1,240
55335,2,230
55335,3,150
55335,4,80
55335,5,70
55335,6,**
,,
55336,,4010
55336,1,1250
55336,2,1090
55336,3,690
55336,4,450
55336,5,470
55336,6,60
,,
55337,,24020
55337,1,7350
55337,2,6370
55337,3,3660
55337,4,2410
55337,5,3540
55337,6,690
,,
55338,,570
55338,1,160
55338,2,160
55338,3,100
55338,4,70
55338,5,80
55338,6,**
,,
55339,,530
55339,1,150
55339,2,140
55339,3,80
55339,4,60
55339,5,100
55339,6,**
,,
55340,,3580
55340,1,890
55340,2,470
55340,3,320
55340,4,300
55340,5,800
55340,6,800
,,
55341,,1420
55341,1,300
55341,2,190
55341,3,180
55341,4,180
55341,5,480
55341,6,90
,,
55342,,860
55342,1,270
55342,2,220
55342,3,130
55342,4,100
55342,5,100
55342,6,40
,,
55343,,14380
55343,1,4210
55343,2,3800
55343,3,2510
55343,4,1400
55343,5,1820
55343,6,640
,,
55344,,8030
55344,1,1970
55344,2,1990
55344,3,1510
55344,4,960
55344,5,1150
55344,6,450
,,
55345,,11160
55345,1,2860
55345,2,1670
55345,3,1280
55345,4,1180
55345,5,2720
55345,6,1450
,,
55346,,8790
55346,1,2170
55346,2,1390
55346,3,1090
55346,4,940
55346,5,2250
55346,6,950
,,
55347,,15080
55347,1,3460
55347,2,2040
55347,3,1580
55347,4,1380
55347,5,3600
55347,6,3020
,,
55349,,1920
55349,1,610
55349,2,480
55349,3,310
55349,4,240
55349,5,240
55349,6,40
,,
55350,,9160
55350,1,3020
55350,2,2250
55350,3,1420
55350,4,1060
55350,5,1210
55350,6,200
,,
55352,,4610
55352,1,1350
55352,2,980
55352,3,640
55352,4,490
55352,5,920
55352,6,230
,,
55353,,1520
55353,1,450
55353,2,370
55353,3,260
55353,4,210
55353,5,200
55353,6,30
,,
55354,,1310
55354,1,370
55354,2,340
55354,3,240
55354,4,170
55354,5,170
55354,6,20
,,
55355,,4570
55355,1,1560
55355,2,1180
55355,3,690
55355,4,520
55355,5,510
55355,6,110
,,
55356,,2750
55356,1,760
55356,2,340
55356,3,300
55356,4,220
55356,5,480
55356,6,650
,,
55357,,1670
55357,1,480
55357,2,260
55357,3,180
55357,4,180
55357,5,340
55357,6,230
,,
55358,,2660
55358,1,820
55358,2,590
55358,3,420
55358,4,320
55358,5,420
55358,6,90
,,
55359,,3080
55359,1,850
55359,2,510
55359,3,350
55359,4,320
55359,5,580
55359,6,470
,,
55360,,1410
55360,1,330
55360,2,280
55360,3,220
55360,4,240
55360,5,300
55360,6,40
,,
55362,,9440
55362,1,2920
55362,2,2190
55362,3,1480
55362,4,1060
55362,5,1540
55362,6,250
,,
55363,,2280
55363,1,700
55363,2,580
55363,3,370
55363,4,310
55363,5,300
55363,6,20
,,
55364,,7740
55364,1,2000
55364,2,1460
55364,3,1020
55364,4,770
55364,5,1490
55364,6,1000
,,
55367,,460
55367,1,130
55367,2,120
55367,3,80
55367,4,60
55367,5,70
55367,6,**
,,
55368,,1220
55368,1,410
55368,2,310
55368,3,180
55368,4,150
55368,5,150
55368,6,20
,,
55369,,18980
55369,1,4750
55369,2,3980
55369,3,2990
55369,4,2380
55369,5,4000
55369,6,880
,,
55370,,370
55370,1,100
55370,2,100
55370,3,60
55370,4,40
55370,5,70
55370,6,**
,,
55371,,8000
55371,1,2470
55371,2,1940
55371,3,1400
55371,4,990
55371,5,1060
55371,6,140
,,
55372,,16190
55372,1,4170
55372,2,2620
55372,3,1980
55372,4,1670
55372,5,3740
55372,6,2010
,,
55373,,2730
55373,1,800
55373,2,650
55373,3,410
55373,4,280
55373,5,450
55373,6,140
,,
55374,,7090
55374,1,1930
55374,2,990
55374,3,800
55374,4,780
55374,5,1970
55374,6,620
,,
55375,,1910
55375,1,500
55375,2,290
55375,3,220
55375,4,230
55375,5,540
55375,6,130
,,
55376,,7920
55376,1,2150
55376,2,1280
55376,3,1100
55376,4,960
55376,5,1960
55376,6,470
,,
55378,,14650
55378,1,3910
55378,2,2650
55378,3,1910
55378,4,1590
55378,5,3510
55378,6,1080
,,
55379,,21610
55379,1,6150
55379,2,5010
55379,3,3130
55379,4,2240
55379,5,3890
55379,6,1190
,,
55381,,1000
55381,1,310
55381,2,260
55381,3,180
55381,4,120
55381,5,130
55381,6,**
,,
55382,,1810
55382,1,530
55382,2,390
55382,3,310
55382,4,220
55382,5,300
55382,6,60
,,
55384,,1050
55384,1,370
55384,2,250
55384,3,150
55384,4,90
55384,5,110
55384,6,80
,,
55385,,620
55385,1,190
55385,2,170
55385,3,110
55385,4,80
55385,5,70
55385,6,**
,,
55386,,3670
55386,1,840
55386,2,350
55386,3,330
55386,4,320
55386,5,1100
55386,6,730
,,
55387,,6460
55387,1,1720
55387,2,1080
55387,3,850
55387,4,690
55387,5,1650
55387,6,470
,,
55388,,2710
55388,1,820
55388,2,560
55388,3,450
55388,4,340
55388,5,450
55388,6,90
,,
55389,,1260
55389,1,420
55389,2,290
55389,3,210
55389,4,170
55389,5,140
55389,6,30
,,
55390,,1300
55390,1,330
55390,2,340
55390,3,230
55390,4,180
55390,5,190
55390,6,30
,,
55391,,8040
55391,1,2010
55391,2,990
55391,3,750
55391,4,640
55391,5,1460
55391,6,2190
,,
55395,,1500
55395,1,500
55395,2,420
55395,3,240
55395,4,160
55395,5,140
55395,6,40
,,
55396,,1010
55396,1,330
55396,2,270
55396,3,180
55396,4,130
55396,5,100
55396,6,**
,,
55397,,1380
55397,1,370
55397,2,340
55397,3,240
55397,4,190
55397,5,210
55397,6,30
,,
55398,,7660
55398,1,2120
55398,2,1640
55398,3,1310
55398,4,1000
55398,5,1390
55398,6,200
,,
55401,,7010
55401,1,980
55401,2,1200
55401,3,1500
55401,4,1010
55401,5,1490
55401,6,830
,,
55402,,860
55402,1,170
55402,2,140
55402,3,140
55402,4,90
55402,5,130
55402,6,190
,,
55403,,9710
55403,1,2770
55403,2,2900
55403,3,1610
55403,4,750
55403,5,980
55403,6,700
,,
55404,,12060
55404,1,5890
55404,2,3850
55404,3,1240
55404,4,460
55404,5,470
55404,6,150
,,
55405,,8470
55405,1,2680
55405,2,2510
55405,3,1190
55405,4,560
55405,5,800
55405,6,730
,,
55406,,18540
55406,1,5240
55406,2,4910
55406,3,3250
55406,4,1980
55406,5,2630
55406,6,530
,,
55407,,18600
55407,1,6940
55407,2,5680
55407,3,2580
55407,4,1490
55407,5,1710
55407,6,200
,,
55408,,18490
55408,1,6050
55408,2,6320
55408,3,2920
55408,4,1210
55408,5,1410
55408,6,580
,,
55409,,6280
55409,1,1750
55409,2,1710
55409,3,1020
55409,4,580
55409,5,900
55409,6,320
,,
55410,,10340
55410,1,2030
55410,2,1610
55410,3,1260
55410,4,1010
55410,5,2440
55410,6,1990
,,
55411,,12120
55411,1,6360
55411,2,3780
55411,3,1100
55411,4,460
55411,5,350
55411,6,70
,,
55412,,10680
55412,1,4500
55412,2,3380
55412,3,1490
55412,4,650
55412,5,590
55412,6,70
,,
55413,,7230
55413,1,2080
55413,2,2360
55413,3,1270
55413,4,570
55413,5,730
55413,6,220
,,
55414,,10540
55414,1,5270
55414,2,2630
55414,3,1000
55414,4,490
55414,5,720
55414,6,430
,,
55415,,1900
55415,1,370
55415,2,310
55415,3,320
55415,4,200
55415,5,390
55415,6,310
,,
55416,,18450
55416,1,3790
55416,2,4210
55416,3,3240
55416,4,1910
55416,5,3210
55416,6,2090
,,
55417,,13510
55417,1,3250
55417,2,2950
55417,3,2220
55417,4,1670
55417,5,2750
55417,6,670
,,
55418,,16720
55418,1,4820
55418,2,4580
55418,3,2860
55418,4,1740
55418,5,2320
55418,6,400
,,
55419,,13960
55419,1,3300
55419,2,2540
55419,3,1880
55419,4,1340
55419,5,3050
55419,6,1850
,,
55420,,12150
55420,1,3950
55420,2,3640
55420,3,2030
55420,4,1200
55420,5,1160
55420,6,170
,,
55421,,14720
55421,1,5140
55421,2,4610
55421,3,2420
55421,4,1300
55421,5,1100
55421,6,150
,,
55422,,15210
55422,1,4110
55422,2,3730
55422,3,2590
55422,4,1640
55422,5,2400
55422,6,740
,,
55423,,19700
55423,1,5900
55423,2,5540
55423,3,3500
55423,4,2170
55423,5,2320
55423,6,270
,,
55424,,4610
55424,1,1080
55424,2,400
55424,3,340
55424,4,270
55424,5,860
55424,6,1660
,,
55425,,5190
55425,1,1740
55425,2,1670
55425,3,850
55425,4,420
55425,5,430
55425,6,80
,,
55426,,14180
55426,1,3520
55426,2,3680
55426,3,2640
55426,4,1540
55426,5,2240
55426,6,560
,,
55427,,12730
55427,1,3590
55427,2,3050
55427,3,2060
55427,4,1370
55427,5,2230
55427,6,430
,,
55428,,15390
55428,1,5290
55428,2,4810
55428,3,2390
55428,4,1360
55428,5,1410
55428,6,130
,,
55429,,14290
55429,1,5270
55429,2,5170
55429,3,2020
55429,4,970
55429,5,800
55429,6,60
,,
55430,,11310
55430,1,4220
55430,2,4150
55430,3,1640
55430,4,740
55430,5,520
55430,6,40
,,
55431,,10680
55431,1,3050
55431,2,2400
55431,3,1710
55431,4,1290
55431,5,1880
55431,6,350
,,
55432,,16300
55432,1,5460
55432,2,4900
55432,3,2600
55432,4,1530
55432,5,1590
55432,6,220
,,
55433,,17580
55433,1,5600
55433,2,5070
55433,3,3050
55433,4,1810
55433,5,1840
55433,6,210
,,
55434,,15530
55434,1,4650
55434,2,4310
55434,3,2730
55434,4,1730
55434,5,1950
55434,6,160
,,
55435,,7190
55435,1,1830
55435,2,1430
55435,3,1230
55435,4,790
55435,5,1200
55435,6,710
,,
55436,,7010
55436,1,1720
55436,2,920
55436,3,740
55436,4,600
55436,5,1340
55436,6,1690
,,
55437,,10500
55437,1,2780
55437,2,2370
55437,3,1660
55437,4,1120
55437,5,1960
55437,6,610
,,
55438,,9330
55438,1,2280
55438,2,1930
55438,3,1360
55438,4,950
55438,5,1870
55438,6,940
,,
55439,,4750
55439,1,1180
55439,2,610
55439,3,430
55439,4,370
55439,5,990
55439,6,1170
,,
55441,,9700
55441,1,2540
55441,2,2240
55441,3,1430
55441,4,930
55441,5,1770
55441,6,790
,,
55442,,7170
55442,1,1750
55442,2,1360
55442,3,950
55442,4,700
55442,5,1660
55442,6,750
,,
55443,,17390
55443,1,5450
55443,2,4480
55443,3,2310
55443,4,1680
55443,5,2770
55443,6,700
,,
55444,,8560
55444,1,2560
55444,2,2600
55444,3,1400
55444,4,900
55444,5,1000
55444,6,100
,,
55445,,6240
55445,1,1820
55445,2,1660
55445,3,920
55445,4,630
55445,5,950
55445,6,260
,,
55446,,11480
55446,1,2400
55446,2,1610
55446,3,1300
55446,4,1050
55446,5,2840
55446,6,2280
,,
55447,,10980
55447,1,2860
55447,2,2040
55447,3,1450
55447,4,1030
55447,5,2320
55447,6,1280
,,
55448,,14790
55448,1,4240
55448,2,3760
55448,3,2500
55448,4,1790
55448,5,2190
55448,6,310
,,
55449,,13960
55449,1,3270
55449,2,2390
55449,3,1910
55449,4,1610
55449,5,3560
55449,6,1220
,,
55454,,2980
55454,1,1900
55454,2,770
55454,3,180
55454,4,50
55454,5,80
55454,6,**
,,
55455,,160
55455,1,130
55455,2,30
55455,3,**
55455,4,.
55455,5,**
55455,6,**
,,
55602,,110
55602,1,50
55602,2,20
55602,3,40
55602,4,**
55602,5,**
55602,6,0
,,
55603,,230
55603,1,80
55603,2,60
55603,3,40
55603,4,30
55603,5,20
55603,6,**
,,
55604,,1900
55604,1,660
55604,2,470
55604,3,320
55604,4,190
55604,5,210
55604,6,50
,,
55605,,350
55605,1,160
55605,2,120
55605,3,40
55605,4,30
55605,5,**
55605,6,**
,,
55606,,140
55606,1,50
55606,2,30
55606,3,40
55606,4,**
55606,5,20
55606,6,**
,,
55612,,330
55612,1,120
55612,2,80
55612,3,50
55612,4,40
55612,5,40
55612,6,**
,,
55614,,1190
55614,1,420
55614,2,290
55614,3,220
55614,4,150
55614,5,110
55614,6,**
,,
55615,,150
55615,1,50
55615,2,50
55615,3,20
55615,4,30
55615,5,**
55615,6,**
,,
55616,,3310
55616,1,1120
55616,2,770
55616,3,570
55616,4,420
55616,5,380
55616,6,50
,,
55702,,220
55702,1,60
55702,2,50
55702,3,50
55702,4,30
55702,5,30
55702,6,**
,,
55703,,310
55703,1,90
55703,2,80
55703,3,60
55703,4,40
55703,5,40
55703,6,**
,,
55704,,510
55704,1,180
55704,2,120
55704,3,100
55704,4,60
55704,5,50
55704,6,**
,,
55705,,1450
55705,1,520
55705,2,360
55705,3,240
55705,4,160
55705,5,150
55705,6,20
,,
55706,,850
55706,1,340
55706,2,220
55706,3,130
55706,4,90
55706,5,70
55706,6,**
,,
55707,,1540
55707,1,490
55707,2,370
55707,3,270
55707,4,200
55707,5,210
55707,6,**
,,
55709,,1840
55709,1,620
55709,2,490
55709,3,300
55709,4,200
55709,5,210
55709,6,20
,,
55710,,630
55710,1,160
55710,2,120
55710,3,90
55710,4,120
55710,5,140
55710,6,**
,,
55711,,220
55711,1,90
55711,2,50
55711,3,50
55711,4,**
55711,5,30
55711,6,**
,,
55712,,220
55712,1,100
55712,2,50
55712,3,30
55712,4,40
55712,5,**
55712,6,**
,,
55717,,150
55717,1,30
55717,2,30
55717,3,30
55717,4,30
55717,5,30
55717,6,**
,,
55718,,1530
55718,1,460
55718,2,370
55718,3,260
55718,4,190
55718,5,220
55718,6,30
,,
55719,,2590
55719,1,990
55719,2,680
55719,3,400
55719,4,260
55719,5,230
55719,6,30
,,
55720,,7810
55720,1,2720
55720,2,2070
55720,3,1240
55720,4,800
55720,5,870
55720,6,110
,,
55721,,1630
55721,1,520
55721,2,320
55721,3,270
55721,4,190
55721,5,280
55721,6,50
,,
55723,,1120
55723,1,370
55723,2,290
55723,3,180
55723,4,110
55723,5,130
55723,6,40
,,
55724,,390
55724,1,110
55724,2,100
55724,3,70
55724,4,50
55724,5,60
55724,6,**
,,
55726,,440
55726,1,150
55726,2,110
55726,3,70
55726,4,40
55726,5,70
55726,6,**
,,
55731,,2770
55731,1,1120
55731,2,630
55731,3,430
55731,4,260
55731,5,280
55731,6,50
,,
55732,,690
55732,1,230
55732,2,170
55732,3,120
55732,4,100
55732,5,70
55732,6,**
,,
55733,,2310
55733,1,580
55733,2,440
55733,3,400
55733,4,320
55733,5,500
55733,6,70
,,
55734,,2900
55734,1,950
55734,2,720
55734,3,450
55734,4,370
55734,5,380
55734,6,30
,,
55735,,760
55735,1,260
55735,2,210
55735,3,140
55735,4,80
55735,5,70
55735,6,**
,,
55736,,680
55736,1,260
55736,2,190
55736,3,110
55736,4,70
55736,5,50
55736,6,**
,,
55738,,260
55738,1,80
55738,2,60
55738,3,50
55738,4,40
55738,5,30
55738,6,**
,,
55741,,1500
55741,1,430
55741,2,360
55741,3,280
55741,4,210
55741,5,220
55741,6,**
,,
55742,,150
55742,1,50
55742,2,30
55742,3,20
55742,4,20
55742,5,30
55742,6,**
,,
55744,,9300
55744,1,3370
55744,2,2130
55744,3,1380
55744,4,1040
55744,5,1180
55744,6,200
,,
55746,,7800
55746,1,2970
55746,2,1890
55746,3,1150
55746,4,880
55746,5,790
55746,6,120
,,
55748,,640
55748,1,240
55748,2,180
55748,3,90
55748,4,60
55748,5,70
55748,6,**
,,
55749,,200
55749,1,60
55749,2,50
55749,3,70
55749,4,**
55749,5,20
55749,6,0
,,
55750,,890
55750,1,330
55750,2,240
55750,3,130
55750,4,110
55750,5,80
55750,6,**
,,
55751,,700
55751,1,210
55751,2,160
55751,3,150
55751,4,90
55751,5,90
55751,6,**
,,
55752,,200
55752,1,60
55752,2,60
55752,3,30
55752,4,50
55752,5,**
55752,6,**
,,
55756,,180
55756,1,70
55756,2,40
55756,3,40
55756,4,30
55756,5,**
55756,6,**
,,
55757,,380
55757,1,130
55757,2,110
55757,3,70
55757,4,40
55757,5,30
55757,6,**
,,
55760,,1280
55760,1,490
55760,2,350
55760,3,190
55760,4,120
55760,5,110
55760,6,20
,,
55763,,290
55763,1,90
55763,2,80
55763,3,50
55763,4,30
55763,5,40
55763,6,**
,,
55765,,350
55765,1,110
55765,2,100
55765,3,60
55765,4,50
55765,5,30
55765,6,0
,,
55767,,1670
55767,1,640
55767,2,400
55767,3,250
55767,4,170
55767,5,180
55767,6,30
,,
55768,,1360
55768,1,470
55768,2,290
55768,3,210
55768,4,180
55768,5,190
55768,6,20
,,
55769,,1040
55769,1,370
55769,2,280
55769,3,160
55769,4,110
55769,5,120
55769,6,**
,,
55771,,730
55771,1,300
55771,2,180
55771,3,110
55771,4,70
55771,5,70
55771,6,**
,,
55775,,600
55775,1,180
55775,2,140
55775,3,100
55775,4,90
55775,5,90
55775,6,**
,,
55779,,1930
55779,1,560
55779,2,410
55779,3,340
55779,4,230
55779,5,340
55779,6,50
,,
55781,,380
55781,1,90
55781,2,80
55781,3,70
55781,4,50
55781,5,90
55781,6,**
,,
55783,,1160
55783,1,390
55783,2,310
55783,3,200
55783,4,120
55783,5,120
55783,6,20
,,
55785,,120
55785,1,60
55785,2,30
55785,3,30
55785,4,**
55785,5,**
55785,6,0
,,
55787,,220
55787,1,80
55787,2,60
55787,3,40
55787,4,40
55787,5,**
55787,6,**
,,
55790,,990
55790,1,320
55790,2,230
55790,3,150
55790,4,120
55790,5,130
55790,6,40
,,
55792,,4560
55792,1,1780
55792,2,1180
55792,3,650
55792,4,480
55792,5,420
55792,6,50
,,
55793,,270
55793,1,100
55793,2,60
55793,3,50
55793,4,30
55793,5,30
55793,6,**
,,
55795,,670
55795,1,240
55795,2,180
55795,3,110
55795,4,70
55795,5,70
55795,6,**
,,
55797,,750
55797,1,220
55797,2,180
55797,3,140
55797,4,90
55797,5,120
55797,6,**
,,
55798,,260
55798,1,90
55798,2,60
55798,3,40
55798,4,40
55798,5,30
55798,6,**
,,
55802,,1080
55802,1,400
55802,2,260
55802,3,140
55802,4,90
55802,5,130
55802,6,60
,,
55803,,8800
55803,1,2470
55803,2,1780
55803,3,1390
55803,4,1080
55803,5,1630
55803,6,450
,,
55804,,7420
55804,1,1980
55804,2,1490
55804,3,1230
55804,4,960
55804,5,1300
55804,6,460
,,
55805,,4220
55805,1,2090
55805,2,1310
55805,3,460
55805,4,190
55805,5,150
55805,6,20
,,
55806,,4250
55806,1,2050
55806,2,1290
55806,3,530
55806,4,170
55806,5,170
55806,6,40
,,
55807,,4810
55807,1,1840
55807,2,1530
55807,3,780
55807,4,390
55807,5,270
55807,6,**
,,
55808,,2660
55808,1,1020
55808,2,810
55808,3,400
55808,4,250
55808,5,180
55808,6,**
,,
55810,,4390
55810,1,1320
55810,2,1110
55810,3,760
55810,4,530
55810,5,590
55810,6,80
,,
55811,,12430
55811,1,3880
55811,2,2790
55811,3,1940
55811,4,1450
55811,5,1900
55811,6,470
,,
55812,,3650
55812,1,1460
55812,2,850
55812,3,390
55812,4,280
55812,5,450
55812,6,220
,,
55901,,27830
55901,1,8220
55901,2,6600
55901,3,4600
55901,4,2970
55901,5,4540
55901,6,900
,,
55902,,12070
55902,1,3040
55902,2,2070
55902,3,1560
55902,4,1130
55902,5,2390
55902,6,1880
,,
55904,,13610
55904,1,4840
55904,2,3760
55904,3,2040
55904,4,1210
55904,5,1570
55904,6,190
,,
55906,,9410
55906,1,2820
55906,2,1860
55906,3,1250
55906,4,880
55906,5,1880
55906,6,720
,,
55909,,640
55909,1,220
55909,2,140
55909,3,100
55909,4,80
55909,5,100
55909,6,**
,,
55910,,660
55910,1,210
55910,2,170
55910,3,110
55910,4,90
55910,5,80
55910,6,**
,,
55912,,13640
55912,1,4880
55912,2,4170
55912,3,1850
55912,4,1180
55912,5,1250
55912,6,310
,,
55917,,1670
55917,1,520
55917,2,400
55917,3,280
55917,4,210
55917,5,230
55917,6,30
,,
55918,,470
55918,1,140
55918,2,120
55918,3,90
55918,4,60
55918,5,60
55918,6,**
,,
55919,,510
55919,1,160
55919,2,100
55919,3,100
55919,4,60
55919,5,90
55919,6,**
,,
55920,,3890
55920,1,1030
55920,2,790
55920,3,530
55920,4,460
55920,5,880
55920,6,200
,,
55921,,2260
55921,1,790
55921,2,550
55921,3,360
55921,4,270
55921,5,240
55921,6,50
,,
55922,,280
55922,1,110
55922,2,70
55922,3,50
55922,4,30
55922,5,20
55922,6,**
,,
55923,,2190
55923,1,670
55923,2,530
55923,3,290
55923,4,280
55923,5,350
55923,6,70
,,
55924,,640
55924,1,220
55924,2,160
55924,3,100
55924,4,70
55924,5,90
55924,6,**
,,
55925,,560
55925,1,150
55925,2,150
55925,3,110
55925,4,70
55925,5,80
55925,6,**
,,
55926,,380
55926,1,120
55926,2,80
55926,3,70
55926,4,50
55926,5,60
55926,6,**
,,
55927,,2040
55927,1,610
55927,2,530
55927,3,360
55927,4,230
55927,5,270
55927,6,40
,,
55929,,590
55929,1,140
55929,2,140
55929,3,120
55929,4,90
55929,5,100
55929,6,**
,,
55931,,180
55931,1,60
55931,2,60
55931,3,20
55931,4,40
55931,5,**
55931,6,**
,,
55932,,1030
55932,1,280
55932,2,250
55932,3,170
55932,4,120
55932,5,190
55932,6,20
,,
55933,,120
55933,1,40
55933,2,50
55933,3,**
55933,4,30
55933,5,**
55933,6,**
,,
55934,,1660
55934,1,460
55934,2,370
55934,3,260
55934,4,220
55934,5,310
55934,6,40
,,
55935,,450
55935,1,140
55935,2,110
55935,3,70
55935,4,60
55935,5,70
55935,6,**
,,
55936,,940
55936,1,290
55936,2,240
55936,3,160
55936,4,110
55936,5,140
55936,6,**
,,
55939,,890
55939,1,330
55939,2,240
55939,3,140
55939,4,90
55939,5,90
55939,6,**
,,
55940,,1260
55940,1,390
55940,2,330
55940,3,180
55940,4,160
55940,5,180
55940,6,20
,,
55941,,500
55941,1,170
55941,2,120
55941,3,80
55941,4,60
55941,5,70
55941,6,**
,,
55943,,1440
55943,1,470
55943,2,360
55943,3,260
55943,4,180
55943,5,150
55943,6,20
,,
55944,,3750
55944,1,1100
55944,2,850
55944,3,600
55944,4,470
55944,5,680
55944,6,50
,,
55945,,750
55945,1,250
55945,2,210
55945,3,100
55945,4,80
55945,5,110
55945,6,**
,,
55946,,1570
55946,1,490
55946,2,400
55946,3,290
55946,4,180
55946,5,190
55946,6,20
,,
55947,,3770
55947,1,1150
55947,2,790
55947,3,570
55947,4,470
55947,5,630
55947,6,160
,,
55949,,880
55949,1,320
55949,2,200
55949,3,140
55949,4,100
55949,5,120
55949,6,**
,,
55951,,680
55951,1,210
55951,2,180
55951,3,120
55951,4,80
55951,5,90
55951,6,**
,,
55952,,1140
55952,1,360
55952,2,310
55952,3,160
55952,4,140
55952,5,170
55952,6,**
,,
55953,,410
55953,1,120
55953,2,110
55953,3,70
55953,4,60
55953,5,50
55953,6,**
,,
55954,,660
55954,1,230
55954,2,190
55954,3,130
55954,4,60
55954,5,50
55954,6,**
,,
55955,,1380
55955,1,430
55955,2,220
55955,3,150
55955,4,140
55955,5,370
55955,6,70
,,
55956,,970
55956,1,280
55956,2,220
55956,3,150
55956,4,140
55956,5,160
55956,6,20
,,
55957,,360
55957,1,110
55957,2,90
55957,3,60
55957,4,40
55957,5,60
55957,6,**
,,
55959,,1040
55959,1,330
55959,2,260
55959,3,180
55959,4,130
55959,5,140
55959,6,**
,,
55960,,1600
55960,1,430
55960,2,250
55960,3,180
55960,4,160
55960,5,440
55960,6,140
,,
55961,,180
55961,1,50
55961,2,60
55961,3,20
55961,4,30
55961,5,20
55961,6,**
,,
55962,,330
55962,1,100
55962,2,90
55962,3,50
55962,4,40
55962,5,50
55962,6,**
,,
55963,,2660
55963,1,720
55963,2,600
55963,3,380
55963,4,350
55963,5,530
55963,6,80
,,
55964,,2250
55964,1,740
55964,2,530
55964,3,380
55964,4,260
55964,5,310
55964,6,30
,,
55965,,1090
55965,1,350
55965,2,290
55965,3,170
55965,4,120
55965,5,140
55965,6,20
,,
55967,,460
55967,1,110
55967,2,110
55967,3,70
55967,4,60
55967,5,110
55967,6,**
,,
55969,,510
55969,1,130
55969,2,140
55969,3,100
55969,4,70
55969,5,70
55969,6,**
,,
55970,,420
55970,1,120
55970,2,110
55970,3,70
55970,4,50
55970,5,70
55970,6,**
,,
55971,,1470
55971,1,510
55971,2,370
55971,3,230
55971,4,180
55971,5,180
55971,6,**
,,
55972,,2350
55972,1,710
55972,2,570
55972,3,360
55972,4,290
55972,5,370
55972,6,50
,,
55973,,120
55973,1,30
55973,2,60
55973,3,**
55973,4,30
55973,5,**
55973,6,**
,,
55974,,990
55974,1,370
55974,2,270
55974,3,150
55974,4,100
55974,5,100
55974,6,**
,,
55975,,2020
55975,1,650
55975,2,550
55975,3,310
55975,4,220
55975,5,250
55975,6,40
,,
55976,,3930
55976,1,1250
55976,2,940
55976,3,560
55976,4,460
55976,5,640
55976,6,80
,,
55979,,440
55979,1,130
55979,2,130
55979,3,80
55979,4,50
55979,5,50
55979,6,**
,,
55981,,2080
55981,1,760
55981,2,480
55981,3,300
55981,4,240
55981,5,240
55981,6,60
,,
55982,,220
55982,1,80
55982,2,60
55982,3,30
55982,4,20
55982,5,30
55982,6,0
,,
55983,,740
55983,1,240
55983,2,170
55983,3,130
55983,4,80
55983,5,120
55983,6,**
,,
55985,,880
55985,1,270
55985,2,240
55985,3,140
55985,4,110
55985,5,120
55985,6,**
,,
55987,,15000
55987,1,5620
55987,2,3900
55987,3,2140
55987,4,1400
55987,5,1560
55987,6,380
,,
55990,,420
55990,1,130
55990,2,120
55990,3,70
55990,4,50
55990,5,50
55990,6,**
,,
55991,,660
55991,1,190
55991,2,150
55991,3,80
55991,4,90
55991,5,130
55991,6,20
,,
55992,,2410
55992,1,680
55992,2,560
55992,3,370
55992,4,300
55992,5,430
55992,6,70
,,
56001,,21250
56001,1,8770
56001,2,5170
56001,3,2680
56001,4,1850
56001,5,2220
56001,6,560
,,
56003,,7500
56003,1,2360
56003,2,1830
56003,3,1080
56003,4,810
56003,5,1180
56003,6,240
,,
56007,,10020
56007,1,3660
56007,2,2960
56007,3,1430
56007,4,870
56007,5,890
56007,6,210
,,
56009,,780
56009,1,260
56009,2,180
56009,3,140
56009,4,100
56009,5,100
56009,6,**
,,
56010,,510
56010,1,150
56010,2,130
56010,3,90
56010,4,70
56010,5,70
56010,6,**
,,
56011,,4480
56011,1,1250
56011,2,1000
56011,3,730
56011,4,610
56011,5,790
56011,6,100
,,
56013,,2140
56013,1,750
56013,2,560
56013,3,340
56013,4,220
56013,5,210
56013,6,60
,,
56014,,350
56014,1,140
56014,2,80
56014,3,60
56014,4,40
56014,5,30
56014,6,**
,,
56016,,480
56016,1,150
56016,2,140
56016,3,80
56016,4,50
56016,5,60
56016,6,**
,,
56017,,850
56017,1,210
56017,2,190
56017,3,130
56017,4,140
56017,5,150
56017,6,30
,,
56019,,420
56019,1,140
56019,2,110
56019,3,70
56019,4,50
56019,5,50
56019,6,**
,,
56021,,540
56021,1,140
56021,2,120
56021,3,110
56021,4,90
56021,5,80
56021,6,**
,,
56023,,240
56023,1,90
56023,2,70
56023,3,40
56023,4,40
56023,5,**
56023,6,**
,,
56024,,1650
56024,1,510
56024,2,430
56024,3,260
56024,4,190
56024,5,260
56024,6,**
,,
56025,,270
56025,1,80
56025,2,60
56025,3,60
56025,4,30
56025,5,40
56025,6,**
,,
56026,,950
56026,1,280
56026,2,250
56026,3,170
56026,4,120
56026,5,130
56026,6,**
,,
56027,,360
56027,1,160
56027,2,90
56027,3,70
56027,4,**
56027,5,40
56027,6,**
,,
56028,,660
56028,1,190
56028,2,140
56028,3,100
56028,4,100
56028,5,100
56028,6,30
,,
56029,,310
56029,1,90
56029,2,90
56029,3,60
56029,4,40
56029,5,30
56029,6,**
,,
56031,,6080
56031,1,2350
56031,2,1470
56031,3,860
56031,4,590
56031,5,640
56031,6,170
,,
56033,,180
56033,1,50
56033,2,50
56033,3,50
56033,4,**
56033,5,30
56033,6,**
,,
56034,,270
56034,1,80
56034,2,70
56034,3,50
56034,4,40
56034,5,30
56034,6,**
,,
56036,,900
56036,1,310
56036,2,230
56036,3,160
56036,4,100
56036,5,100
56036,6,**
,,
56037,,770
56037,1,230
56037,2,170
56037,3,130
56037,4,120
56037,5,120
56037,6,**
,,
56039,,510
56039,1,170
56039,2,130
56039,3,90
56039,4,60
56039,5,60
56039,6,**
,,
56041,,570
56041,1,160
56041,2,170
56041,3,110
56041,4,60
56041,5,70
56041,6,**
,,
56042,,340
56042,1,110
56042,2,100
56042,3,50
56042,4,40
56042,5,40
56042,6,**
,,
56043,,260
56043,1,80
56043,2,60
56043,3,60
56043,4,30
56043,5,30
56043,6,**
,,
56044,,1060
56044,1,330
56044,2,250
56044,3,170
56044,4,130
56044,5,180
56044,6,**
,,
56045,,360
56045,1,100
56045,2,110
56045,3,50
56045,4,40
56045,5,60
56045,6,**
,,
56048,,1930
56048,1,580
56048,2,500
56048,3,330
56048,4,260
56048,5,230
56048,6,30
,,
56050,,800
56050,1,260
56050,2,180
56050,3,120
56050,4,90
56050,5,120
56050,6,30
,,
56051,,330
56051,1,120
56051,2,110
56051,3,50
56051,4,30
56051,5,20
56051,6,**
,,
56052,,370
56052,1,100
56052,2,100
56052,3,70
56052,4,50
56052,5,50
56052,6,**
,,
56054,,460
56054,1,140
56054,2,130
56054,3,80
56054,4,50
56054,5,60
56054,6,**
,,
56055,,1930
56055,1,570
56055,2,460
56055,3,330
56055,4,250
56055,5,270
56055,6,50
,,
56057,,1780
56057,1,540
56057,2,480
56057,3,290
56057,4,200
56057,5,250
56057,6,20
,,
56058,,3110
56058,1,960
56058,2,860
56058,3,490
56058,4,370
56058,5,370
56058,6,60
,,
56060,,210
56060,1,70
56060,2,60
56060,3,30
56060,4,20
56060,5,30
56060,6,**
,,
56062,,1580
56062,1,540
56062,2,450
56062,3,270
56062,4,160
56062,5,130
56062,6,30
,,
56063,,1450
56063,1,400
56063,2,300
56063,3,220
56063,4,160
56063,5,270
56063,6,100
,,
56065,,1320
56065,1,430
56065,2,350
56065,3,200
56065,4,150
56065,5,170
56065,6,20
,,
56068,,520
56068,1,160
56068,2,150
56068,3,90
56068,4,50
56068,5,70
56068,6,**
,,
56069,,2330
56069,1,750
56069,2,610
56069,3,400
56069,4,250
56069,5,290
56069,6,30
,,
56071,,6050
56071,1,1790
56071,2,1180
56071,3,900
56071,4,720
56071,5,1170
56071,6,290
,,
56072,,1120
56072,1,350
56072,2,300
56072,3,190
56072,4,120
56072,5,140
56072,6,20
,,
56073,,8620
56073,1,2860
56073,2,2240
56073,3,1410
56073,4,970
56073,5,940
56073,6,200
,,
56074,,980
56074,1,280
56074,2,250
56074,3,160
56074,4,130
56074,5,140
56074,6,20
,,
56078,,220
56078,1,70
56078,2,60
56078,3,30
56078,4,40
56078,5,20
56078,6,**
,,
56081,,2830
56081,1,990
56081,2,850
56081,3,400
56081,4,290
56081,5,270
56081,6,30
,,
56082,,5840
56082,1,2060
56082,2,1390
56082,3,850
56082,4,630
56082,5,770
56082,6,140
,,
56083,,420
56083,1,140
56083,2,110
56083,3,60
56083,4,60
56083,5,50
56083,6,**
,,
56085,,2680
56085,1,910
56085,2,700
56085,3,420
56085,4,320
56085,5,270
56085,6,60
,,
56087,,1480
56087,1,530
56087,2,360
56087,3,240
56087,4,150
56087,5,170
56087,6,30
,,
56088,,1000
56088,1,380
56088,2,240
56088,3,150
56088,4,110
56088,5,120
56088,6,**
,,
56090,,300
56090,1,90
56090,2,100
56090,3,50
56090,4,30
56090,5,30
56090,6,**
,,
56091,,190
56091,1,70
56091,2,60
56091,3,30
56091,4,30
56091,5,**
56091,6,**
,,
56093,,5880
56093,1,2040
56093,2,1620
56093,3,930
56093,4,620
56093,5,580
56093,6,90
,,
56096,,1520
56096,1,530
56096,2,370
56096,3,250
56096,4,200
56096,5,140
56096,6,30
,,
56097,,1740
56097,1,700
56097,2,430
56097,3,270
56097,4,170
56097,5,140
56097,6,30
,,
56098,,1020
56098,1,380
56098,2,270
56098,3,150
56098,4,120
56098,5,100
56098,6,**
,,
56101,,2920
56101,1,1090
56101,2,780
56101,3,450
56101,4,260
56101,5,290
56101,6,50
,,
56110,,880
56110,1,280
56110,2,240
56110,3,130
56110,4,110
56110,5,90
56110,6,30
,,
56111,,220
56111,1,70
56111,2,60
56111,3,40
56111,4,20
56111,5,30
56111,6,**
,,
56113,,110
56113,1,40
56113,2,40
56113,3,**
56113,4,30
56113,5,**
56113,6,**
,,
56114,,160
56114,1,50
56114,2,50
56114,3,20
56114,4,40
56114,5,**
56114,6,**
,,
56115,,600
56115,1,180
56115,2,130
56115,3,120
56115,4,80
56115,5,90
56115,6,**
,,
56116,,260
56116,1,80
56116,2,60
56116,3,40
56116,4,30
56116,5,50
56116,6,**
,,
56117,,170
56117,1,50
56117,2,60
56117,3,20
56117,4,20
56117,5,20
56117,6,**
,,
56118,,210
56118,1,70
56118,2,40
56118,3,30
56118,4,30
56118,5,40
56118,6,**
,,
56119,,500
56119,1,170
56119,2,120
56119,3,90
56119,4,60
56119,5,60
56119,6,**
,,
56120,,490
56120,1,140
56120,2,160
56120,3,80
56120,4,50
56120,5,60
56120,6,**
,,
56121,,280
56121,1,100
56121,2,80
56121,3,50
56121,4,30
56121,5,20
56121,6,**
,,
56122,,230
56122,1,80
56122,2,60
56122,3,40
56122,4,20
56122,5,30
56122,6,**
,,
56123,,250
56123,1,90
56123,2,70
56123,3,30
56123,4,30
56123,5,30
56123,6,**
,,
56127,,180
56127,1,60
56127,2,50
56127,3,30
56127,4,40
56127,5,**
56127,6,**
,,
56128,,910
56128,1,270
56128,2,200
56128,3,160
56128,4,130
56128,5,120
56128,6,30
,,
56129,,340
56129,1,120
56129,2,80
56129,3,60
56129,4,40
56129,5,40
56129,6,**
,,
56131,,1120
56131,1,360
56131,2,310
56131,3,180
56131,4,140
56131,5,130
56131,6,**
,,
56132,,280
56132,1,80
56132,2,80
56132,3,30
56132,4,30
56132,5,60
56132,6,**
,,
56134,,180
56134,1,60
56134,2,50
56134,3,30
56134,4,40
56134,5,**
56134,6,**
,,
56136,,490
56136,1,170
56136,2,120
56136,3,90
56136,4,40
56136,5,70
56136,6,**
,,
56137,,510
56137,1,150
56137,2,160
56137,3,80
56137,4,60
56137,5,60
56137,6,**
,,
56138,,400
56138,1,110
56138,2,100
56138,3,70
56138,4,60
56138,5,60
56138,6,**
,,
56139,,200
56139,1,70
56139,2,50
56139,3,40
56139,4,40
56139,5,**
56139,6,**
,,
56141,,170
56141,1,50
56141,2,40
56141,3,50
56141,4,**
56141,5,30
56141,6,**
,,
56142,,460
56142,1,160
56142,2,130
56142,3,90
56142,4,50
56142,5,30
56142,6,0
,,
56143,,2190
56143,1,670
56143,2,640
56143,3,340
56143,4,250
56143,5,240
56143,6,50
,,
56144,,510
56144,1,210
56144,2,130
56144,3,80
56144,4,50
56144,5,40
56144,6,**
,,
56145,,280
56145,1,100
56145,2,70
56145,3,60
56145,4,20
56145,5,30
56145,6,**
,,
56149,,580
56149,1,180
56149,2,160
56149,3,100
56149,4,70
56149,5,70
56149,6,**
,,
56150,,1380
56150,1,470
56150,2,370
56150,3,220
56150,4,180
56150,5,140
56150,6,**
,,
56151,,410
56151,1,140
56151,2,90
56151,3,70
56151,4,50
56151,5,60
56151,6,**
,,
56152,,650
56152,1,210
56152,2,170
56152,3,120
56152,4,80
56152,5,70
56152,6,**
,,
56155,,220
56155,1,70
56155,2,60
56155,3,60
56155,4,**
56155,5,30
56155,6,**
,,
56156,,2940
56156,1,1050
56156,2,710
56156,3,460
56156,4,300
56156,5,340
56156,6,80
,,
56157,,330
56157,1,90
56157,2,70
56157,3,50
56157,4,40
56157,5,60
56157,6,20
,,
56158,,180
56158,1,60
56158,2,50
56158,3,30
56158,4,20
56158,5,20
56158,6,**
,,
56159,,1230
56159,1,430
56159,2,330
56159,3,220
56159,4,130
56159,5,120
56159,6,**
,,
56160,,110
56160,1,40
56160,2,30
56160,3,40
56160,4,**
56160,5,**
56160,6,**
,,
56161,,190
56161,1,60
56161,2,50
56161,3,30
56161,4,50
56161,5,**
56161,6,**
,,
56162,,140
56162,1,50
56162,2,50
56162,3,**
56162,4,40
56162,5,**
56162,6,**
,,
56164,,2740
56164,1,1040
56164,2,720
56164,3,390
56164,4,270
56164,5,270
56164,6,50
,,
56165,,160
56165,1,50
56165,2,40
56165,3,50
56165,4,**
56165,5,20
56165,6,**
,,
56167,,320
56167,1,120
56167,2,80
56167,3,60
56167,4,30
56167,5,30
56167,6,**
,,
56168,,450
56168,1,150
56168,2,140
56168,3,70
56168,4,50
56168,5,40
56168,6,**
,,
56169,,320
56169,1,90
56169,2,80
56169,3,60
56169,4,40
56169,5,50
56169,6,**
,,
56170,,270
56170,1,100
56170,2,60
56170,3,50
56170,4,30
56170,5,30
56170,6,0
,,
56171,,810
56171,1,270
56171,2,210
56171,3,130
56171,4,90
56171,5,90
56171,6,20
,,
56172,,1500
56172,1,500
56172,2,350
56172,3,240
56172,4,170
56172,5,200
56172,6,40
,,
56173,,170
56173,1,60
56173,2,30
56173,3,40
56173,4,40
56173,5,**
56173,6,**
,,
56174,,170
56174,1,60
56174,2,50
56174,3,30
56174,4,30
56174,5,**
56174,6,**
,,
56175,,1390
56175,1,530
56175,2,350
56175,3,200
56175,4,150
56175,5,160
56175,6,**
,,
56176,,520
56176,1,190
56176,2,150
56176,3,60
56176,4,40
56176,5,80
56176,6,**
,,
56178,,790
56178,1,250
56178,2,180
56178,3,120
56178,4,110
56178,5,100
56178,6,30
,,
56180,,580
56180,1,220
56180,2,160
56180,3,80
56180,4,50
56180,5,70
56180,6,**
,,
56181,,570
56181,1,200
56181,2,170
56181,3,90
56181,4,50
56181,5,60
56181,6,**
,,
56183,,590
56183,1,220
56183,2,150
56183,3,80
56183,4,70
56183,5,70
56183,6,**
,,
56185,,270
56185,1,70
56185,2,80
56185,3,60
56185,4,30
56185,5,30
56185,6,**
,,
56186,,160
56186,1,50
56186,2,50
56186,3,30
56186,4,30
56186,5,**
56186,6,**
,,
56187,,6670
56187,1,2340
56187,2,2240
56187,3,920
56187,4,580
56187,5,490
56187,6,100
,,
56201,,11450
56201,1,4520
56201,2,3160
56201,3,1480
56201,4,980
56201,5,1040
56201,6,270
,,
56207,,130
56207,1,40
56207,2,30
56207,3,30
56207,4,30
56207,5,**
56207,6,**
,,
56208,,920
56208,1,330
56208,2,280
56208,3,140
56208,4,80
56208,5,90
56208,6,**
,,
56209,,1160
56209,1,360
56209,2,310
56209,3,210
56209,4,140
56209,5,120
56209,6,20
,,
56211,,220
56211,1,70
56211,2,60
56211,3,30
56211,4,20
56211,5,40
56211,6,**
,,
56212,,230
56212,1,70
56212,2,50
56212,3,40
56212,4,30
56212,5,40
56212,6,**
,,
56214,,370
56214,1,140
56214,2,100
56214,3,50
56214,4,40
56214,5,40
56214,6,**
,,
56215,,2180
56215,1,790
56215,2,530
56215,3,360
56215,4,210
56215,5,240
56215,6,50
,,
56216,,320
56216,1,100
56216,2,90
56216,3,60
56216,4,40
56216,5,30
56216,6,**
,,
56218,,270
56218,1,100
56218,2,70
56218,3,40
56218,4,30
56218,5,30
56218,6,**
,,
56219,,290
56219,1,110
56219,2,100
56219,3,60
56219,4,**
56219,5,20
56219,6,**
,,
56220,,1340
56220,1,450
56220,2,350
56220,3,210
56220,4,170
56220,5,140
56220,6,20
,,
56221,,370
56221,1,100
56221,2,100
56221,3,60
56221,4,50
56221,5,60
56221,6,**
,,
56222,,980
56222,1,310
56222,2,260
56222,3,150
56222,4,120
56222,5,110
56222,6,30
,,
56223,,640
56223,1,230
56223,2,160
56223,3,100
56223,4,80
56223,5,70
56223,6,**
,,
56224,,170
56224,1,50
56224,2,50
56224,3,40
56224,4,**
56224,5,30
56224,6,**
,,
56225,,360
56225,1,130
56225,2,90
56225,3,60
56225,4,40
56225,5,40
56225,6,**
,,
56226,,110
56226,1,20
56226,2,50
56226,3,**
56226,4,40
56226,5,**
56226,6,**
,,
56227,,100
56227,1,30
56227,2,40
56227,3,**
56227,4,30
56227,5,**
56227,6,0
,,
56228,,450
56228,1,160
56228,2,130
56228,3,80
56228,4,40
56228,5,40
56228,6,**
,,
56229,,890
56229,1,270
56229,2,210
56229,3,120
56229,4,120
56229,5,140
56229,6,30
,,
56230,,360
56230,1,120
56230,2,90
56230,3,60
56230,4,50
56230,5,40
56230,6,**
,,
56231,,190
56231,1,50
56231,2,40
56231,3,40
56231,4,20
56231,5,40
56231,6,**
,,
56232,,1080
56232,1,370
56232,2,260
56232,3,170
56232,4,120
56232,5,130
56232,6,30
,,
56235,,310
56235,1,80
56235,2,80
56235,3,60
56235,4,40
56235,5,50
56235,6,**
,,
56236,,180
56236,1,40
56236,2,40
56236,3,20
56236,4,30
56236,5,50
56236,6,**
,,
56237,,270
56237,1,90
56237,2,80
56237,3,40
56237,4,30
56237,5,30
56237,6,**
,,
56239,,310
56239,1,100
56239,2,60
56239,3,60
56239,4,40
56239,5,50
56239,6,**
,,
56240,,490
56240,1,210
56240,2,100
56240,3,70
56240,4,40
56240,5,70
56240,6,**
,,
56241,,2090
56241,1,770
56241,2,520
56241,3,330
56241,4,210
56241,5,220
56241,6,40
,,
56243,,750
56243,1,250
56243,2,220
56243,3,120
56243,4,90
56243,5,70
56243,6,**
,,
56244,,770
56244,1,230
56244,2,210
56244,3,110
56244,4,90
56244,5,100
56244,6,30
,,
56245,,240
56245,1,70
56245,2,60
56245,3,40
56245,4,30
56245,5,40
56245,6,**
,,
56248,,390
56248,1,120
56248,2,90
56248,3,80
56248,4,40
56248,5,60
56248,6,**
,,
56249,,150
56249,1,50
56249,2,40
56249,3,40
56249,4,**
56249,5,20
56249,6,**
,,
56251,,500
56251,1,170
56251,2,110
56251,3,100
56251,4,60
56251,5,60
56251,6,**
,,
56252,,560
56252,1,170
56252,2,160
56252,3,110
56252,4,60
56252,5,60
56252,6,**
,,
56253,,510
56253,1,180
56253,2,140
56253,3,80
56253,4,60
56253,5,50
56253,6,**
,,
56255,,170
56255,1,60
56255,2,40
56255,3,30
56255,4,40
56255,5,**
56255,6,0
,,
56256,,1220
56256,1,400
56256,2,320
56256,3,210
56256,4,130
56256,5,120
56256,6,40
,,
56257,,230
56257,1,90
56257,2,50
56257,3,30
56257,4,30
56257,5,30
56257,6,**
,,
56258,,7070
56258,1,2600
56258,2,1740
56258,3,900
56258,4,710
56258,5,880
56258,6,240
,,
56260,,420
56260,1,130
56260,2,120
56260,3,70
56260,4,50
56260,5,50
56260,6,**
,,
56262,,360
56262,1,110
56262,2,110
56262,3,60
56262,4,40
56262,5,40
56262,6,**
,,
56263,,270
56263,1,90
56263,2,70
56263,3,40
56263,4,40
56263,5,30
56263,6,**
,,
56264,,980
56264,1,350
56264,2,210
56264,3,160
56264,4,130
56264,5,130
56264,6,**
,,
56265,,3700
56265,1,1270
56265,2,1020
56265,3,550
56265,4,390
56265,5,370
56265,6,100
,,
56266,,720
56266,1,240
56266,2,200
56266,3,120
56266,4,70
56266,5,90
56266,6,**
,,
56267,,2890
56267,1,1010
56267,2,700
56267,3,430
56267,4,300
56267,5,360
56267,6,90
,,
56270,,780
56270,1,340
56270,2,250
56270,3,100
56270,4,50
56270,5,40
56270,6,**
,,
56271,,550
56271,1,160
56271,2,150
56271,3,110
56271,4,60
56271,5,70
56271,6,**
,,
56273,,2420
56273,1,810
56273,2,570
56273,3,360
56273,4,280
56273,5,340
56273,6,60
,,
56276,,120
56276,1,40
56276,2,30
56276,3,20
56276,4,30
56276,5,**
56276,6,**
,,
56277,,1480
56277,1,530
56277,2,340
56277,3,230
56277,4,150
56277,5,190
56277,6,40
,,
56278,,1240
56278,1,440
56278,2,340
56278,3,200
56278,4,130
56278,5,110
56278,6,20
,,
56279,,590
56279,1,200
56279,2,150
56279,3,90
56279,4,80
56279,5,70
56279,6,**
,,
56280,,240
56280,1,70
56280,2,70
56280,3,40
56280,4,30
56280,5,30
56280,6,**
,,
56281,,300
56281,1,80
56281,2,70
56281,3,50
56281,4,40
56281,5,60
56281,6,**
,,
56282,,690
56282,1,230
56282,2,160
56282,3,130
56282,4,90
56282,5,80
56282,6,**
,,
56283,,3280
56283,1,1190
56283,2,860
56283,3,480
56283,4,320
56283,5,350
56283,6,80
,,
56284,,940
56284,1,320
56284,2,240
56284,3,150
56284,4,110
56284,5,120
56284,6,**
,,
56285,,490
56285,1,140
56285,2,120
56285,3,90
56285,4,70
56285,5,70
56285,6,**
,,
56288,,2410
56288,1,660
56288,2,480
56288,3,340
56288,4,300
56288,5,450
56288,6,180
,,
56289,,350
56289,1,120
56289,2,80
56289,3,60
56289,4,40
56289,5,50
56289,6,**
,,
56291,,230
56291,1,90
56291,2,70
56291,3,30
56291,4,20
56291,5,20
56291,6,**
,,
56292,,280
56292,1,90
56292,2,80
56292,3,50
56292,4,30
56292,5,30
56292,6,**
,,
56293,,580
56293,1,180
56293,2,140
56293,3,100
56293,4,70
56293,5,90
56293,6,**
,,
56295,,140
56295,1,50
56295,2,40
56295,3,20
56295,4,30
56295,5,**
56295,6,**
,,
56296,,950
56296,1,320
56296,2,240
56296,3,140
56296,4,100
56296,5,120
56296,6,30
,,
56297,,400
56297,1,120
56297,2,100
56297,3,80
56297,4,50
56297,5,50
56297,6,**
,,
56301,,14520
56301,1,5940
56301,2,3490
56301,3,1790
56301,4,1190
56301,5,1580
56301,6,530
,,
56303,,13440
56303,1,5180
56303,2,3950
56303,3,1890
56303,4,1110
56303,5,1100
56303,6,210
,,
56304,,7370
56304,1,3320
56304,2,1930
56304,3,830
56304,4,530
56304,5,620
56304,6,140
,,
56307,,2430
56307,1,790
56307,2,560
56307,3,410
56307,4,310
56307,5,310
56307,6,50
,,
56308,,12780
56308,1,4310
56308,2,3040
56308,3,1870
56308,4,1420
56308,5,1630
56308,6,510
,,
56309,,610
56309,1,200
56309,2,140
56309,3,100
56309,4,80
56309,5,90
56309,6,**
,,
56310,,2550
56310,1,730
56310,2,600
56310,3,380
56310,4,340
56310,5,410
56310,6,90
,,
56311,,300
56311,1,110
56311,2,80
56311,3,50
56311,4,30
56311,5,30
56311,6,**
,,
56312,,1040
56312,1,350
56312,2,270
56312,3,180
56312,4,120
56312,5,90
56312,6,30
,,
56314,,580
56314,1,200
56314,2,140
56314,3,110
56314,4,70
56314,5,60
56314,6,**
,,
56315,,780
56315,1,240
56315,2,190
56315,3,130
56315,4,110
56315,5,110
56315,6,**
,,
56316,,680
56316,1,240
56316,2,210
56316,3,110
56316,4,60
56316,5,60
56316,6,**
,,
56318,,530
56318,1,170
56318,2,130
56318,3,90
56318,4,80
56318,5,60
56318,6,**
,,
56319,,670
56319,1,210
56319,2,180
56319,3,110
56319,4,70
56319,5,80
56319,6,20
,,
56320,,3910
56320,1,1190
56320,2,880
56320,3,580
56320,4,470
56320,5,640
56320,6,150
,,
56323,,260
56323,1,70
56323,2,80
56323,3,60
56323,4,30
56323,5,20
56323,6,**
,,
56324,,540
56324,1,180
56324,2,120
56324,3,90
56324,4,60
56324,5,90
56324,6,**
,,
56326,,720
56326,1,230
56326,2,190
56326,3,120
56326,4,100
56326,5,80
56326,6,**
,,
56327,,410
56327,1,130
56327,2,90
56327,3,60
56327,4,50
56327,5,80
56327,6,**
,,
56329,,3230
56329,1,960
56329,2,820
56329,3,550
56329,4,400
56329,5,440
56329,6,60
,,
56330,,780
56330,1,230
56330,2,220
56330,3,150
56330,4,90
56330,5,90
56330,6,**
,,
56331,,980
56331,1,300
56331,2,260
56331,3,170
56331,4,120
56331,5,110
56331,6,20
,,
56332,,690
56332,1,220
56332,2,150
56332,3,100
56332,4,100
56332,5,120
56332,6,**
,,
56334,,2770
56334,1,870
56334,2,670
56334,3,430
56334,4,310
56334,5,390
56334,6,100
,,
56336,,710
56336,1,220
56336,2,160
56336,3,120
56336,4,100
56336,5,110
56336,6,**
,,
56338,,740
56338,1,240
56338,2,210
56338,3,120
56338,4,90
56338,5,80
56338,6,**
,,
56339,,550
56339,1,190
56339,2,160
56339,3,80
56339,4,70
56339,5,50
56339,6,**
,,
56340,,1060
56340,1,330
56340,2,240
56340,3,200
56340,4,150
56340,5,140
56340,6,**
,,
56342,,1350
56342,1,540
56342,2,310
56342,3,240
56342,4,110
56342,5,120
56342,6,30
,,
56343,,450
56343,1,150
56343,2,100
56343,3,90
56343,4,50
56343,5,60
56343,6,**
,,
56345,,6820
56345,1,2590
56345,2,1700
56345,3,1120
56345,4,680
56345,5,630
56345,6,100
,,
56347,,3120
56347,1,1120
56347,2,990
56347,3,520
56347,4,270
56347,5,200
56347,6,20
,,
56349,,370
56349,1,110
56349,2,100
56349,3,60
56349,4,50
56349,5,50
56349,6,**
,,
56350,,220
56350,1,90
56350,2,50
56350,3,60
56350,4,**
56350,5,20
56350,6,0
,,
56352,,2650
56352,1,910
56352,2,730
56352,3,400
56352,4,290
56352,5,270
56352,6,50
,,
56353,,4170
56353,1,1450
56353,2,1100
56353,3,720
56353,4,440
56353,5,410
56353,6,50
,,
56354,,690
56354,1,200
56354,2,180
56354,3,130
56354,4,80
56354,5,80
56354,6,20
,,
56355,,330
56355,1,110
56355,2,90
56355,3,50
56355,4,40
56355,5,40
56355,6,**
,,
56357,,470
56357,1,140
56357,2,130
56357,3,80
56357,4,50
56357,5,70
56357,6,**
,,
56358,,1490
56358,1,540
56358,2,380
56358,3,270
56358,4,170
56358,5,130
56358,6,**
,,
56359,,1460
56359,1,620
56359,2,390
56359,3,210
56359,4,110
56359,5,100
56359,6,30
,,
56360,,1910
56360,1,710
56360,2,470
56360,3,330
56360,4,210
56360,5,160
56360,6,30
,,
56361,,1130
56361,1,400
56361,2,300
56361,3,190
56361,4,140
56361,5,100
56361,6,**
,,
56362,,2870
56362,1,930
56362,2,730
56362,3,500
56362,4,330
56362,5,320
56362,6,60
,,
56364,,2320
56364,1,790
56364,2,610
56364,3,400
56364,4,280
56364,5,210
56364,6,30
,,
56367,,3380
56367,1,1000
56367,2,790
56367,3,590
56367,4,420
56367,5,470
56367,6,110
,,
56368,,2110
56368,1,600
56368,2,510
56368,3,340
56368,4,310
56368,5,280
56368,6,70
,,
56373,,1450
56373,1,430
56373,2,400
56373,3,250
56373,4,170
56373,5,200
56373,6,**
,,
56374,,3960
56374,1,1160
56374,2,920
56374,3,670
56374,4,520
56374,5,580
56374,6,110
,,
56375,,400
56375,1,120
56375,2,100
56375,3,60
56375,4,50
56375,5,70
56375,6,**
,,
56377,,9180
56377,1,2660
56377,2,1940
56377,3,1290
56377,4,1120
56377,5,1640
56377,6,530
,,
56378,,3790
56378,1,1310
56378,2,970
56378,3,610
56378,4,430
56378,5,380
56378,6,90
,,
56379,,8300
56379,1,2740
56379,2,2090
56379,3,1330
56379,4,890
56379,5,1080
56379,6,170
,,
56381,,1220
56381,1,410
56381,2,310
56381,3,200
56381,4,140
56381,5,130
56381,6,30
,,
56382,,660
56382,1,240
56382,2,170
56382,3,110
56382,4,80
56382,5,60
56382,6,**
,,
56384,,190
56384,1,80
56384,2,60
56384,3,20
56384,4,30
56384,5,**
56384,6,**
,,
56385,,470
56385,1,150
56385,2,120
56385,3,100
56385,4,50
56385,5,50
56385,6,**
,,
56386,,300
56386,1,110
56386,2,70
56386,3,50
56386,4,30
56386,5,40
56386,6,**
,,
56387,,3840
56387,1,1700
56387,2,1320
56387,3,400
56387,4,210
56387,5,180
56387,6,30
,,
56401,,13970
56401,1,5350
56401,2,3800
56401,3,1960
56401,4,1250
56401,5,1300
56401,6,310
,,
56425,,4050
56425,1,1370
56425,2,920
56425,3,640
56425,4,460
56425,5,540
56425,6,120
,,
56431,,4110
56431,1,1540
56431,2,1010
56431,3,640
56431,4,400
56431,5,430
56431,6,90
,,
56433,,730
56433,1,290
56433,2,200
56433,3,120
56433,4,60
56433,5,60
56433,6,**
,,
56435,,1160
56435,1,460
56435,2,290
56435,3,200
56435,4,120
56435,5,90
56435,6,**
,,
56437,,470
56437,1,220
56437,2,120
56437,3,50
56437,4,50
56437,5,30
56437,6,**
,,
56438,,1270
56438,1,470
56438,2,360
56438,3,200
56438,4,130
56438,5,110
56438,6,**
,,
56440,,530
56440,1,220
56440,2,160
56440,3,80
56440,4,40
56440,5,30
56440,6,**
,,
56441,,1530
56441,1,630
56441,2,430
56441,3,240
56441,4,110
56441,5,120
56441,6,**
,,
56442,,1430
56442,1,460
56442,2,300
56442,3,210
56442,4,150
56442,5,230
56442,6,80
,,
56443,,660
56443,1,230
56443,2,140
56443,3,110
56443,4,90
56443,5,90
56443,6,**
,,
56444,,1470
56444,1,510
56444,2,340
56444,3,200
56444,4,170
56444,5,200
56444,6,50
,,
56446,,720
56446,1,300
56446,2,230
56446,3,80
56446,4,60
56446,5,50
56446,6,**
,,
56447,,500
56447,1,200
56447,2,120
56447,3,80
56447,4,50
56447,5,50
56447,6,**
,,
56448,,230
56448,1,60
56448,2,70
56448,3,40
56448,4,30
56448,5,30
56448,6,**
,,
56449,,760
56449,1,210
56449,2,190
56449,3,150
56449,4,100
56449,5,110
56449,6,**
,,
56450,,550
56450,1,230
56450,2,150
56450,3,70
56450,4,50
56450,5,50
56450,6,**
,,
56452,,1010
56452,1,350
56452,2,280
56452,3,140
56452,4,100
56452,5,110
56452,6,30
,,
56453,,370
56453,1,150
56453,2,100
56453,3,70
56453,4,50
56453,5,**
56453,6,**
,,
56455,,760
56455,1,270
56455,2,220
56455,3,120
56455,4,60
56455,5,90
56455,6,**
,,
56458,,190
56458,1,70
56458,2,50
56458,3,30
56458,4,40
56458,5,**
56458,6,**
,,
56461,,1460
56461,1,490
56461,2,370
56461,3,250
56461,4,180
56461,5,170
56461,6,**
,,
56464,,1870
56464,1,670
56464,2,510
56464,3,340
56464,4,190
56464,5,140
56464,6,20
,,
56465,,1080
56465,1,360
56465,2,260
56465,3,160
56465,4,120
56465,5,150
56465,6,30
,,
56466,,1410
56466,1,540
56466,2,390
56466,3,230
56466,4,130
56466,5,100
56466,6,20
,,
56467,,1150
56467,1,380
56467,2,270
56467,3,180
56467,4,130
56467,5,150
56467,6,40
,,
56468,,2360
56468,1,720
56468,2,460
56468,3,360
56468,4,250
56468,5,400
56468,6,170
,,
56469,,480
56469,1,160
56469,2,140
56469,3,80
56469,4,50
56469,5,50
56469,6,**
,,
56470,,4850
56470,1,1830
56470,2,1200
56470,3,710
56470,4,480
56470,5,500
56470,6,130
,,
56472,,3900
56472,1,1410
56472,2,940
56472,3,550
56472,4,410
56472,5,470
56472,6,120
,,
56473,,1690
56473,1,580
56473,2,430
56473,3,240
56473,4,200
56473,5,200
56473,6,40
,,
56474,,1970
56474,1,800
56474,2,570
56474,3,280
56474,4,150
56474,5,130
56474,6,40
,,
56475,,730
56475,1,270
56475,2,200
56475,3,140
56475,4,70
56475,5,50
56475,6,**
,,
56477,,1110
56477,1,430
56477,2,320
56477,3,180
56477,4,110
56477,5,70
56477,6,**
,,
56479,,2310
56479,1,870
56479,2,650
56479,3,360
56479,4,210
56479,5,190
56479,6,30
,,
56481,,920
56481,1,360
56481,2,260
56481,3,140
56481,4,90
56481,5,70
56481,6,**
,,
56482,,2930
56482,1,1160
56482,2,850
56482,3,420
56482,4,250
56482,5,200
56482,6,50
,,
56484,,1890
56484,1,730
56484,2,460
56484,3,250
56484,4,190
56484,5,200
56484,6,60
,,
56501,,8030
56501,1,2730
56501,2,2000
56501,3,1250
56501,4,830
56501,5,980
56501,6,240
,,
56510,,1110
56510,1,370
56510,2,300
56510,3,190
56510,4,110
56510,5,120
56510,6,20
,,
56511,,930
56511,1,280
56511,2,230
56511,3,150
56511,4,120
56511,5,120
56511,6,30
,,
56514,,1810
56514,1,510
56514,2,450
56514,3,310
56514,4,240
56514,5,270
56514,6,30
,,
56515,,1500
56515,1,500
56515,2,330
56515,3,240
56515,4,170
56515,5,220
56515,6,40
,,
56516,,110
56516,1,40
56516,2,50
56516,3,**
56516,4,20
56516,5,**
56516,6,**
,,
56517,,120
56517,1,50
56517,2,20
56517,3,20
56517,4,30
56517,5,**
56517,6,**
,,
56518,,180
56518,1,60
56518,2,60
56518,3,30
56518,4,30
56518,5,**
56518,6,**
,,
56519,,130
56519,1,40
56519,2,30
56519,3,30
56519,4,30
56519,5,**
56519,6,**
,,
56520,,1880
56520,1,650
56520,2,470
56520,3,280
56520,4,230
56520,5,200
56520,6,50
,,
56521,,360
56521,1,140
56521,2,110
56521,3,60
56521,4,30
56521,5,20
56521,6,**
,,
56522,,280
56522,1,80
56522,2,80
56522,3,60
56522,4,30
56522,5,30
56522,6,**
,,
56523,,240
56523,1,70
56523,2,70
56523,3,70
56523,4,**
56523,5,30
56523,6,**
,,
56524,,360
56524,1,130
56524,2,90
56524,3,50
56524,4,30
56524,5,60
56524,6,**
,,
56527,,390
56527,1,160
56527,2,120
56527,3,50
56527,4,60
56527,5,**
56527,6,0
,,
56528,,770
56528,1,240
56528,2,210
56528,3,120
56528,4,80
56528,5,100
56528,6,20
,,
56529,,2130
56529,1,700
56529,2,560
56529,3,290
56529,4,250
56529,5,300
56529,6,30
,,
56531,,930
56531,1,310
56531,2,240
56531,3,140
56531,4,110
56531,5,110
56531,6,20
,,
56533,,170
56533,1,50
56533,2,40
56533,3,60
56533,4,**
56533,5,20
56533,6,0
,,
56534,,590
56534,1,190
56534,2,150
56534,3,100
56534,4,70
56534,5,80
56534,6,**
,,
56535,,580
56535,1,200
56535,2,140
56535,3,90
56535,4,50
56535,5,100
56535,6,**
,,
56536,,220
56536,1,60
56536,2,50
56536,3,40
56536,4,30
56536,5,40
56536,6,**
,,
56537,,8900
56537,1,3220
56537,2,2150
56537,3,1300
56537,4,960
56537,5,1050
56537,6,220
,,
56540,,910
56540,1,310
56540,2,210
56540,3,160
56540,4,100
56540,5,130
56540,6,**
,,
56542,,1240
56542,1,480
56542,2,320
56542,3,170
56542,4,130
56542,5,110
56542,6,30
,,
56543,,140
56543,1,40
56543,2,40
56543,3,40
56543,4,**
56543,5,20
56543,6,**
,,
56544,,2370
56544,1,840
56544,2,610
56544,3,370
56544,4,250
56544,5,270
56544,6,30
,,
56545,,320
56545,1,110
56545,2,90
56545,3,50
56545,4,40
56545,5,30
56545,6,**
,,
56546,,140
56546,1,40
56546,2,40
56546,3,40
56546,4,**
56546,5,20
56546,6,**
,,
56547,,1250
56547,1,350
56547,2,270
56547,3,190
56547,4,170
56547,5,230
56547,6,40
,,
56548,,350
56548,1,120
56548,2,100
56548,3,50
56548,4,30
56548,5,50
56548,6,**
,,
56549,,2330
56549,1,750
56549,2,440
56549,3,340
56549,4,330
56549,5,400
56549,6,70
,,
56550,,200
56550,1,70
56550,2,50
56550,3,30
56550,4,30
56550,5,20
56550,6,**
,,
56551,,1040
56551,1,420
56551,2,280
56551,3,150
56551,4,100
56551,5,90
56551,6,**
,,
56552,,210
56552,1,80
56552,2,50
56552,3,30
56552,4,30
56552,5,20
56552,6,**
,,
56553,,150
56553,1,50
56553,2,30
56553,3,30
56553,4,40
56553,5,**
56553,6,**
,,
56554,,1350
56554,1,420
56554,2,290
56554,3,210
56554,4,160
56554,5,220
56554,6,50
,,
56556,,490
56556,1,150
56556,2,150
56556,3,90
56556,4,60
56556,5,40
56556,6,**
,,
56557,,1180
56557,1,500
56557,2,340
56557,3,150
56557,4,90
56557,5,100
56557,6,**
,,
56560,,18840
56560,1,6550
56560,2,4700
56560,3,2790
56560,4,2020
56560,5,2410
56560,6,370
,,
56566,,200
56566,1,90
56566,2,60
56566,3,20
56566,4,30
56566,5,**
56566,6,**
,,
56567,,1540
56567,1,540
56567,2,460
56567,3,240
56567,4,160
56567,5,120
56567,6,20
,,
56569,,530
56569,1,200
56569,2,140
56569,3,80
56569,4,60
56569,5,50
56569,6,**
,,
56570,,570
56570,1,210
56570,2,160
56570,3,90
56570,4,50
56570,5,60
56570,6,**
,,
56571,,900
56571,1,280
56571,2,230
56571,3,140
56571,4,120
56571,5,110
56571,6,20
,,
56572,,2690
56572,1,880
56572,2,760
56572,3,390
56572,4,300
56572,5,290
56572,6,70
,,
56573,,3260
56573,1,1120
56573,2,850
56573,3,510
56573,4,310
56573,5,370
56573,6,100
,,
56574,,160
56574,1,60
56574,2,60
56574,3,**
56574,4,20
56574,5,20
56574,6,**
,,
56575,,250
56575,1,120
56575,2,50
56575,3,60
56575,4,**
56575,5,20
56575,6,**
,,
56576,,390
56576,1,120
56576,2,110
56576,3,60
56576,4,40
56576,5,60
56576,6,**
,,
56578,,420
56578,1,120
56578,2,110
56578,3,70
56578,4,50
56578,5,70
56578,6,**
,,
56579,,550
56579,1,180
56579,2,140
56579,3,90
56579,4,70
56579,5,70
56579,6,**
,,
56580,,580
56580,1,150
56580,2,120
56580,3,100
56580,4,90
56580,5,120
56580,6,**
,,
56581,,130
56581,1,60
56581,2,30
56581,3,20
56581,4,20
56581,5,**
56581,6,**
,,
56584,,650
56584,1,210
56584,2,200
56584,3,110
56584,4,70
56584,5,60
56584,6,**
,,
56585,,440
56585,1,120
56585,2,110
56585,3,90
56585,4,50
56585,5,70
56585,6,**
,,
56586,,930
56586,1,290
56586,2,220
56586,3,160
56586,4,120
56586,5,120
56586,6,20
,,
56587,,800
56587,1,260
56587,2,210
56587,3,120
56587,4,100
56587,5,90
56587,6,20
,,
56588,,250
56588,1,90
56588,2,60
56588,3,40
56588,4,30
56588,5,30
56588,6,**
,,
56589,,780
56589,1,280
56589,2,230
56589,3,130
56589,4,70
56589,5,70
56589,6,**
,,
56590,,180
56590,1,50
56590,2,50
56590,3,50
56590,4,**
56590,5,30
56590,6,**
,,
56592,,220
56592,1,90
56592,2,70
56592,3,40
56592,4,**
56592,5,20
56592,6,**
,,
56594,,210
56594,1,60
56594,2,50
56594,3,40
56594,4,20
56594,5,40
56594,6,**
,,
56601,,14340
56601,1,5340
56601,2,3420
56601,3,2070
56601,4,1430
56601,5,1710
56601,6,370
,,
56621,,1990
56621,1,790
56621,2,510
56621,3,330
56621,4,160
56621,5,180
56621,6,20
,,
56623,,1390
56623,1,520
56623,2,360
56623,3,210
56623,4,140
56623,5,140
56623,6,20
,,
56626,,140
56626,1,70
56626,2,40
56626,3,30
56626,4,**
56626,5,**
56626,6,**
,,
56627,,120
56627,1,50
56627,2,30
56627,3,40
56627,4,**
56627,5,**
56627,6,0
,,
56628,,690
56628,1,240
56628,2,190
56628,3,100
56628,4,70
56628,5,90
56628,6,**
,,
56630,,1050
56630,1,420
56630,2,310
56630,3,170
56630,4,70
56630,5,80
56630,6,**
,,
56633,,1880
56633,1,880
56633,2,570
56633,3,220
56633,4,100
56633,5,110
56633,6,**
,,
56634,,680
56634,1,210
56634,2,190
56634,3,120
56634,4,70
56634,5,90
56634,6,**
,,
56636,,2190
56636,1,840
56636,2,550
56636,3,340
56636,4,230
56636,5,230
56636,6,**
,,
56637,,110
56637,1,40
56637,2,50
56637,3,**
56637,4,20
56637,5,**
56637,6,**
,,
56639,,190
56639,1,80
56639,2,50
56639,3,30
56639,4,30
56639,5,**
56639,6,**
,,
56641,,150
56641,1,60
56641,2,50
56641,3,40
56641,4,**
56641,5,**
56641,6,**
,,
56644,,350
56644,1,110
56644,2,90
56644,3,60
56644,4,40
56644,5,50
56644,6,**
,,
56646,,170
56646,1,60
56646,2,50
56646,3,40
56646,4,**
56646,5,20
56646,6,**
,,
56647,,300
56647,1,100
56647,2,70
56647,3,60
56647,4,40
56647,5,30
56647,6,**
,,
56649,,4370
56649,1,1800
56649,2,910
56649,3,650
56649,4,490
56649,5,470
56649,6,50
,,
56650,,310
56650,1,140
56650,2,70
56650,3,50
56650,4,20
56650,5,30
56650,6,**
,,
56651,,230
56651,1,90
56651,2,60
56651,3,40
56651,4,40
56651,5,**
56651,6,**
,,
56652,,220
56652,1,60
56652,2,60
56652,3,40
56652,4,30
56652,5,30
56652,6,**
,,
56653,,580
56653,1,210
56653,2,120
56653,3,120
56653,4,70
56653,5,60
56653,6,**
,,
56655,,740
56655,1,280
56655,2,170
56655,3,120
56655,4,70
56655,5,100
56655,6,**
,,
56657,,180
56657,1,60
56657,2,40
56657,3,30
56657,4,20
56657,5,30
56657,6,**
,,
56660,,100
56660,1,40
56660,2,20
56660,3,40
56660,4,**
56660,5,**
56660,6,**
,,
56661,,390
56661,1,160
56661,2,110
56661,3,50
56661,4,30
56661,5,40
56661,6,**
,,
56662,,280
56662,1,100
56662,2,50
56662,3,50
56662,4,40
56662,5,40
56662,6,**
,,
56667,,310
56667,1,110
56667,2,70
56667,3,60
56667,4,40
56667,5,30
56667,6,**
,,
56669,,150
56669,1,50
56669,2,30
56669,3,30
56669,4,40
56669,5,**
56669,6,0
,,
56672,,850
56672,1,320
56672,2,230
56672,3,140
56672,4,80
56672,5,80
56672,6,**
,,
56673,,300
56673,1,70
56673,2,110
56673,3,70
56673,4,50
56673,5,**
56673,6,**
,,
56676,,760
56676,1,260
56676,2,190
56676,3,150
56676,4,70
56676,5,90
56676,6,**
,,
56678,,580
56678,1,210
56678,2,150
56678,3,100
56678,4,50
56678,5,70
56678,6,**
,,
56681,,110
56681,1,50
56681,2,30
56681,3,30
56681,4,**
56681,5,**
56681,6,**
,,
56683,,320
56683,1,100
56683,2,80
56683,3,50
56683,4,40
56683,5,50
56683,6,**
,,
56684,,180
56684,1,60
56684,2,50
56684,3,30
56684,4,40
56684,5,**
56684,6,**
,,
56686,,420
56686,1,160
56686,2,120
56686,3,70
56686,4,40
56686,5,30
56686,6,**
,,
56701,,6400
56701,1,2000
56701,2,1950
56701,3,940
56701,4,740
56701,5,660
56701,6,110
,,
56710,,230
56710,1,60
56710,2,70
56710,3,40
56710,4,30
56710,5,30
56710,6,**
,,
56713,,460
56713,1,150
56713,2,100
56713,3,70
56713,4,60
56713,5,80
56713,6,**
,,
56714,,560
56714,1,190
56714,2,190
56714,3,90
56714,4,50
56714,5,40
56714,6,**
,,
56715,,180
56715,1,50
56715,2,50
56715,3,50
56715,4,**
56715,5,30
56715,6,**
,,
56716,,4080
56716,1,1470
56716,2,1100
56716,3,610
56716,4,420
56716,5,410
56716,6,70
,,
56721,,4960
56721,1,1630
56721,2,1130
56721,3,710
56721,4,590
56721,5,790
56721,6,110
,,
56722,,190
56722,1,50
56722,2,40
56722,3,70
56722,4,**
56722,5,30
56722,6,**
,,
56723,,470
56723,1,100
56723,2,120
56723,3,80
56723,4,70
56723,5,100
56723,6,**
,,
56725,,420
56725,1,130
56725,2,120
56725,3,70
56725,4,60
56725,5,40
56725,6,**
,,
56726,,750
56726,1,280
56726,2,210
56726,3,120
56726,4,70
56726,5,70
56726,6,**
,,
56727,,380
56727,1,120
56727,2,120
56727,3,70
56727,4,40
56727,5,30
56727,6,**
,,
56728,,650
56728,1,180
56728,2,150
56728,3,110
56728,4,80
56728,5,110
56728,6,20
,,
56732,,520
56732,1,190
56732,2,160
56732,3,70
56732,4,60
56732,5,40
56732,6,**
,,
56733,,200
56733,1,70
56733,2,40
56733,3,40
56733,4,20
56733,5,30
56733,6,**
,,
56734,,210
56734,1,90
56734,2,50
56734,3,40
56734,4,30
56734,5,**
56734,6,**
,,
56735,,350
56735,1,110
56735,2,100
56735,3,60
56735,4,50
56735,5,30
56735,6,**
,,
56736,,420
56736,1,120
56736,2,110
56736,3,70
56736,4,40
56736,5,60
56736,6,20
,,
56737,,400
56737,1,130
56737,2,130
56737,3,60
56737,4,50
56737,5,30
56737,6,**
,,
56738,,630
56738,1,200
56738,2,160
56738,3,100
56738,4,100
56738,5,70
56738,6,**
,,
56742,,370
56742,1,110
56742,2,130
56742,3,60
56742,4,40
56742,5,30
56742,6,**
,,
56744,,240
56744,1,70
56744,2,70
56744,3,40
56744,4,20
56744,5,40
56744,6,**
,,
56748,,290
56748,1,90
56748,2,100
56748,3,30
56748,4,40
56748,5,30
56748,6,**
,,
56750,,1160
56750,1,370
56750,2,300
56750,3,190
56750,4,130
56750,5,170
56750,6,**
,,
56751,,2770
56751,1,830
56751,2,800
56751,3,410
56751,4,320
56751,5,360
56751,6,50
,,
56754,,250
56754,1,70
56754,2,70
56754,3,40
56754,4,30
56754,5,40
56754,6,**
,,
56756,,340
56756,1,110
56756,2,110
56756,3,60
56756,4,40
56756,5,20
56756,6,**
,,
56757,,450
56757,1,120
56757,2,120
56757,3,80
56757,4,60
56757,5,70
56757,6,**
,,
56758,,180
56758,1,70
56758,2,50
56758,3,30
56758,4,30
56758,5,**
56758,6,**
,,
56759,,160
56759,1,60
56759,2,40
56759,3,30
56759,4,30
56759,5,**
56759,6,0
,,
56760,,190
56760,1,60
56760,2,60
56760,3,30
56760,4,20
56760,5,20
56760,6,**
,,
56761,,230
56761,1,70
56761,2,80
56761,3,50
56761,4,30
56761,5,**
56761,6,**
,,
56762,,1250
56762,1,380
56762,2,300
56762,3,220
56762,4,150
56762,5,160
56762,6,40
,,
56763,,2430
56763,1,760
56763,2,770
56763,3,380
56763,4,250
56763,5,180
56763,6,90
