63005,,8720
63005,1,2080
63005,2,810
63005,3,530
63005,4,540
63005,5,1880
63005,6,2880
,,
63010,,17770
63010,1,6210
63010,2,4350
63010,3,2770
63010,4,1980
63010,5,2220
63010,6,240
,,
63011,,18070
63011,1,4930
63011,2,2820
63011,3,2250
63011,4,2080
63011,5,4460
63011,6,1530
,,
63012,,4920
63012,1,1570
63012,2,1090
63012,3,810
63012,4,620
63012,5,740
63012,6,90
,,
63013,,790
63013,1,260
63013,2,170
63013,3,140
63013,4,100
63013,5,120
63013,6,**
,,
63014,,370
63014,1,160
63014,2,80
63014,3,60
63014,4,40
63014,5,30
63014,6,**
,,
63015,,1040
63015,1,390
63015,2,250
63015,3,150
63015,4,120
63015,5,130
63015,6,**
,,
63016,,3760
63016,1,1330
63016,2,890
63016,3,650
63016,4,400
63016,5,440
63016,6,50
,,
63017,,20380
63017,1,4710
63017,2,2780
63017,3,2130
63017,4,2010
63017,5,5240
63017,6,3510
,,
63019,,2060
63019,1,820
63019,2,500
63019,3,320
63019,4,220
63019,5,200
63019,6,**
,,
63020,,9080
63020,1,3590
63020,2,2300
63020,3,1410
63020,4,890
63020,5,810
63020,6,80
,,
63021,,28130
63021,1,7700
63021,2,4970
63021,3,3770
63021,4,3180
63021,5,6200
63021,6,2310
,,
63023,,2150
63023,1,760
63023,2,550
63023,3,350
63023,4,230
63023,5,230
63023,6,30
,,
63025,,7140
63025,1,1990
63025,2,1010
63025,3,810
63025,4,840
63025,5,1770
63025,6,720
,,
63026,,21570
63026,1,6950
63026,2,4340
63026,3,2880
63026,4,2440
63026,5,3940
63026,6,1020
,,
63028,,12440
63028,1,4510
63028,2,2830
63028,3,1750
63028,4,1340
63028,5,1750
63028,6,260
,,
63030,,120
63030,1,50
63030,2,50
63030,3,**
63030,4,20
63030,5,**
63030,6,**
,,
63031,,23280
63031,1,8680
63031,2,6750
63031,3,3510
63031,4,2070
63031,5,2050
63031,6,220
,,
63033,,21400
63033,1,8640
63033,2,6360
63033,3,3150
63033,4,1640
63033,5,1520
63033,6,90
,,
63034,,9470
63034,1,2820
63034,2,2160
63034,3,1550
63034,4,1080
63034,5,1600
63034,6,260
,,
63036,,440
63036,1,180
63036,2,120
63036,3,60
63036,4,40
63036,5,40
63036,6,**
,,
63037,,1460
63037,1,590
63037,2,400
63037,3,230
63037,4,120
63037,5,120
63037,6,**
,,
63038,,3290
63038,1,900
63038,2,340
63038,3,270
63038,4,250
63038,5,770
63038,6,760
,,
63039,,410
63039,1,130
63039,2,120
63039,3,70
63039,4,40
63039,5,50
63039,6,**
,,
63040,,4240
63040,1,1160
63040,2,560
63040,3,430
63040,4,400
63040,5,1170
63040,6,520
,,
63041,,240
63041,1,100
63041,2,50
63041,3,40
63041,4,30
63041,5,20
63041,6,**
,,
63042,,9910
63042,1,4020
63042,2,3230
63042,3,1350
63042,4,670
63042,5,590
63042,6,50
,,
63043,,11710
63043,1,3400
63043,2,2920
63043,3,2180
63043,4,1460
63043,5,1560
63043,6,190
,,
63044,,5480
63044,1,1980
63044,2,1390
63044,3,780
63044,4,490
63044,5,720
63044,6,120
,,
63048,,1740
63048,1,490
63048,2,380
63048,3,330
63048,4,260
63048,5,280
63048,6,**
,,
63049,,8470
63049,1,2860
63049,2,1980
63049,3,1220
63049,4,930
63049,5,1220
63049,6,260
,,
63050,,7370
63050,1,2430
63050,2,1590
63050,3,1260
63050,4,950
63050,5,1020
63050,6,120
,,
63051,,6400
63051,1,2370
63051,2,1550
63051,3,950
63051,4,670
63051,5,770
63051,6,90
,,
63052,,13290
63052,1,4300
63052,2,2740
63052,3,2030
63052,4,1640
63052,5,2310
63052,6,270
,,
63055,,1190
63055,1,400
63055,2,220
63055,3,180
63055,4,130
63055,5,190
63055,6,70
,,
63056,,920
63056,1,310
63056,2,230
63056,3,150
63056,4,130
63056,5,100
63056,6,**
,,
63060,,1000
63060,1,370
63060,2,280
63060,3,150
63060,4,90
63060,5,110
63060,6,**
,,
63061,,100
63061,1,70
63061,2,**
63061,3,30
63061,4,**
63061,5,**
63061,6,**
,,
63068,,2320
63068,1,800
63068,2,550
63068,3,380
63068,4,260
63068,5,280
63068,6,50
,,
63069,,7100
63069,1,2550
63069,2,1660
63069,3,980
63069,4,670
63069,5,970
63069,6,270
,,
63070,,3300
63070,1,1330
63070,2,870
63070,3,460
63070,4,290
63070,5,300
63070,6,50
,,
63071,,440
63071,1,210
63071,2,120
63071,3,60
63071,4,30
63071,5,20
63071,6,**
,,
63072,,1530
63072,1,550
63072,2,380
63072,3,250
63072,4,170
63072,5,150
63072,6,30
,,
63074,,7570
63074,1,3430
63074,2,2530
63074,3,940
63074,4,380
63074,5,270
63074,6,20
,,
63077,,5290
63077,1,2260
63077,2,1420
63077,3,780
63077,4,440
63077,5,350
63077,6,40
,,
63080,,6070
63080,1,2660
63080,2,1600
63080,3,760
63080,4,490
63080,5,470
63080,6,90
,,
63084,,8630
63084,1,3310
63084,2,2150
63084,3,1360
63084,4,880
63084,5,810
63084,6,120
,,
63087,,400
63087,1,130
63087,2,110
63087,3,70
63087,4,40
63087,5,50
63087,6,**
,,
63088,,4280
63088,1,1280
63088,2,1100
63088,3,760
63088,4,440
63088,5,610
63088,6,90
,,
63089,,2790
63089,1,1070
63089,2,670
63089,3,390
63089,4,270
63089,5,340
63089,6,50
,,
63090,,11330
63090,1,3880
63090,2,2670
63090,3,1590
63090,4,1200
63090,5,1600
63090,6,390
,,
63091,,630
63091,1,240
63091,2,160
63091,3,120
63091,4,50
63091,5,60
63091,6,**
,,
63101,,2020
63101,1,740
63101,2,510
63101,3,310
63101,4,160
63101,5,210
63101,6,90
,,
63102,,890
63102,1,320
63102,2,240
63102,3,150
63102,4,80
63102,5,70
63102,6,30
,,
63103,,3510
63103,1,1450
63103,2,960
63103,3,540
63103,4,230
63103,5,260
63103,6,70
,,
63104,,9210
63104,1,3340
63104,2,2350
63104,3,1340
63104,4,720
63104,5,1060
63104,6,400
,,
63105,,7350
63105,1,1460
63105,2,960
63105,3,780
63105,4,580
63105,5,1350
63105,6,2220
,,
63106,,3690
63106,1,2710
63106,2,750
63106,3,150
63106,4,50
63106,5,30
63106,6,**
,,
63107,,3840
63107,1,2520
63107,2,970
63107,3,230
63107,4,60
63107,5,60
63107,6,**
,,
63108,,8720
63108,1,2870
63108,2,2110
63108,3,1270
63108,4,590
63108,5,1060
63108,6,820
,,
63109,,14830
63109,1,4330
63109,2,4110
63109,3,2470
63109,4,1510
63109,5,2000
63109,6,410
,,
63110,,8530
63110,1,2880
63110,2,2550
63110,3,1230
63110,4,640
63110,5,950
63110,6,280
,,
63111,,8140
63111,1,4700
63111,2,2210
63111,3,720
63111,4,270
63111,5,210
63111,6,30
,,
63112,,7760
63112,1,3950
63112,2,1980
63112,3,780
63112,4,370
63112,5,490
63112,6,190
,,
63113,,4740
63113,1,3110
63113,2,1170
63113,3,290
63113,4,100
63113,5,70
63113,6,**
,,
63114,,17350
63114,1,7880
63114,2,5560
63114,3,2260
63114,4,930
63114,5,660
63114,6,60
,,
63115,,7380
63115,1,4700
63115,2,1970
63115,3,490
63115,4,150
63115,5,70
63115,6,**
,,
63116,,21210
63116,1,9160
63116,2,6410
63116,3,2780
63116,4,1360
63116,5,1310
63116,6,190
,,
63117,,5090
63117,1,1320
63117,2,1180
63117,3,810
63117,4,480
63117,5,760
63117,6,540
,,
63118,,11030
63118,1,6020
63118,2,2850
63118,3,1040
63118,4,490
63118,5,540
63118,6,90
,,
63119,,16800
63119,1,4510
63119,2,3060
63119,3,2390
63119,4,1780
63119,5,3510
63119,6,1550
,,
63120,,3310
63120,1,2310
63120,2,790
63120,3,160
63120,4,50
63120,5,**
63120,6,0
,,
63121,,11350
63121,1,6020
63121,2,3230
63121,3,1110
63121,4,470
63121,5,440
63121,6,80
,,
63122,,20150
63122,1,5160
63122,2,3040
63122,3,2350
63122,4,2030
63122,5,4630
63122,6,2940
,,
63123,,27040
63123,1,9000
63123,2,7240
63123,3,4620
63123,4,2760
63123,5,3010
63123,6,410
,,
63124,,5230
63124,1,1100
63124,2,500
63124,3,430
63124,4,340
63124,5,900
63124,6,1960
,,
63125,,16550
63125,1,6460
63125,2,4940
63125,3,2590
63125,4,1350
63125,5,1110
63125,6,100
,,
63126,,8310
63126,1,2320
63126,2,1650
63126,3,1380
63126,4,1110
63126,5,1530
63126,6,320
,,
63127,,2790
63127,1,680
63127,2,440
63127,3,320
63127,4,240
63127,5,540
63127,6,570
,,
63128,,15640
63128,1,4330
63128,2,3000
63128,3,2180
63128,4,1800
63128,5,3270
63128,6,1060
,,
63129,,27970
63129,1,8400
63129,2,5840
63129,3,3980
63129,4,3230
63129,5,5290
63129,6,1230
,,
63130,,13710
63130,1,4770
63130,2,3280
63130,3,1660
63130,4,950
63130,5,1740
63130,6,1310
,,
63131,,8700
63131,1,2020
63131,2,820
63131,3,670
63131,4,580
63131,5,1750
63131,6,2860
,,
63132,,7090
63132,1,2520
63132,2,1630
63132,3,860
63132,4,520
63132,5,910
63132,6,650
,,
63133,,3100
63133,1,2120
63133,2,770
63133,3,140
63133,4,70
63133,5,**
63133,6,**
,,
63134,,5940
63134,1,3330
63134,2,1790
63134,3,530
63134,4,180
63134,5,110
63134,6,**
,,
63135,,9570
63135,1,4770
63135,2,2800
63135,3,990
63135,4,500
63135,5,460
63135,6,50
,,
63136,,20340
63136,1,11890
63136,2,5870
63136,3,1630
63136,4,580
63136,5,370
63136,6,**
,,
63137,,8670
63137,1,4630
63137,2,2580
63137,3,900
63137,4,330
63137,5,230
63137,6,**
,,
63138,,8830
63138,1,4580
63138,2,2510
63138,3,880
63138,4,430
63138,5,370
63138,6,60
,,
63139,,12430
63139,1,3750
63139,2,3940
63139,3,2210
63139,4,1140
63139,5,1220
63139,6,170
,,
63140,,150
63140,1,110
63140,2,40
63140,3,**
63140,4,**
63140,5,0
63140,6,0
,,
63141,,10440
63141,1,2470
63141,2,1590
63141,3,1220
63141,4,860
63141,5,1940
63141,6,2360
,,
63143,,4920
63143,1,1840
63143,2,1480
63143,3,730
63143,4,380
63143,5,430
63143,6,60
,,
63144,,5040
63144,1,1130
63144,2,1110
63144,3,960
63144,4,590
63144,5,880
63144,6,370
,,
63146,,15950
63146,1,4350
63146,2,3520
63146,3,2620
63146,4,1880
63146,5,2860
63146,6,720
,,
63147,,4310
63147,1,2500
63147,2,1210
63147,3,400
63147,4,130
63147,5,70
63147,6,**
,,
63301,,24020
63301,1,7920
63301,2,5950
63301,3,3640
63301,4,2370
63301,5,3400
63301,6,740
,,
63303,,24200
63303,1,6980
63303,2,5300
63303,3,3530
63303,4,2580
63303,5,4610
63303,6,1200
,,
63304,,20710
63304,1,5860
63304,2,3550
63304,3,2640
63304,4,2460
63304,5,4710
63304,6,1490
,,
63332,,700
63332,1,210
63332,2,110
63332,3,80
63332,4,90
63332,5,160
63332,6,50
,,
63333,,300
63333,1,130
63333,2,70
63333,3,50
63333,4,20
63333,5,30
63333,6,**
,,
63334,,2870
63334,1,1150
63334,2,780
63334,3,460
63334,4,240
63334,5,210
63334,6,30
,,
63336,,480
63336,1,180
63336,2,130
63336,3,70
63336,4,40
63336,5,60
63336,6,**
,,
63339,,410
63339,1,160
63339,2,130
63339,3,60
63339,4,30
63339,5,30
63339,6,**
,,
63341,,1870
63341,1,530
63341,2,260
63341,3,200
63341,4,170
63341,5,490
63341,6,220
,,
63343,,1880
63343,1,760
63343,2,460
63343,3,280
63343,4,190
63343,5,190
63343,6,**
,,
63344,,720
63344,1,230
63344,2,170
63344,3,130
63344,4,80
63344,5,110
63344,6,**
,,
63345,,160
63345,1,60
63345,2,50
63345,3,30
63345,4,20
63345,5,**
63345,6,**
,,
63347,,1320
63347,1,510
63347,2,340
63347,3,180
63347,4,150
63347,5,140
63347,6,**
,,
63348,,4120
63348,1,1040
63348,2,740
63348,3,620
63348,4,570
63348,5,940
63348,6,210
,,
63349,,860
63349,1,310
63349,2,190
63349,3,170
63349,4,80
63349,5,110
63349,6,**
,,
63350,,230
63350,1,80
63350,2,70
63350,3,40
63350,4,40
63350,5,**
63350,6,**
,,
63351,,800
63351,1,290
63351,2,200
63351,3,120
63351,4,90
63351,5,100
63351,6,**
,,
63352,,490
63352,1,190
63352,2,150
63352,3,70
63352,4,40
63352,5,40
63352,6,**
,,
63353,,2070
63353,1,960
63353,2,570
63353,3,240
63353,4,140
63353,5,120
63353,6,40
,,
63357,,2700
63357,1,840
63357,2,640
63357,3,390
63357,4,350
63357,5,400
63357,6,80
,,
63359,,580
63359,1,230
63359,2,150
63359,3,90
63359,4,60
63359,5,50
63359,6,**
,,
63361,,2000
63361,1,810
63361,2,520
63361,3,300
63361,4,190
63361,5,150
63361,6,30
,,
63362,,3460
63362,1,1200
63362,2,880
63362,3,570
63362,4,370
63362,5,400
63362,6,40
,,
63363,,680
63363,1,280
63363,2,180
63363,3,110
63363,4,50
63363,5,60
63363,6,**
,,
63366,,25150
63366,1,7900
63366,2,5440
63366,3,3650
63366,4,2930
63366,5,4450
63366,6,780
,,
63367,,11710
63367,1,2800
63367,2,2040
63367,3,1590
63367,4,1410
63367,5,2980
63367,6,890
,,
63368,,21190
63368,1,6100
63368,2,3570
63368,3,2730
63368,4,2510
63368,5,4960
63368,6,1320
,,
63369,,1200
63369,1,360
63369,2,300
63369,3,170
63369,4,150
63369,5,190
63369,6,30
,,
63373,,330
63373,1,110
63373,2,80
63373,3,50
63373,4,40
63373,5,50
63373,6,**
,,
63376,,38810
63376,1,11600
63376,2,8530
63376,3,6080
63376,4,4690
63376,5,6860
63376,6,1050
,,
63377,,1060
63377,1,350
63377,2,260
63377,3,170
63377,4,110
63377,5,150
63377,6,20
,,
63379,,11630
63379,1,4040
63379,2,2710
63379,3,1830
63379,4,1320
63379,5,1520
63379,6,210
,,
63380,,270
63380,1,120
63380,2,80
63380,3,30
63380,4,40
63380,5,**
63380,6,0
,,
63381,,210
63381,1,80
63381,2,50
63381,3,40
63381,4,40
63381,5,**
63381,6,**
,,
63382,,1520
63382,1,640
63382,2,470
63382,3,210
63382,4,110
63382,5,90
63382,6,**
,,
63383,,7100
63383,1,2700
63383,2,1790
63383,3,1060
63383,4,710
63383,5,730
63383,6,110
,,
63384,,720
63384,1,290
63384,2,220
63384,3,110
63384,4,60
63384,5,40
63384,6,**
,,
63385,,19800
63385,1,5650
63385,2,3560
63385,3,2840
63385,4,2510
63385,5,4360
63385,6,880
,,
63386,,230
63386,1,70
63386,2,60
63386,3,40
63386,4,30
63386,5,30
63386,6,**
,,
63388,,320
63388,1,110
63388,2,120
63388,3,60
63388,4,**
63388,5,30
63388,6,**
,,
63389,,3040
63389,1,1000
63389,2,810
63389,3,540
63389,4,360
63389,5,300
63389,6,30
,,
63390,,4870
63390,1,1700
63390,2,1250
63390,3,760
63390,4,480
63390,5,560
63390,6,120
,,
63401,,9540
63401,1,4080
63401,2,2480
63401,3,1280
63401,4,820
63401,5,680
63401,6,200
,,
63430,,240
63430,1,90
63430,2,80
63430,3,50
63430,4,**
63430,5,20
63430,6,**
,,
63431,,140
63431,1,50
63431,2,60
63431,3,**
63431,4,30
63431,5,**
63431,6,**
,,
63432,,180
63432,1,80
63432,2,60
63432,3,40
63432,4,**
63432,5,**
63432,6,**
,,
63434,,250
63434,1,110
63434,2,90
63434,3,20
63434,4,30
63434,5,**
63434,6,**
,,
63435,,1500
63435,1,610
63435,2,370
63435,3,230
63435,4,140
63435,5,130
63435,6,20
,,
63436,,540
63436,1,200
63436,2,140
63436,3,110
63436,4,50
63436,5,40
63436,6,**
,,
63437,,620
63437,1,280
63437,2,170
63437,3,90
63437,4,30
63437,5,50
63437,6,**
,,
63438,,180
63438,1,70
63438,2,50
63438,3,30
63438,4,30
63438,5,**
63438,6,0
,,
63440,,570
63440,1,190
63440,2,150
63440,3,120
63440,4,70
63440,5,40
63440,6,**
,,
63441,,490
63441,1,160
63441,2,130
63441,3,80
63441,4,80
63441,5,40
63441,6,**
,,
63443,,170
63443,1,70
63443,2,40
63443,3,30
63443,4,30
63443,5,**
63443,6,**
,,
63445,,1550
63445,1,620
63445,2,390
63445,3,220
63445,4,170
63445,5,150
63445,6,**
,,
63446,,220
63446,1,110
63446,2,60
63446,3,30
63446,4,20
63446,5,**
63446,6,**
,,
63447,,460
63447,1,220
63447,2,130
63447,3,70
63447,4,40
63447,5,**
63447,6,0
,,
63448,,700
63448,1,280
63448,2,190
63448,3,120
63448,4,70
63448,5,40
63448,6,**
,,
63451,,120
63451,1,40
63451,2,30
63451,3,20
63451,4,30
63451,5,**
63451,6,**
,,
63452,,520
63452,1,190
63452,2,160
63452,3,80
63452,4,40
63452,5,50
63452,6,**
,,
63453,,180
63453,1,80
63453,2,40
63453,3,40
63453,4,20
63453,5,**
63453,6,**
,,
63454,,420
63454,1,150
63454,2,100
63454,3,80
63454,4,50
63454,5,40
63454,6,**
,,
63456,,1930
63456,1,750
63456,2,510
63456,3,290
63456,4,180
63456,5,170
63456,6,30
,,
63457,,120
63457,1,40
63457,2,30
63457,3,20
63457,4,30
63457,5,**
63457,6,**
,,
63459,,1800
63459,1,620
63459,2,440
63459,3,300
63459,4,230
63459,5,190
63459,6,20
,,
63460,,120
63460,1,40
63460,2,60
63460,3,**
63460,4,20
63460,5,**
63460,6,**
,,
63461,,2650
63461,1,960
63461,2,650
63461,3,450
63461,4,290
63461,5,270
63461,6,30
,,
63462,,690
63462,1,230
63462,2,210
63462,3,110
63462,4,80
63462,5,60
63462,6,**
,,
63463,,290
63463,1,120
63463,2,80
63463,3,40
63463,4,30
63463,5,20
63463,6,**
,,
63465,,200
63465,1,80
63465,2,60
63465,3,30
63465,4,30
63465,5,**
63465,6,**
,,
63468,,1220
63468,1,520
63468,2,320
63468,3,180
63468,4,90
63468,5,110
63468,6,**
,,
63469,,520
63469,1,210
63469,2,120
63469,3,80
63469,4,60
63469,5,50
63469,6,**
,,
63471,,260
63471,1,90
63471,2,70
63471,3,50
63471,4,20
63471,5,30
63471,6,**
,,
63472,,200
63472,1,100
63472,2,60
63472,3,40
63472,4,**
63472,5,**
63472,6,**
,,
63473,,140
63473,1,60
63473,2,40
63473,3,20
63473,4,20
63473,5,**
63473,6,**
,,
63474,,210
63474,1,100
63474,2,50
63474,3,30
63474,4,30
63474,5,**
63474,6,0
,,
63501,,7630
63501,1,3490
63501,2,1800
63501,3,990
63501,4,570
63501,5,620
63501,6,160
,,
63530,,400
63530,1,160
63530,2,130
63530,3,50
63530,4,30
63530,5,30
63530,6,**
,,
63531,,200
63531,1,90
63531,2,50
63531,3,30
63531,4,30
63531,5,**
63531,6,**
,,
63532,,590
63532,1,290
63532,2,160
63532,3,70
63532,4,40
63532,5,30
63532,6,**
,,
63533,,330
63533,1,150
63533,2,100
63533,3,40
63533,4,40
63533,5,**
63533,6,**
,,
63534,,320
63534,1,140
63534,2,80
63534,3,50
63534,4,20
63534,5,30
63534,6,**
,,
63536,,350
63536,1,180
63536,2,90
63536,3,50
63536,4,30
63536,5,**
63536,6,0
,,
63537,,750
63537,1,350
63537,2,210
63537,3,90
63537,4,50
63537,5,50
63537,6,**
,,
63538,,100
63538,1,40
63538,2,30
63538,3,30
63538,4,**
63538,5,.
63538,6,**
,,
63541,,150
63541,1,70
63541,2,40
63541,3,40
63541,4,**
63541,5,**
63541,6,**
,,
63543,,130
63543,1,60
63543,2,50
63543,3,20
63543,4,**
63543,5,**
63543,6,0
,,
63544,,300
63544,1,120
63544,2,100
63544,3,40
63544,4,40
63544,5,**
63544,6,**
,,
63545,,390
63545,1,150
63545,2,110
63545,3,80
63545,4,50
63545,5,**
63545,6,**
,,
63546,,670
63546,1,280
63546,2,170
63546,3,120
63546,4,60
63546,5,40
63546,6,**
,,
63547,,170
63547,1,90
63547,2,50
63547,3,30
63547,4,**
63547,5,**
63547,6,**
,,
63548,,550
63548,1,260
63548,2,140
63548,3,90
63548,4,30
63548,5,30
63548,6,**
,,
63549,,1010
63549,1,430
63549,2,280
63549,3,150
63549,4,70
63549,5,80
63549,6,**
,,
63551,,130
63551,1,70
63551,2,30
63551,3,30
63551,4,**
63551,5,**
63551,6,**
,,
63552,,3730
63552,1,1640
63552,2,890
63552,3,550
63552,4,310
63552,5,280
63552,6,60
,,
63555,,1380
63555,1,580
63555,2,390
63555,3,200
63555,4,90
63555,5,90
63555,6,30
,,
63556,,1480
63556,1,570
63556,2,500
63556,3,230
63556,4,110
63556,5,70
63556,6,**
,,
63557,,110
63557,1,50
63557,2,30
63557,3,30
63557,4,**
63557,5,**
63557,6,**
,,
63558,,300
63558,1,120
63558,2,100
63558,3,40
63558,4,40
63558,5,**
63558,6,**
,,
63559,,570
63559,1,260
63559,2,160
63559,3,90
63559,4,60
63559,5,**
63559,6,**
,,
63561,,500
63561,1,260
63561,2,130
63561,3,70
63561,4,20
63561,5,20
63561,6,**
,,
63563,,220
63563,1,100
63563,2,60
63563,3,30
63563,4,30
63563,5,**
63563,6,**
,,
63565,,1590
63565,1,700
63565,2,460
63565,3,210
63565,4,110
63565,5,90
63565,6,20
,,
63601,,6530
63601,1,2980
63601,2,1880
63601,3,890
63601,4,450
63601,5,300
63601,6,30
,,
63620,,520
63620,1,270
63620,2,130
63620,3,50
63620,4,40
63620,5,30
63620,6,**
,,
63621,,470
63621,1,220
63621,2,110
63621,3,80
63621,4,30
63621,5,30
63621,6,**
,,
63622,,350
63622,1,160
63622,2,90
63622,3,50
63622,4,30
63622,5,20
63622,6,**
,,
63623,,290
63623,1,130
63623,2,70
63623,3,40
63623,4,30
63623,5,20
63623,6,**
,,
63624,,1280
63624,1,600
63624,2,360
63624,3,170
63624,4,90
63624,5,60
63624,6,**
,,
63625,,140
63625,1,60
63625,2,60
63625,3,**
63625,4,20
63625,5,**
63625,6,**
,,
63626,,380
63626,1,150
63626,2,90
63626,3,60
63626,4,50
63626,5,30
63626,6,**
,,
63627,,1320
63627,1,520
63627,2,260
63627,3,210
63627,4,140
63627,5,190
63627,6,**
,,
63628,,5730
63628,1,2340
63628,2,1490
63628,3,870
63628,4,500
63628,5,470
63628,6,60
,,
63629,,450
63629,1,220
63629,2,130
63629,3,60
63629,4,20
63629,5,20
63629,6,**
,,
63630,,1560
63630,1,770
63630,2,420
63630,3,210
63630,4,100
63630,5,60
63630,6,**
,,
63631,,290
63631,1,130
63631,2,70
63631,3,50
63631,4,20
63631,5,20
63631,6,**
,,
63633,,210
63633,1,130
63633,2,40
63633,3,40
63633,4,**
63633,5,**
63633,6,**
,,
63636,,200
63636,1,90
63636,2,50
63636,3,30
63636,4,30
63636,5,**
63636,6,**
,,
63637,,460
63637,1,210
63637,2,120
63637,3,50
63637,4,40
63637,5,40
63637,6,**
,,
63638,,1100
63638,1,570
63638,2,260
63638,3,130
63638,4,70
63638,5,70
63638,6,**
,,
63640,,10910
63640,1,4400
63640,2,2670
63640,3,1610
63640,4,990
63640,5,1000
63640,6,240
,,
63645,,4680
63645,1,2120
63645,2,1220
63645,3,690
63645,4,370
63645,5,250
63645,6,30
,,
63648,,560
63648,1,260
63648,2,160
63648,3,70
63648,4,40
63648,5,30
63648,6,**
,,
63650,,1600
63650,1,770
63650,2,400
63650,3,210
63650,4,100
63650,5,120
63650,6,**
,,
63653,,370
63653,1,200
63653,2,110
63653,3,40
63653,4,20
63653,5,**
63653,6,0
,,
63654,,250
63654,1,120
63654,2,50
63654,3,40
63654,4,40
63654,5,**
63654,6,**
,,
63655,,540
63655,1,250
63655,2,150
63655,3,60
63655,4,50
63655,5,30
63655,6,**
,,
63656,,210
63656,1,100
63656,2,60
63656,3,20
63656,4,30
63656,5,**
63656,6,0
,,
63660,,1120
63660,1,580
63660,2,290
63660,3,150
63660,4,50
63660,5,50
63660,6,**
,,
63662,,500
63662,1,200
63662,2,150
63662,3,70
63662,4,50
63662,5,30
63662,6,**
,,
63664,,3250
63664,1,1510
63664,2,890
63664,3,450
63664,4,220
63664,5,180
63664,6,**
,,
63670,,5310
63670,1,1970
63670,2,1160
63670,3,850
63670,4,620
63670,5,620
63670,6,90
,,
63673,,980
63673,1,380
63673,2,220
63673,3,180
63673,4,110
63673,5,90
63673,6,**
,,
63701,,15570
63701,1,6080
63701,2,3520
63701,3,2020
63701,4,1460
63701,5,1750
63701,6,740
,,
63703,,3350
63703,1,1910
63703,2,750
63703,3,340
63703,4,150
63703,5,150
63703,6,50
,,
63730,,1390
63730,1,590
63730,2,360
63730,3,220
63730,4,120
63730,5,100
63730,6,**
,,
63732,,410
63732,1,140
63732,2,100
63732,3,70
63732,4,60
63732,5,40
63732,6,**
,,
63735,,310
63735,1,140
63735,2,90
63735,3,40
63735,4,40
63735,5,**
63735,6,**
,,
63736,,1380
63736,1,510
63736,2,370
63736,3,200
63736,4,120
63736,5,150
63736,6,30
,,
63739,,220
63739,1,80
63739,2,50
63739,3,40
63739,4,20
63739,5,30
63739,6,**
,,
63740,,2080
63740,1,910
63740,2,500
63740,3,320
63740,4,180
63740,5,140
63740,6,30
,,
63747,,190
63747,1,60
63747,2,40
63747,3,40
63747,4,50
63747,5,**
63747,6,**
,,
63748,,450
63748,1,150
63748,2,120
63748,3,90
63748,4,50
63748,5,40
63748,6,**
,,
63751,,520
63751,1,240
63751,2,150
63751,3,80
63751,4,30
63751,5,20
63751,6,**
,,
63755,,12010
63755,1,4060
63755,2,2770
63755,3,1960
63755,4,1370
63755,5,1550
63755,6,300
,,
63760,,280
63760,1,100
63760,2,60
63760,3,50
63760,4,40
63760,5,30
63760,6,**
,,
63764,,2210
63764,1,960
63764,2,580
63764,3,370
63764,4,180
63764,5,100
63764,6,20
,,
63766,,580
63766,1,200
63766,2,150
63766,3,100
63766,4,80
63766,5,50
63766,6,**
,,
63769,,670
63769,1,250
63769,2,160
63769,3,110
63769,4,60
63769,5,90
63769,6,**
,,
63771,,1190
63771,1,460
63771,2,320
63771,3,170
63771,4,130
63771,5,110
63771,6,**
,,
63775,,7840
63775,1,3150
63775,2,1990
63775,3,1160
63775,4,790
63775,5,660
63775,6,90
,,
63780,,2820
63780,1,1100
63780,2,740
63780,3,420
63780,4,270
63780,5,260
63780,6,30
,,
63781,,500
63781,1,160
63781,2,160
63781,3,90
63781,4,50
63781,5,40
63781,6,0
,,
63785,,400
63785,1,140
63785,2,100
63785,3,60
63785,4,50
63785,5,50
63785,6,**
,,
63787,,250
63787,1,110
63787,2,70
63787,3,40
63787,4,30
63787,5,**
63787,6,**
,,
63801,,9990
63801,1,4520
63801,2,2580
63801,3,1230
63801,4,670
63801,5,770
63801,6,220
,,
63821,,260
63821,1,130
63821,2,70
63821,3,40
63821,4,20
63821,5,**
63821,6,**
,,
63822,,1120
63822,1,490
63822,2,330
63822,3,140
63822,4,80
63822,5,80
63822,6,**
,,
63823,,480
63823,1,220
63823,2,140
63823,3,60
63823,4,30
63823,5,30
63823,6,**
,,
63825,,1680
63825,1,720
63825,2,440
63825,3,240
63825,4,160
63825,5,100
63825,6,20
,,
63827,,180
63827,1,80
63827,2,50
63827,3,20
63827,4,30
63827,5,**
63827,6,**
,,
63829,,360
63829,1,170
63829,2,120
63829,3,40
63829,4,30
63829,5,**
63829,6,**
,,
63830,,2400
63830,1,1240
63830,2,570
63830,3,240
63830,4,140
63830,5,170
63830,6,40
,,
63834,,2140
63834,1,1090
63834,2,520
63834,3,190
63834,4,130
63834,5,150
63834,6,60
,,
63837,,510
63837,1,270
63837,2,140
63837,3,60
63837,4,40
63837,5,**
63837,6,**
,,
63841,,5590
63841,1,2310
63841,2,1450
63841,3,790
63841,4,460
63841,5,470
63841,6,110
,,
63845,,2130
63845,1,930
63845,2,610
63845,3,270
63845,4,150
63845,5,140
63845,6,30
,,
63846,,560
63846,1,230
63846,2,160
63846,3,90
63846,4,40
63846,5,40
63846,6,**
,,
63848,,440
63848,1,190
63848,2,130
63848,3,70
63848,4,20
63848,5,30
63848,6,**
,,
63851,,1440
63851,1,800
63851,2,320
63851,3,170
63851,4,80
63851,5,70
63851,6,**
,,
63852,,490
63852,1,230
63852,2,140
63852,3,70
63852,4,30
63852,5,20
63852,6,**
,,
63855,,380
63855,1,150
63855,2,100
63855,3,60
63855,4,30
63855,5,40
63855,6,**
,,
63857,,4540
63857,1,2150
63857,2,1100
63857,3,570
63857,4,330
63857,5,320
63857,6,70
,,
63862,,540
63862,1,280
63862,2,170
63862,3,50
63862,4,40
63862,5,**
63862,6,**
,,
63863,,2160
63863,1,1100
63863,2,550
63863,3,260
63863,4,140
63863,5,110
63863,6,**
,,
63867,,410
63867,1,190
63867,2,120
63867,3,50
63867,4,50
63867,5,**
63867,6,**
,,
63869,,1430
63869,1,650
63869,2,370
63869,3,160
63869,4,100
63869,5,150
63869,6,**
,,
63870,,330
63870,1,170
63870,2,90
63870,3,40
63870,4,30
63870,5,**
63870,6,**
,,
63873,,1870
63873,1,810
63873,2,520
63873,3,220
63873,4,140
63873,5,150
63873,6,30
,,
63876,,750
63876,1,330
63876,2,200
63876,3,110
63876,4,50
63876,5,60
63876,6,**
,,
63877,,1250
63877,1,550
63877,2,290
63877,3,160
63877,4,100
63877,5,150
63877,6,**
,,
63879,,250
63879,1,110
63879,2,70
63879,3,40
63879,4,30
63879,5,**
63879,6,**
,,
63901,,13430
63901,1,6450
63901,2,3380
63901,3,1570
63901,4,870
63901,5,890
63901,6,270
,,
63932,,470
63932,1,230
63932,2,130
63932,3,60
63932,4,30
63932,5,20
63932,6,**
,,
63933,,1290
63933,1,590
63933,2,370
63933,3,180
63933,4,70
63933,5,80
63933,6,**
,,
63935,,3470
63935,1,1830
63935,2,860
63935,3,440
63935,4,170
63935,5,150
63935,6,20
,,
63936,,270
63936,1,110
63936,2,80
63936,3,40
63936,4,20
63936,5,20
63936,6,**
,,
63937,,1090
63937,1,530
63937,2,290
63937,3,140
63937,4,80
63937,5,50
63937,6,**
,,
63939,,550
63939,1,280
63939,2,150
63939,3,60
63939,4,30
63939,5,30
63939,6,**
,,
63940,,520
63940,1,260
63940,2,140
63940,3,60
63940,4,40
63940,5,20
63940,6,**
,,
63941,,140
63941,1,80
63941,2,40
63941,3,20
63941,4,**
63941,5,**
63941,6,0
,,
63942,,190
63942,1,90
63942,2,50
63942,3,50
63942,4,**
63942,5,**
63942,6,0
,,
63943,,280
63943,1,140
63943,2,80
63943,3,30
63943,4,30
63943,5,**
63943,6,**
,,
63944,,560
63944,1,250
63944,2,180
63944,3,80
63944,4,50
63944,5,**
63944,6,**
,,
63945,,500
63945,1,230
63945,2,130
63945,3,70
63945,4,30
63945,5,40
63945,6,**
,,
63951,,110
63951,1,60
63951,2,50
63951,3,**
63951,4,**
63951,5,**
63951,6,0
,,
63952,,100
63952,1,60
63952,2,20
63952,3,20
63952,4,**
63952,5,**
63952,6,**
,,
63953,,600
63953,1,300
63953,2,150
63953,3,80
63953,4,40
63953,5,30
63953,6,**
,,
63954,,390
63954,1,200
63954,2,120
63954,3,40
63954,4,30
63954,5,**
63954,6,**
,,
63955,,120
63955,1,60
63955,2,30
63955,3,30
63955,4,**
63955,5,**
63955,6,**
,,
63956,,350
63956,1,180
63956,2,90
63956,3,40
63956,4,40
63956,5,**
63956,6,**
,,
63957,,2060
63957,1,1140
63957,2,480
63957,3,240
63957,4,100
63957,5,100
63957,6,**
,,
63960,,1150
63960,1,500
63960,2,330
63960,3,170
63960,4,80
63960,5,70
63960,6,**
,,
63961,,570
63961,1,260
63961,2,160
63961,3,70
63961,4,30
63961,5,50
63961,6,**
,,
63964,,240
63964,1,120
63964,2,70
63964,3,30
63964,4,20
63964,5,**
63964,6,0
,,
63965,,1120
63965,1,580
63965,2,270
63965,3,130
63965,4,60
63965,5,80
63965,6,**
,,
63966,,910
63966,1,450
63966,2,250
63966,3,120
63966,4,50
63966,5,40
63966,6,**
,,
63967,,750
63967,1,330
63967,2,190
63967,3,110
63967,4,60
63967,5,60
63967,6,**
,,
64001,,310
64001,1,110
64001,2,90
64001,3,50
64001,4,30
64001,5,30
64001,6,**
,,
64011,,1490
64011,1,500
64011,2,340
64011,3,230
64011,4,160
64011,5,220
64011,6,40
,,
64012,,12800
64012,1,4490
64012,2,3350
64012,3,2000
64012,4,1290
64012,5,1360
64012,6,310
,,
64014,,12340
64014,1,3850
64014,2,2930
64014,3,2040
64014,4,1520
64014,5,1760
64014,6,240
,,
64015,,15530
64015,1,4820
64015,2,3600
64015,3,2430
64015,4,1770
64015,5,2510
64015,6,400
,,
64016,,2120
64016,1,720
64016,2,520
64016,3,350
64016,4,260
64016,5,240
64016,6,30
,,
64017,,190
64017,1,70
64017,2,50
64017,3,50
64017,4,**
64017,5,20
64017,6,**
,,
64018,,410
64018,1,110
64018,2,90
64018,3,60
64018,4,50
64018,5,100
64018,6,**
,,
64019,,1050
64019,1,350
64019,2,280
64019,3,180
64019,4,120
64019,5,120
64019,6,**
,,
64020,,1600
64020,1,610
64020,2,400
64020,3,260
64020,4,180
64020,5,150
64020,6,**
,,
64021,,290
64021,1,120
64021,2,80
64021,3,40
64021,4,20
64021,5,30
64021,6,**
,,
64024,,7200
64024,1,2610
64024,2,1910
64024,3,1120
64024,4,740
64024,5,750
64024,6,70
,,
64029,,8360
64029,1,2260
64029,2,1820
64029,3,1440
64029,4,1120
64029,5,1500
64029,6,220
,,
64030,,12010
64030,1,5060
64030,2,3840
64030,3,1680
64030,4,800
64030,5,580
64030,6,50
,,
64034,,3890
64034,1,990
64034,2,630
64034,3,590
64034,4,550
64034,5,880
64034,6,250
,,
64035,,410
64035,1,140
64035,2,100
64035,3,70
64035,4,50
64035,5,50
64035,6,**
,,
64036,,120
64036,1,70
64036,2,30
64036,3,20
64036,4,**
64036,5,**
64036,6,0
,,
64037,,2670
64037,1,1010
64037,2,740
64037,3,380
64037,4,270
64037,5,230
64037,6,40
,,
64040,,2810
64040,1,1010
64040,2,730
64040,3,460
64040,4,300
64040,5,280
64040,6,30
,,
64048,,2030
64048,1,590
64048,2,380
64048,3,300
64048,4,300
64048,5,410
64048,6,50
,,
64050,,9540
64050,1,4360
64050,2,2950
64050,3,1230
64050,4,560
64050,5,410
64050,6,30
,,
64052,,9760
64052,1,4280
64052,2,3110
64052,3,1410
64052,4,570
64052,5,360
64052,6,30
,,
64053,,2290
64053,1,1180
64053,2,760
64053,3,230
64053,4,80
64053,5,40
64053,6,**
,,
64054,,1700
64054,1,800
64054,2,520
64054,3,210
64054,4,100
64054,5,70
64054,6,**
,,
64055,,18050
64055,1,6430
64055,2,5250
64055,3,2990
64055,4,1660
64055,5,1570
64055,6,150
,,
64056,,7540
64056,1,2900
64056,2,1960
64056,3,1210
64056,4,780
64056,5,640
64056,6,50
,,
64057,,7010
64057,1,2340
64057,2,1730
64057,3,1110
64057,4,770
64057,5,920
64057,6,140
,,
64058,,3050
64058,1,1030
64058,2,790
64058,3,480
64058,4,370
64058,5,350
64058,6,30
,,
64060,,6910
64060,1,1920
64060,2,1170
64060,3,1000
64060,4,880
64060,5,1580
64060,6,360
,,
64061,,1540
64061,1,490
64061,2,340
64061,3,240
64061,4,190
64061,5,250
64061,6,30
,,
64062,,2850
64062,1,920
64062,2,610
64062,3,460
64062,4,390
64062,5,420
64062,6,50
,,
64063,,10480
64063,1,3390
64063,2,2570
64063,3,1710
64063,4,1120
64063,5,1450
64063,6,240
,,
64064,,8920
64064,1,2210
64064,2,1510
64064,3,1120
64064,4,970
64064,5,2170
64064,6,940
,,
64067,,2420
64067,1,990
64067,2,620
64067,3,340
64067,4,240
64067,5,190
64067,6,40
,,
64068,,16890
64068,1,5190
64068,2,3620
64068,3,2530
64068,4,1960
64068,5,2940
64068,6,650
,,
64070,,1670
64070,1,460
64070,2,300
64070,3,260
64070,4,230
64070,5,350
64070,6,70
,,
64071,,350
64071,1,130
64071,2,90
64071,3,60
64071,4,40
64071,5,30
64071,6,**
,,
64074,,320
64074,1,100
64074,2,60
64074,3,50
64074,4,50
64074,5,60
64074,6,**
,,
64075,,5540
64075,1,1960
64075,2,1350
64075,3,850
64075,4,580
64075,5,690
64075,6,110
,,
64076,,4250
64076,1,1520
64076,2,1050
64076,3,670
64076,4,450
64076,5,500
64076,6,60
,,
64077,,790
64077,1,270
64077,2,200
64077,3,130
64077,4,80
64077,5,110
64077,6,**
,,
64078,,4390
64078,1,1330
64078,2,920
64078,3,710
64078,4,610
64078,5,720
64078,6,100
,,
64079,,6610
64079,1,1780
64079,2,1330
64079,3,940
64079,4,820
64079,5,1380
64079,6,360
,,
64080,,6300
64080,1,1940
64080,2,1360
64080,3,1000
64080,4,770
64080,5,1070
64080,6,160
,,
64081,,11730
64081,1,3160
64081,2,2020
64081,3,1580
64081,4,1370
64081,5,2690
64081,6,910
,,
64082,,7390
64082,1,1720
64082,2,1040
64082,3,920
64082,4,990
64082,5,2250
64082,6,470
,,
64083,,11030
64083,1,3140
64083,2,2120
64083,3,1790
64083,4,1440
64083,5,2200
64083,6,340
,,
64084,,670
64084,1,240
64084,2,160
64084,3,100
64084,4,90
64084,5,80
64084,6,**
,,
64085,,4000
64085,1,1550
64085,2,980
64085,3,630
64085,4,400
64085,5,390
64085,6,50
,,
64086,,11090
64086,1,3010
64086,2,2220
64086,3,1710
64086,4,1380
64086,5,2140
64086,6,630
,,
64088,,610
64088,1,210
64088,2,140
64088,3,100
64088,4,70
64088,5,90
64088,6,**
,,
64089,,6220
64089,1,1680
64089,2,1150
64089,3,920
64089,4,830
64089,5,1390
64089,6,250
,,
64093,,10880
64093,1,4230
64093,2,2700
64093,3,1560
64093,4,1020
64093,5,1190
64093,6,180
,,
64096,,450
64096,1,170
64096,2,120
64096,3,70
64096,4,40
64096,5,50
64096,6,**
,,
64097,,610
64097,1,210
64097,2,170
64097,3,100
64097,4,60
64097,5,70
64097,6,**
,,
64098,,1360
64098,1,380
64098,2,310
64098,3,180
64098,4,180
64098,5,260
64098,6,50
,,
64105,,3410
64105,1,750
64105,2,1120
64105,3,810
64105,4,320
64105,5,330
64105,6,80
,,
64106,,3520
64106,1,1600
64106,2,930
64106,3,420
64106,4,200
64106,5,250
64106,6,120
,,
64108,,4390
64108,1,1460
64108,2,1200
64108,3,670
64108,4,350
64108,5,480
64108,6,230
,,
64109,,4500
64109,1,2340
64109,2,1270
64109,3,400
64109,4,190
64109,5,230
64109,6,70
,,
64110,,6930
64110,1,2920
64110,2,2030
64110,3,890
64110,4,440
64110,5,520
64110,6,130
,,
64111,,9430
64111,1,3060
64111,2,3110
64111,3,1580
64111,4,700
64111,5,720
64111,6,260
,,
64112,,4840
64112,1,1000
64112,2,1200
64112,3,820
64112,4,450
64112,5,680
64112,6,690
,,
64113,,5930
64113,1,1070
64113,2,680
64113,3,640
64113,4,530
64113,5,1650
64113,6,1360
,,
64114,,13170
64114,1,3380
64114,2,3740
64114,3,2480
64114,4,1440
64114,5,1770
64114,6,360
,,
64116,,9120
64116,1,3230
64116,2,2710
64116,3,1360
64116,4,700
64116,5,820
64116,6,300
,,
64117,,6960
64117,1,2710
64117,2,2330
64117,3,1100
64117,4,490
64117,5,330
64117,6,**
,,
64118,,20960
64118,1,7340
64118,2,6080
64118,3,3410
64118,4,2000
64118,5,1930
64118,6,200
,,
64119,,15170
64119,1,4510
64119,2,4220
64119,3,2700
64119,4,1600
64119,5,1830
64119,6,310
,,
64120,,160
64120,1,80
64120,2,50
64120,3,30
64120,4,**
64120,5,**
64120,6,**
,,
64123,,3990
64123,1,2180
64123,2,1230
64123,3,340
64123,4,150
64123,5,90
64123,6,**
,,
64124,,4410
64124,1,2530
64124,2,1370
64124,3,330
64124,4,110
64124,5,70
64124,6,**
,,
64125,,640
64125,1,370
64125,2,200
64125,3,50
64125,4,20
64125,5,**
64125,6,0
,,
64126,,2080
64126,1,1260
64126,2,600
64126,3,170
64126,4,50
64126,5,**
64126,6,**
,,
64127,,6100
64127,1,3580
64127,2,1820
64127,3,460
64127,4,140
64127,5,100
64127,6,**
,,
64128,,4440
64128,1,2710
64128,2,1320
64128,3,280
64128,4,80
64128,5,50
64128,6,**
,,
64129,,3980
64129,1,1870
64129,2,1370
64129,3,460
64129,4,150
64129,5,130
64129,6,**
,,
64130,,8780
64130,1,5070
64130,2,2670
64130,3,670
64130,4,220
64130,5,150
64130,6,**
,,
64131,,10390
64131,1,3930
64131,2,3110
64131,3,1450
64131,4,840
64131,5,940
64131,6,120
,,
64132,,5660
64132,1,3280
64132,2,1740
64132,3,420
64132,4,150
64132,5,70
64132,6,**
,,
64133,,16970
64133,1,6360
64133,2,5000
64133,3,2690
64133,4,1470
64133,5,1340
64133,6,110
,,
64134,,9780
64134,1,4540
64134,2,3150
64134,3,1250
64134,4,490
64134,5,320
64134,6,30
,,
64136,,970
64136,1,380
64136,2,290
64136,3,150
64136,4,70
64136,5,80
64136,6,**
,,
64137,,4720
64137,1,1900
64137,2,1470
64137,3,710
64137,4,360
64137,5,280
64137,6,**
,,
64138,,12320
64138,1,4880
64138,2,3880
64138,3,1820
64138,4,900
64138,5,770
64138,6,70
,,
64139,,870
64139,1,220
64139,2,130
64139,3,100
64139,4,120
64139,5,250
64139,6,50
,,
64145,,2640
64145,1,660
64145,2,480
64145,3,400
64145,4,330
64145,5,560
64145,6,210
,,
64146,,760
64146,1,210
64146,2,190
64146,3,140
64146,4,110
64146,5,110
64146,6,**
,,
64147,,150
64147,1,150
64147,2,**
64147,3,**
64147,4,0
64147,5,0
64147,6,0
,,
64149,,190
64149,1,50
64149,2,30
64149,3,30
64149,4,20
64149,5,60
64149,6,**
,,
64150,,1660
64150,1,640
64150,2,470
64150,3,180
64150,4,110
64150,5,180
64150,6,80
,,
64151,,13320
64151,1,3810
64151,2,3200
64151,3,2060
64151,4,1450
64151,5,2280
64151,6,520
,,
64152,,13450
64152,1,3630
64152,2,2520
64152,3,1770
64152,4,1430
64152,5,2650
64152,6,1450
,,
64153,,2810
64153,1,730
64153,2,630
64153,3,480
64153,4,360
64153,5,520
64153,6,90
,,
64154,,5510
64154,1,1370
64154,2,1320
64154,3,880
64154,4,630
64154,5,1030
64154,6,280
,,
64155,,12260
64155,1,3230
64155,2,2600
64155,3,1990
64155,4,1650
64155,5,2340
64155,6,450
,,
64156,,2850
64156,1,650
64156,2,530
64156,3,390
64156,4,390
64156,5,760
64156,6,130
,,
64157,,8690
64157,1,1730
64157,2,1150
64157,3,1160
64157,4,1230
64157,5,2670
64157,6,750
,,
64158,,2800
64158,1,790
64158,2,580
64158,3,410
64158,4,350
64158,5,570
64158,6,100
,,
64161,,200
64161,1,70
64161,2,50
64161,3,30
64161,4,30
64161,5,20
64161,6,**
,,
64163,,460
64163,1,190
64163,2,140
64163,3,70
64163,4,30
64163,5,30
64163,6,**
,,
64164,,120
64164,1,40
64164,2,20
64164,3,20
64164,4,**
64164,5,40
64164,6,**
,,
64165,,120
64165,1,40
64165,2,**
64165,3,30
64165,4,**
64165,5,50
64165,6,**
,,
64166,,140
64166,1,40
64166,2,20
64166,3,30
64166,4,**
64166,5,50
64166,6,**
,,
64167,,160
64167,1,60
64167,2,**
64167,3,20
64167,4,**
64167,5,80
64167,6,**
,,
64401,,680
64401,1,200
64401,2,160
64401,3,110
64401,4,80
64401,5,130
64401,6,**
,,
64402,,1020
64402,1,420
64402,2,280
64402,3,170
64402,4,80
64402,5,70
64402,6,**
,,
64421,,410
64421,1,170
64421,2,110
64421,3,60
64421,4,40
64421,5,30
64421,6,**
,,
64422,,150
64422,1,50
64422,2,40
64422,3,30
64422,4,30
64422,5,**
64422,6,**
,,
64423,,320
64423,1,100
64423,2,90
64423,3,50
64423,4,40
64423,5,40
64423,6,**
,,
64424,,1880
64424,1,880
64424,2,490
64424,3,270
64424,4,130
64424,5,110
64424,6,**
,,
64426,,140
64426,1,60
64426,2,50
64426,3,30
64426,4,**
64426,5,**
64426,6,**
,,
64427,,250
64427,1,100
64427,2,60
64427,3,40
64427,4,30
64427,5,20
64427,6,**
,,
64428,,380
64428,1,160
64428,2,100
64428,3,60
64428,4,40
64428,5,20
64428,6,**
,,
64429,,4350
64429,1,1740
64429,2,1060
64429,3,600
64429,4,470
64429,5,400
64429,6,80
,,
64430,,350
64430,1,110
64430,2,80
64430,3,70
64430,4,50
64430,5,40
64430,6,**
,,
64431,,160
64431,1,60
64431,2,50
64431,3,30
64431,4,20
64431,5,**
64431,6,0
,,
64434,,230
64434,1,80
64434,2,70
64434,3,30
64434,4,50
64434,5,**
64434,6,**
,,
64436,,370
64436,1,110
64436,2,80
64436,3,50
64436,4,60
64436,5,70
64436,6,**
,,
64437,,280
64437,1,130
64437,2,70
64437,3,40
64437,4,20
64437,5,20
64437,6,**
,,
64439,,810
64439,1,260
64439,2,180
64439,3,130
64439,4,100
64439,5,140
64439,6,**
,,
64440,,330
64440,1,100
64440,2,90
64440,3,50
64440,4,40
64440,5,50
64440,6,**
,,
64442,,330
64442,1,170
64442,2,90
64442,3,50
64442,4,20
64442,5,**
64442,6,**
,,
64443,,530
64443,1,170
64443,2,130
64443,3,80
64443,4,70
64443,5,80
64443,6,**
,,
64444,,630
64444,1,190
64444,2,150
64444,3,110
64444,4,70
64444,5,90
64444,6,20
,,
64445,,110
64445,1,40
64445,2,30
64445,3,40
64445,4,**
64445,5,**
64445,6,**
,,
64446,,480
64446,1,190
64446,2,100
64446,3,80
64446,4,40
64446,5,70
64446,6,**
,,
64448,,500
64448,1,140
64448,2,110
64448,3,80
64448,4,70
64448,5,100
64448,6,**
,,
64449,,210
64449,1,70
64449,2,70
64449,3,40
64449,4,30
64449,5,**
64449,6,**
,,
64451,,180
64451,1,70
64451,2,80
64451,3,**
64451,4,30
64451,5,**
64451,6,**
,,
64454,,1110
64454,1,340
64454,2,240
64454,3,190
64454,4,150
64454,5,170
64454,6,20
,,
64455,,170
64455,1,60
64455,2,40
64455,3,40
64455,4,30
64455,5,**
64455,6,**
,,
64456,,610
64456,1,260
64456,2,160
64456,3,110
64456,4,50
64456,5,30
64456,6,**
,,
64457,,130
64457,1,40
64457,2,40
64457,3,30
64457,4,20
64457,5,**
64457,6,**
,,
64459,,250
64459,1,70
64459,2,70
64459,3,50
64459,4,20
64459,5,40
64459,6,**
,,
64461,,350
64461,1,130
64461,2,110
64461,3,60
64461,4,30
64461,5,20
64461,6,**
,,
64463,,650
64463,1,260
64463,2,160
64463,3,110
64463,4,60
64463,5,60
64463,6,**
,,
64465,,1970
64465,1,670
64465,2,460
64465,3,340
64465,4,220
64465,5,280
64465,6,**
,,
64466,,240
64466,1,100
64466,2,70
64466,3,30
64466,4,40
64466,5,**
64466,6,**
,,
64468,,5330
64468,1,2050
64468,2,1370
64468,3,740
64468,4,550
64468,5,500
64468,6,120
,,
64469,,930
64469,1,360
64469,2,220
64469,3,170
64469,4,90
64469,5,90
64469,6,**
,,
64470,,690
64470,1,270
64470,2,170
64470,3,110
64470,4,60
64470,5,60
64470,6,20
,,
64471,,200
64471,1,90
64471,2,80
64471,3,**
64471,4,30
64471,5,**
64471,6,**
,,
64473,,630
64473,1,230
64473,2,150
64473,3,100
64473,4,70
64473,5,80
64473,6,**
,,
64474,,400
64474,1,150
64474,2,100
64474,3,70
64474,4,50
64474,5,30
64474,6,**
,,
64475,,160
64475,1,50
64475,2,60
64475,3,30
64475,4,20
64475,5,**
64475,6,**
,,
64476,,160
64476,1,50
64476,2,50
64476,3,30
64476,4,30
64476,5,**
64476,6,**
,,
64477,,1550
64477,1,530
64477,2,350
64477,3,260
64477,4,180
64477,5,200
64477,6,30
,,
64479,,360
64479,1,140
64479,2,90
64479,3,60
64479,4,70
64479,5,**
64479,6,**
,,
64480,,140
64480,1,50
64480,2,30
64480,3,30
64480,4,30
64480,5,**
64480,6,0
,,
64481,,400
64481,1,190
64481,2,110
64481,3,70
64481,4,30
64481,5,**
64481,6,**
,,
64482,,900
64482,1,300
64482,2,210
64482,3,140
64482,4,110
64482,5,140
64482,6,**
,,
64483,,290
64483,1,100
64483,2,60
64483,3,60
64483,4,40
64483,5,30
64483,6,**
,,
64484,,470
64484,1,160
64484,2,130
64484,3,80
64484,4,60
64484,5,40
64484,6,**
,,
64485,,3780
64485,1,1340
64485,2,870
64485,3,620
64485,4,440
64485,5,450
64485,6,60
,,
64486,,170
64486,1,80
64486,2,50
64486,3,40
64486,4,**
64486,5,**
64486,6,**
,,
64487,,310
64487,1,130
64487,2,100
64487,3,60
64487,4,**
64487,5,20
64487,6,**
,,
64489,,830
64489,1,320
64489,2,220
64489,3,110
64489,4,90
64489,5,70
64489,6,20
,,
64490,,980
64490,1,310
64490,2,240
64490,3,180
64490,4,120
64490,5,130
64490,6,**
,,
64491,,830
64491,1,330
64491,2,190
64491,3,140
64491,4,70
64491,5,100
64491,6,**
,,
64492,,840
64492,1,240
64492,2,180
64492,3,120
64492,4,100
64492,5,170
64492,6,30
,,
64493,,270
64493,1,100
64493,2,60
64493,3,50
64493,4,30
64493,5,30
64493,6,**
,,
64494,,450
64494,1,160
64494,2,120
64494,3,90
64494,4,40
64494,5,40
64494,6,**
,,
64497,,250
64497,1,110
64497,2,60
64497,3,40
64497,4,40
64497,5,**
64497,6,0
,,
64498,,160
64498,1,60
64498,2,40
64498,3,40
64498,4,**
64498,5,20
64498,6,**
,,
64501,,4700
64501,1,2430
64501,2,1410
64501,3,500
64501,4,210
64501,5,130
64501,6,20
,,
64503,,5710
64503,1,2340
64503,2,1590
64503,3,900
64503,4,480
64503,5,370
64503,6,30
,,
64504,,4770
64504,1,2100
64504,2,1330
64504,3,650
64504,4,360
64504,5,300
64504,6,30
,,
64505,,6170
64505,1,2320
64505,2,1620
64505,3,850
64505,4,560
64505,5,640
64505,6,180
,,
64506,,10080
64506,1,3410
64506,2,2420
64506,3,1430
64506,4,1060
64506,5,1390
64506,6,370
,,
64507,,6030
64507,1,2440
64507,2,1690
64507,3,870
64507,4,490
64507,5,450
64507,6,90
,,
64601,,4990
64601,1,2070
64601,2,1300
64601,3,720
64601,4,410
64601,5,380
64601,6,110
,,
64620,,210
64620,1,90
64620,2,50
64620,3,40
64620,4,**
64620,5,30
64620,6,**
,,
64622,,260
64622,1,100
64622,2,70
64622,3,50
64622,4,40
64622,5,**
64622,6,**
,,
64623,,250
64623,1,100
64623,2,80
64623,3,30
64623,4,40
64623,5,**
64623,6,**
,,
64624,,640
64624,1,260
64624,2,180
64624,3,100
64624,4,60
64624,5,40
64624,6,**
,,
64625,,260
64625,1,110
64625,2,80
64625,3,40
64625,4,30
64625,5,**
64625,6,**
,,
64628,,2480
64628,1,1130
64628,2,610
64628,3,340
64628,4,200
64628,5,160
64628,6,40
,,
64630,,230
64630,1,100
64630,2,60
64630,3,40
64630,4,30
64630,5,**
64630,6,**
,,
64631,,360
64631,1,150
64631,2,100
64631,3,50
64631,4,30
64631,5,30
64631,6,**
,,
64632,,280
64632,1,140
64632,2,70
64632,3,40
64632,4,30
64632,5,**
64632,6,**
,,
64633,,2260
64633,1,980
64633,2,530
64633,3,330
64633,4,180
64633,5,190
64633,6,50
,,
64635,,230
64635,1,100
64635,2,70
64635,3,30
64635,4,30
64635,5,**
64635,6,**
,,
64636,,100
64636,1,50
64636,2,30
64636,3,20
64636,4,**
64636,5,**
64636,6,**
,,
64637,,260
64637,1,100
64637,2,70
64637,3,40
64637,4,50
64637,5,**
64637,6,**
,,
64638,,240
64638,1,110
64638,2,60
64638,3,30
64638,4,40
64638,5,**
64638,6,**
,,
64640,,1350
64640,1,540
64640,2,330
64640,3,220
64640,4,110
64640,5,130
64640,6,20
,,
64641,,220
64641,1,80
64641,2,70
64641,3,40
64641,4,30
64641,5,**
64641,6,**
,,
64642,,340
64642,1,140
64642,2,90
64642,3,60
64642,4,50
64642,5,**
64642,6,**
,,
64643,,430
64643,1,170
64643,2,110
64643,3,80
64643,4,40
64643,5,30
64643,6,**
,,
64644,,1290
64644,1,540
64644,2,320
64644,3,190
64644,4,140
64644,5,100
64644,6,**
,,
64645,,100
64645,1,40
64645,2,30
64645,3,30
64645,4,**
64645,5,**
64645,6,0
,,
64646,,110
64646,1,40
64646,2,40
64646,3,30
64646,4,**
64646,5,**
64646,6,**
,,
64647,,130
64647,1,60
64647,2,40
64647,3,30
64647,4,**
64647,5,**
64647,6,**
,,
64648,,710
64648,1,310
64648,2,180
64648,3,130
64648,4,50
64648,5,40
64648,6,**
,,
64649,,350
64649,1,130
64649,2,90
64649,3,50
64649,4,40
64649,5,40
64649,6,**
,,
64650,,270
64650,1,120
64650,2,60
64650,3,50
64650,4,**
64650,5,40
64650,6,**
,,
64651,,250
64651,1,100
64651,2,70
64651,3,40
64651,4,40
64651,5,**
64651,6,**
,,
64652,,170
64652,1,70
64652,2,50
64652,3,30
64652,4,20
64652,5,**
64652,6,**
,,
64653,,290
64653,1,110
64653,2,80
64653,3,60
64653,4,40
64653,5,**
64653,6,**
,,
64657,,140
64657,1,50
64657,2,50
64657,3,40
64657,4,**
64657,5,**
64657,6,**
,,
64658,,1390
64658,1,550
64658,2,380
64658,3,210
64658,4,120
64658,5,130
64658,6,**
,,
64659,,400
64659,1,140
64659,2,100
64659,3,70
64659,4,50
64659,5,40
64659,6,**
,,
64660,,210
64660,1,70
64660,2,50
64660,3,30
64660,4,20
64660,5,40
64660,6,**
,,
64661,,320
64661,1,140
64661,2,100
64661,3,40
64661,4,20
64661,5,20
64661,6,**
,,
64664,,130
64664,1,50
64664,2,60
64664,3,**
64664,4,20
64664,5,**
64664,6,**
,,
64667,,130
64667,1,60
64667,2,30
64667,3,40
64667,4,**
64667,5,**
64667,6,0
,,
64668,,610
64668,1,220
64668,2,140
64668,3,100
64668,4,70
64668,5,80
64668,6,**
,,
64670,,410
64670,1,180
64670,2,100
64670,3,70
64670,4,30
64670,5,30
64670,6,**
,,
64671,,870
64671,1,290
64671,2,230
64671,3,140
64671,4,100
64671,5,110
64671,6,**
,,
64672,,110
64672,1,50
64672,2,30
64672,3,30
64672,4,**
64672,5,**
64672,6,**
,,
64673,,960
64673,1,370
64673,2,290
64673,3,150
64673,4,80
64673,5,70
64673,6,**
,,
64674,,190
64674,1,80
64674,2,50
64674,3,40
64674,4,20
64674,5,**
64674,6,0
,,
64679,,270
64679,1,120
64679,2,70
64679,3,40
64679,4,40
64679,5,**
64679,6,**
,,
64682,,180
64682,1,60
64682,2,50
64682,3,40
64682,4,30
64682,5,**
64682,6,**
,,
64683,,3410
64683,1,1490
64683,2,880
64683,3,530
64683,4,270
64683,5,200
64683,6,40
,,
64688,,240
64688,1,110
64688,2,60
64688,3,40
64688,4,30
64688,5,**
64688,6,**
,,
64689,,270
64689,1,140
64689,2,70
64689,3,30
64689,4,30
64689,5,**
64689,6,0
,,
64701,,6730
64701,1,2540
64701,2,1660
64701,3,1020
64701,4,670
64701,5,720
64701,6,120
,,
64720,,1720
64720,1,670
64720,2,410
64720,3,270
64720,4,180
64720,5,190
64720,6,**
,,
64722,,180
64722,1,80
64722,2,40
64722,3,30
64722,4,30
64722,5,**
64722,6,0
,,
64723,,250
64723,1,100
64723,2,70
64723,3,40
64723,4,40
64723,5,**
64723,6,0
,,
64724,,730
64724,1,310
64724,2,190
64724,3,120
64724,4,50
64724,5,60
64724,6,**
,,
64725,,1050
64725,1,370
64725,2,250
64725,3,160
64725,4,140
64725,5,130
64725,6,**
,,
64726,,170
64726,1,60
64726,2,70
64726,3,**
64726,4,40
64726,5,**
64726,6,**
,,
64728,,210
64728,1,90
64728,2,50
64728,3,40
64728,4,30
64728,5,**
64728,6,**
,,
64730,,2920
64730,1,1270
64730,2,720
64730,3,370
64730,4,260
64730,5,250
64730,6,50
,,
64733,,430
64733,1,170
64733,2,110
64733,3,70
64733,4,40
64733,5,40
64733,6,**
,,
64734,,920
64734,1,270
64734,2,190
64734,3,150
64734,4,130
64734,5,150
64734,6,30
,,
64735,,5700
64735,1,2380
64735,2,1440
64735,3,810
64735,4,510
64735,5,450
64735,6,110
,,
64738,,430
64738,1,200
64738,2,110
64738,3,60
64738,4,30
64738,5,30
64738,6,**
,,
64739,,450
64739,1,140
64739,2,120
64739,3,80
64739,4,50
64739,5,60
64739,6,**
,,
64740,,740
64740,1,310
64740,2,210
64740,3,120
64740,4,50
64740,5,50
64740,6,**
,,
64741,,110
64741,1,50
64741,2,30
64741,3,30
64741,4,**
64741,5,**
64741,6,**
,,
64742,,990
64742,1,330
64742,2,210
64742,3,180
64742,4,120
64742,5,130
64742,6,20
,,
64744,,2980
64744,1,1450
64744,2,770
64744,3,440
64744,4,160
64744,5,140
64744,6,20
,,
64746,,660
64746,1,220
64746,2,160
64746,3,110
64746,4,80
64746,5,90
64746,6,**
,,
64747,,1680
64747,1,580
64747,2,410
64747,3,300
64747,4,190
64747,5,180
64747,6,20
,,
64748,,560
64748,1,270
64748,2,150
64748,3,80
64748,4,30
64748,5,30
64748,6,**
,,
64750,,150
64750,1,70
64750,2,40
64750,3,40
64750,4,**
64750,5,**
64750,6,**
,,
64752,,300
64752,1,120
64752,2,70
64752,3,60
64752,4,50
64752,5,**
64752,6,**
,,
64755,,1060
64755,1,420
64755,2,300
64755,3,170
64755,4,90
64755,5,80
64755,6,**
,,
64756,,230
64756,1,120
64756,2,60
64756,3,50
64756,4,**
64756,5,**
64756,6,**
,,
64759,,3330
64759,1,1550
64759,2,840
64759,3,450
64759,4,250
64759,5,190
64759,6,50
,,
64761,,570
64761,1,210
64761,2,180
64761,3,70
64761,4,60
64761,5,50
64761,6,**
,,
64762,,630
64762,1,250
64762,2,180
64762,3,90
64762,4,60
64762,5,50
64762,6,**
,,
64763,,540
64763,1,270
64763,2,150
64763,3,70
64763,4,50
64763,5,**
64763,6,**
,,
64767,,330
64767,1,150
64767,2,80
64767,3,40
64767,4,40
64767,5,20
64767,6,0
,,
64769,,210
64769,1,100
64769,2,60
64769,3,20
64769,4,30
64769,5,**
64769,6,0
,,
64770,,440
64770,1,190
64770,2,120
64770,3,60
64770,4,40
64770,5,30
64770,6,**
,,
64771,,240
64771,1,80
64771,2,70
64771,3,50
64771,4,40
64771,5,**
64771,6,**
,,
64772,,5380
64772,1,2450
64772,2,1370
64772,3,720
64772,4,410
64772,5,360
64772,6,70
,,
64776,,1400
64776,1,680
64776,2,350
64776,3,190
64776,4,100
64776,5,80
64776,6,**
,,
64778,,210
64778,1,90
64778,2,50
64778,3,50
64778,4,**
64778,5,20
64778,6,**
,,
64779,,840
64779,1,370
64779,2,230
64779,3,120
64779,4,70
64779,5,50
64779,6,**
,,
64780,,230
64780,1,100
64780,2,60
64780,3,40
64780,4,30
64780,5,**
64780,6,**
,,
64783,,280
64783,1,140
64783,2,80
64783,3,30
64783,4,30
64783,5,**
64783,6,0
,,
64784,,570
64784,1,250
64784,2,170
64784,3,80
64784,4,40
64784,5,30
64784,6,**
,,
64788,,580
64788,1,210
64788,2,170
64788,3,90
64788,4,50
64788,5,60
64788,6,**
,,
64790,,350
64790,1,140
64790,2,110
64790,3,60
64790,4,20
64790,5,20
64790,6,**
,,
64801,,14210
64801,1,6500
64801,2,3750
64801,3,1810
64801,4,990
64801,5,920
64801,6,240
,,
64804,,15280
64804,1,6280
64804,2,3960
64804,3,2040
64804,4,1150
64804,5,1290
64804,6,560
,,
64831,,2330
64831,1,1020
64831,2,670
64831,3,300
64831,4,150
64831,5,170
64831,6,20
,,
64832,,310
64832,1,130
64832,2,70
64832,3,50
64832,4,30
64832,5,30
64832,6,**
,,
64834,,4180
64834,1,1410
64834,2,990
64834,3,670
64834,4,460
64834,5,540
64834,6,110
,,
64835,,780
64835,1,380
64835,2,230
64835,3,110
64835,4,60
64835,5,**
64835,6,**
,,
64836,,10040
64836,1,4080
64836,2,2910
64836,3,1420
64836,4,770
64836,5,670
64836,6,190
,,
64840,,1240
64840,1,480
64840,2,330
64840,3,210
64840,4,110
64840,5,110
64840,6,**
,,
64842,,320
64842,1,160
64842,2,90
64842,3,40
64842,4,30
64842,5,**
64842,6,**
,,
64843,,1210
64843,1,550
64843,2,350
64843,3,170
64843,4,80
64843,5,60
64843,6,**
,,
64844,,1690
64844,1,740
64844,2,490
64844,3,270
64844,4,110
64844,5,80
64844,6,**
,,
64847,,120
64847,1,70
64847,2,50
64847,3,**
64847,4,**
64847,5,**
64847,6,0
,,
64848,,270
64848,1,120
64848,2,70
64848,3,40
64848,4,40
64848,5,**
64848,6,**
,,
64850,,9950
64850,1,4200
64850,2,2820
64850,3,1420
64850,4,750
64850,5,630
64850,6,130
,,
64854,,1970
64854,1,940
64854,2,700
64854,3,180
64854,4,70
64854,5,80
64854,6,**
,,
64855,,1220
64855,1,410
64855,2,310
64855,3,230
64855,4,130
64855,5,110
64855,6,30
,,
64856,,1530
64856,1,680
64856,2,410
64856,3,200
64856,4,110
64856,5,130
64856,6,**
,,
64859,,510
64859,1,220
64859,2,140
64859,3,80
64859,4,40
64859,5,30
64859,6,**
,,
64861,,470
64861,1,220
64861,2,120
64861,3,80
64861,4,30
64861,5,20
64861,6,**
,,
64862,,1340
64862,1,590
64862,2,370
64862,3,200
64862,4,100
64862,5,80
64862,6,**
,,
64863,,650
64863,1,290
64863,2,230
64863,3,70
64863,4,30
64863,5,30
64863,6,**
,,
64865,,2360
64865,1,940
64865,2,640
64865,3,400
64865,4,200
64865,5,150
64865,6,30
,,
64866,,490
64866,1,220
64866,2,140
64866,3,70
64866,4,30
64866,5,30
64866,6,**
,,
64867,,470
64867,1,210
64867,2,130
64867,3,70
64867,4,30
64867,5,30
64867,6,**
,,
64870,,6600
64870,1,2650
64870,2,1690
64870,3,1020
64870,4,600
64870,5,530
64870,6,110
,,
64873,,400
64873,1,160
64873,2,120
64873,3,60
64873,4,30
64873,5,30
64873,6,**
,,
65001,,170
65001,1,60
65001,2,50
65001,3,30
65001,4,30
65001,5,**
65001,6,0
,,
65010,,2980
65010,1,820
65010,2,690
65010,3,460
65010,4,430
65010,5,510
65010,6,70
,,
65011,,880
65011,1,390
65011,2,250
65011,3,130
65011,4,50
65011,5,60
65011,6,**
,,
65013,,1400
65013,1,610
65013,2,390
65013,3,220
65013,4,110
65013,5,70
65013,6,**
,,
65014,,950
65014,1,410
65014,2,290
65014,3,120
65014,4,70
65014,5,60
65014,6,**
,,
65016,,600
65016,1,180
65016,2,150
65016,3,100
65016,4,80
65016,5,90
65016,6,**
,,
65017,,620
65017,1,310
65017,2,190
65017,3,80
65017,4,40
65017,5,**
65017,6,**
,,
65018,,3560
65018,1,1380
65018,2,970
65018,3,560
65018,4,350
65018,5,260
65018,6,40
,,
65020,,6580
65020,1,2950
65020,2,1510
65020,3,830
65020,4,550
65020,5,600
65020,6,140
,,
65023,,900
65023,1,280
65023,2,220
65023,3,150
65023,4,120
65023,5,130
65023,6,**
,,
65024,,470
65024,1,210
65024,2,110
65024,3,80
65024,4,40
65024,5,30
65024,6,**
,,
65025,,300
65025,1,130
65025,2,80
65025,3,50
65025,4,40
65025,5,**
65025,6,**
,,
65026,,4820
65026,1,2290
65026,2,1330
65026,3,620
65026,4,320
65026,5,230
65026,6,30
,,
65032,,760
65032,1,250
65032,2,170
65032,3,150
65032,4,100
65032,5,90
65032,6,**
,,
65034,,240
65034,1,100
65034,2,80
65034,3,30
65034,4,30
65034,5,**
65034,6,**
,,
65035,,820
65035,1,280
65035,2,190
65035,3,150
65035,4,100
65035,5,100
65035,6,**
,,
65037,,1930
65037,1,840
65037,2,500
65037,3,220
65037,4,170
65037,5,170
65037,6,30
,,
65039,,1090
65039,1,320
65039,2,210
65039,3,160
65039,4,130
65039,5,220
65039,6,50
,,
65040,,600
65040,1,200
65040,2,140
65040,3,120
65040,4,80
65040,5,60
65040,6,**
,,
65041,,2550
65041,1,1000
65041,2,610
65041,3,420
65041,4,230
65041,5,250
65041,6,40
,,
65043,,4840
65043,1,1680
65043,2,1290
65043,3,780
65043,4,560
65043,5,480
65043,6,50
,,
65046,,530
65046,1,190
65046,2,130
65046,3,90
65046,4,70
65046,5,50
65046,6,**
,,
65047,,550
65047,1,280
65047,2,130
65047,3,60
65047,4,30
65047,5,50
65047,6,**
,,
65049,,3560
65049,1,1260
65049,2,800
65049,3,510
65049,4,350
65049,5,490
65049,6,150
,,
65050,,230
65050,1,100
65050,2,70
65050,3,30
65050,4,30
65050,5,**
65050,6,**
,,
65051,,2060
65051,1,760
65051,2,600
65051,3,330
65051,4,190
65051,5,180
65051,6,**
,,
65052,,1480
65052,1,650
65052,2,320
65052,3,190
65052,4,120
65052,5,160
65052,6,40
,,
65053,,700
65053,1,200
65053,2,150
65053,3,100
65053,4,100
65053,5,100
65053,6,50
,,
65054,,420
65054,1,120
65054,2,110
65054,3,70
65054,4,70
65054,5,50
65054,6,**
,,
65058,,460
65058,1,140
65058,2,140
65058,3,70
65058,4,70
65058,5,40
65058,6,**
,,
65059,,480
65059,1,180
65059,2,110
65059,3,80
65059,4,50
65059,5,60
65059,6,**
,,
65061,,280
65061,1,110
65061,2,90
65061,3,40
65061,4,40
65061,5,**
65061,6,**
,,
65063,,1650
65063,1,560
65063,2,440
65063,3,240
65063,4,200
65063,5,210
65063,6,**
,,
65064,,220
65064,1,80
65064,2,70
65064,3,40
65064,4,30
65064,5,**
65064,6,0
,,
65065,,3450
65065,1,1420
65065,2,820
65065,3,440
65065,4,290
65065,5,340
65065,6,140
,,
65066,,2960
65066,1,1250
65066,2,810
65066,3,430
65066,4,260
65066,5,190
65066,6,20
,,
65067,,180
65067,1,80
65067,2,40
65067,3,30
65067,4,30
65067,5,**
65067,6,**
,,
65068,,300
65068,1,100
65068,2,70
65068,3,50
65068,4,50
65068,5,30
65068,6,**
,,
65069,,320
65069,1,120
65069,2,80
65069,3,50
65069,4,40
65069,5,30
65069,6,0
,,
65072,,710
65072,1,310
65072,2,170
65072,3,80
65072,4,70
65072,5,80
65072,6,**
,,
65074,,1370
65074,1,470
65074,2,370
65074,3,270
65074,4,140
65074,5,120
65074,6,**
,,
65075,,370
65075,1,110
65075,2,90
65075,3,60
65075,4,50
65075,5,60
65075,6,**
,,
65076,,320
65076,1,100
65076,2,60
65076,3,70
65076,4,40
65076,5,50
65076,6,**
,,
65077,,210
65077,1,80
65077,2,60
65077,3,30
65077,4,40
65077,5,**
65077,6,0
,,
65078,,1440
65078,1,690
65078,2,390
65078,3,200
65078,4,80
65078,5,80
65078,6,**
,,
65079,,2010
65079,1,790
65079,2,410
65079,3,280
65079,4,170
65079,5,270
65079,6,90
,,
65080,,450
65080,1,120
65080,2,110
65080,3,80
65080,4,60
65080,5,80
65080,6,**
,,
65081,,1280
65081,1,500
65081,2,350
65081,3,210
65081,4,110
65081,5,110
65081,6,**
,,
65082,,430
65082,1,170
65082,2,130
65082,3,80
65082,4,30
65082,5,20
65082,6,**
,,
65083,,160
65083,1,80
65083,2,50
65083,3,30
65083,4,**
65083,5,**
65083,6,**
,,
65084,,2740
65084,1,1230
65084,2,820
65084,3,380
65084,4,170
65084,5,120
65084,6,20
,,
65085,,640
65085,1,200
65085,2,160
65085,3,110
65085,4,90
65085,5,80
65085,6,**
,,
65101,,12740
65101,1,4820
65101,2,3090
65101,3,1710
65101,4,1310
65101,5,1540
65101,6,270
,,
65109,,19030
65109,1,6220
65109,2,4930
65109,3,3000
65109,4,1970
65109,5,2370
65109,6,540
,,
65201,,15160
65201,1,7300
65201,2,3270
65201,3,1610
65201,4,960
65201,5,1380
65201,6,640
,,
65202,,22430
65202,1,8920
65202,2,6300
65202,3,3280
65202,4,1940
65202,5,1790
65202,6,200
,,
65203,,26800
65203,1,8730
65203,2,5630
65203,3,3330
65203,4,2510
65203,5,4630
65203,6,1970
,,
65230,,290
65230,1,120
65230,2,80
65230,3,70
65230,4,**
65230,5,20
65230,6,**
,,
65231,,1450
65231,1,600
65231,2,380
65231,3,200
65231,4,130
65231,5,140
65231,6,**
,,
65232,,130
65232,1,50
65232,2,40
65232,3,20
65232,4,20
65232,5,**
65232,6,**
,,
65233,,4880
65233,1,1930
65233,2,1300
65233,3,710
65233,4,470
65233,5,410
65233,6,60
,,
65236,,560
65236,1,250
65236,2,130
65236,3,90
65236,4,50
65236,5,40
65236,6,**
,,
65237,,400
65237,1,170
65237,2,110
65237,3,50
65237,4,40
65237,5,30
65237,6,**
,,
65239,,610
65239,1,220
65239,2,150
65239,3,100
65239,4,70
65239,5,70
65239,6,**
,,
65240,,3610
65240,1,1270
65240,2,910
65240,3,580
65240,4,420
65240,5,390
65240,6,40
,,
65243,,970
65243,1,380
65243,2,250
65243,3,160
65243,4,90
65243,5,90
65243,6,**
,,
65244,,180
65244,1,60
65244,2,40
65244,3,40
65244,4,40
65244,5,**
65244,6,**
,,
65247,,250
65247,1,90
65247,2,60
65247,3,50
65247,4,20
65247,5,30
65247,6,0
,,
65248,,1900
65248,1,830
65248,2,480
65248,3,240
65248,4,170
65248,5,150
65248,6,30
,,
65250,,260
65250,1,110
65250,2,70
65250,3,30
65250,4,20
65250,5,30
65250,6,**
,,
65251,,8940
65251,1,3520
65251,2,2500
65251,3,1280
65251,4,780
65251,5,750
65251,6,110
,,
65254,,800
65254,1,290
65254,2,240
65254,3,120
65254,4,80
65254,5,70
65254,6,**
,,
65255,,1920
65255,1,610
65255,2,480
65255,3,310
65255,4,240
65255,5,250
65255,6,30
,,
65256,,940
65256,1,300
65256,2,240
65256,3,150
65256,4,120
65256,5,130
65256,6,**
,,
65257,,670
65257,1,270
65257,2,200
65257,3,100
65257,4,60
65257,5,40
65257,6,**
,,
65258,,210
65258,1,80
65258,2,50
65258,3,40
65258,4,40
65258,5,**
65258,6,0
,,
65259,,1240
65259,1,500
65259,2,320
65259,3,190
65259,4,130
65259,5,100
65259,6,**
,,
65260,,270
65260,1,90
65260,2,100
65260,3,40
65260,4,20
65260,5,20
65260,6,**
,,
65261,,480
65261,1,190
65261,2,140
65261,3,70
65261,4,40
65261,5,40
65261,6,**
,,
65262,,380
65262,1,140
65262,2,100
65262,3,50
65262,4,50
65262,5,40
65262,6,**
,,
65263,,780
65263,1,330
65263,2,210
65263,3,120
65263,4,60
65263,5,60
65263,6,**
,,
65264,,390
65264,1,150
65264,2,90
65264,3,50
65264,4,40
65264,5,60
65264,6,**
,,
65265,,6820
65265,1,2900
65265,2,1860
65265,3,930
65265,4,580
65265,5,440
65265,6,110
,,
65270,,6820
65270,1,2900
65270,2,1860
65270,3,920
65270,4,540
65270,5,470
65270,6,130
,,
65274,,720
65274,1,280
65274,2,200
65274,3,100
65274,4,70
65274,5,70
65274,6,**
,,
65275,,1070
65275,1,410
65275,2,290
65275,3,180
65275,4,110
65275,5,80
65275,6,**
,,
65276,,710
65276,1,280
65276,2,200
65276,3,100
65276,4,60
65276,5,70
65276,6,**
,,
65279,,890
65279,1,260
65279,2,190
65279,3,120
65279,4,100
65279,5,160
65279,6,60
,,
65281,,1270
65281,1,460
65281,2,340
65281,3,220
65281,4,110
65281,5,120
65281,6,20
,,
65283,,180
65283,1,60
65283,2,50
65283,3,40
65283,4,30
65283,5,**
65283,6,**
,,
65284,,1020
65284,1,340
65284,2,270
65284,3,150
65284,4,120
65284,5,140
65284,6,**
,,
65285,,290
65285,1,90
65285,2,80
65285,3,50
65285,4,40
65285,5,30
65285,6,**
,,
65287,,150
65287,1,60
65287,2,30
65287,3,20
65287,4,40
65287,5,**
65287,6,**
,,
65301,,14610
65301,1,6390
65301,2,4090
65301,3,1900
65301,4,1080
65301,5,930
65301,6,220
,,
65305,,1290
65305,1,600
65305,2,430
65305,3,140
65305,4,70
65305,5,50
65305,6,**
,,
65321,,200
65321,1,70
65321,2,60
65321,3,30
65321,4,20
65321,5,20
65321,6,**
,,
65322,,260
65322,1,110
65322,2,60
65322,3,50
65322,4,20
65322,5,20
65322,6,**
,,
65323,,360
65323,1,150
65323,2,100
65323,3,50
65323,4,30
65323,5,30
65323,6,**
,,
65324,,540
65324,1,240
65324,2,140
65324,3,60
65324,4,40
65324,5,60
65324,6,**
,,
65325,,1320
65325,1,570
65325,2,310
65325,3,220
65325,4,120
65325,5,100
65325,6,**
,,
65326,,690
65326,1,340
65326,2,180
65326,3,90
65326,4,40
65326,5,40
65326,6,**
,,
65329,,190
65329,1,80
65329,2,50
65329,3,30
65329,4,30
65329,5,**
65329,6,**
,,
65330,,200
65330,1,90
65330,2,50
65330,3,30
65330,4,30
65330,5,**
65330,6,**
,,
65332,,690
65332,1,260
65332,2,200
65332,3,120
65332,4,60
65332,5,50
65332,6,**
,,
65333,,320
65333,1,120
65333,2,110
65333,3,40
65333,4,30
65333,5,20
65333,6,**
,,
65334,,400
65334,1,150
65334,2,110
65334,3,50
65334,4,50
65334,5,40
65334,6,**
,,
65335,,130
65335,1,50
65335,2,40
65335,3,40
65335,4,**
65335,5,**
65335,6,**
,,
65336,,2670
65336,1,910
65336,2,850
65336,3,390
65336,4,260
65336,5,260
65336,6,**
,,
65337,,820
65337,1,340
65337,2,260
65337,3,110
65337,4,70
65337,5,40
65337,6,**
,,
65338,,1230
65338,1,550
65338,2,340
65338,3,180
65338,4,80
65338,5,80
65338,6,**
,,
65339,,250
65339,1,90
65339,2,70
65339,3,40
65339,4,30
65339,5,20
65339,6,**
,,
65340,,6490
65340,1,2660
65340,2,1950
65340,3,870
65340,4,470
65340,5,420
65340,6,120
,,
65344,,130
65344,1,50
65344,2,50
65344,3,**
65344,4,30
65344,5,**
65344,6,**
,,
65345,,180
65345,1,70
65345,2,60
65345,3,20
65345,4,30
65345,5,**
65345,6,**
,,
65347,,260
65347,1,90
65347,2,70
65347,3,50
65347,4,30
65347,5,20
65347,6,**
,,
65348,,550
65348,1,200
65348,2,160
65348,3,90
65348,4,60
65348,5,40
65348,6,**
,,
65349,,1030
65349,1,450
65349,2,320
65349,3,140
65349,4,70
65349,5,50
65349,6,**
,,
65350,,780
65350,1,290
65350,2,230
65350,3,130
65350,4,70
65350,5,60
65350,6,**
,,
65351,,1000
65351,1,420
65351,2,270
65351,3,150
65351,4,90
65351,5,70
65351,6,**
,,
65354,,240
65354,1,100
65354,2,70
65354,3,40
65354,4,30
65354,5,**
65354,6,**
,,
65355,,4330
65355,1,2120
65355,2,1060
65355,3,530
65355,4,320
65355,5,270
65355,6,30
,,
65360,,1790
65360,1,830
65360,2,470
65360,3,250
65360,4,130
65360,5,110
65360,6,**
,,
65401,,11540
65401,1,5080
65401,2,2640
65401,3,1420
65401,4,980
65401,5,1100
65401,6,320
,,
65438,,1010
65438,1,550
65438,2,260
65438,3,110
65438,4,50
65438,5,40
65438,6,**
,,
65440,,170
65440,1,70
65440,2,40
65440,3,30
65440,4,30
65440,5,**
65440,6,0
,,
65441,,2180
65441,1,990
65441,2,540
65441,3,300
65441,4,190
65441,5,140
65441,6,20
,,
65444,,360
65444,1,180
65444,2,90
65444,3,50
65444,4,20
65444,5,20
65444,6,**
,,
65446,,170
65446,1,90
65446,2,50
65446,3,30
65446,4,**
65446,5,**
65446,6,**
,,
65449,,140
65449,1,60
65449,2,50
65449,3,30
65449,4,**
65449,5,**
65449,6,**
,,
65452,,1250
65452,1,510
65452,2,350
65452,3,210
65452,4,100
65452,5,80
65452,6,**
,,
65453,,3520
65453,1,1610
65453,2,910
65453,3,470
65453,4,260
65453,5,230
65453,6,40
,,
65456,,170
65456,1,80
65456,2,50
65456,3,20
65456,4,20
65456,5,**
65456,6,**
,,
65457,,120
65457,1,60
65457,2,30
65457,3,30
65457,4,**
65457,5,**
65457,6,0
,,
65459,,3080
65459,1,1210
65459,2,890
65459,3,470
65459,4,290
65459,5,220
65459,6,**
,,
65462,,600
65462,1,260
65462,2,160
65462,3,100
65462,4,40
65462,5,40
65462,6,**
,,
65463,,370
65463,1,180
65463,2,100
65463,3,50
65463,4,40
65463,5,**
65463,6,**
,,
65464,,150
65464,1,80
65464,2,40
65464,3,30
65464,4,**
65464,5,**
65464,6,**
,,
65466,,660
65466,1,360
65466,2,160
65466,3,70
65466,4,40
65466,5,30
65466,6,**
,,
65470,,410
65470,1,180
65470,2,120
65470,3,50
65470,4,30
65470,5,30
65470,6,**
,,
65473,,2310
65473,1,740
65473,2,910
65473,3,370
65473,4,170
65473,5,120
65473,6,**
,,
65479,,130
65479,1,70
65479,2,40
65479,3,20
65479,4,**
65479,5,**
65479,6,0
,,
65483,,1890
65483,1,870
65483,2,510
65483,3,270
65483,4,130
65483,5,90
65483,6,20
,,
65486,,1350
65486,1,650
65486,2,320
65486,3,220
65486,4,100
65486,5,60
65486,6,**
,,
65534,,470
65534,1,210
65534,2,120
65534,3,80
65534,4,40
65534,5,20
65534,6,**
,,
65535,,660
65535,1,300
65535,2,180
65535,3,100
65535,4,50
65535,5,30
65535,6,**
,,
65536,,12180
65536,1,5420
65536,2,3550
65536,3,1640
65536,4,790
65536,5,610
65536,6,170
,,
65542,,1880
65542,1,890
65542,2,510
65542,3,250
65542,4,130
65542,5,100
65542,6,**
,,
65543,,130
65543,1,50
65543,2,50
65543,3,30
65543,4,**
65543,5,**
65543,6,0
,,
65548,,2140
65548,1,1040
65548,2,610
65548,3,270
65548,4,120
65548,5,100
65548,6,**
,,
65550,,1070
65550,1,450
65550,2,300
65550,3,160
65550,4,90
65550,5,70
65550,6,**
,,
65552,,730
65552,1,230
65552,2,200
65552,3,140
65552,4,80
65552,5,80
65552,6,**
,,
65555,,380
65555,1,200
65555,2,100
65555,3,40
65555,4,40
65555,5,**
65555,6,**
,,
65556,,2240
65556,1,910
65556,2,640
65556,3,350
65556,4,180
65556,5,140
65556,6,20
,,
65557,,110
65557,1,40
65557,2,50
65557,3,**
65557,4,20
65557,5,**
65557,6,0
,,
65559,,3700
65559,1,1550
65559,2,960
65559,3,560
65559,4,300
65559,5,270
65559,6,60
,,
65560,,5400
65560,1,2500
65560,2,1420
65560,3,760
65560,4,370
65560,5,300
65560,6,50
,,
65565,,2210
65565,1,1050
65565,2,580
65565,3,310
65565,4,170
65565,5,100
65565,6,**
,,
65566,,300
65566,1,120
65566,2,80
65566,3,40
65566,4,40
65566,5,20
65566,6,**
,,
65567,,450
65567,1,200
65567,2,130
65567,3,60
65567,4,30
65567,5,30
65567,6,**
,,
65570,,180
65570,1,80
65570,2,60
65570,3,40
65570,4,**
65570,5,**
65570,6,**
,,
65571,,800
65571,1,390
65571,2,240
65571,3,90
65571,4,50
65571,5,30
65571,6,**
,,
65580,,350
65580,1,150
65580,2,100
65580,3,50
65580,4,30
65580,5,20
65580,6,**
,,
65582,,990
65582,1,390
65582,2,290
65582,3,130
65582,4,100
65582,5,80
65582,6,**
,,
65583,,5270
65583,1,1850
65583,2,1480
65583,3,830
65583,4,550
65583,5,520
65583,6,40
,,
65584,,4020
65584,1,1430
65584,2,1200
65584,3,700
65584,4,370
65584,5,320
65584,6,**
,,
65588,,900
65588,1,510
65588,2,230
65588,3,100
65588,4,40
65588,5,20
65588,6,**
,,
65590,,550
65590,1,240
65590,2,170
65590,3,80
65590,4,30
65590,5,30
65590,6,**
,,
65591,,580
65591,1,280
65591,2,170
65591,3,70
65591,4,40
65591,5,20
65591,6,**
,,
65601,,320
65601,1,130
65601,2,90
65601,3,50
65601,4,30
65601,5,20
65601,6,**
,,
65604,,1580
65604,1,640
65604,2,390
65604,3,260
65604,4,150
65604,5,140
65604,6,**
,,
65605,,4830
65605,1,2230
65605,2,1360
65605,3,650
65605,4,340
65605,5,220
65605,6,30
,,
65606,,1210
65606,1,650
65606,2,340
65606,3,130
65606,4,50
65606,5,40
65606,6,**
,,
65608,,3530
65608,1,1740
65608,2,960
65608,3,470
65608,4,200
65608,5,130
65608,6,30
,,
65609,,280
65609,1,130
65609,2,70
65609,3,50
65609,4,30
65609,5,**
65609,6,0
,,
65610,,2170
65610,1,760
65610,2,540
65610,3,360
65610,4,240
65610,5,240
65610,6,30
,,
65611,,920
65611,1,390
65611,2,220
65611,3,120
65611,4,80
65611,5,80
65611,6,30
,,
65612,,610
65612,1,230
65612,2,150
65612,3,100
65612,4,60
65612,5,70
65612,6,**
,,
65613,,6800
65613,1,2970
65613,2,1620
65613,3,980
65613,4,590
65613,5,510
65613,6,130
,,
65614,,210
65614,1,90
65614,2,60
65614,3,30
65614,4,30
65614,5,**
65614,6,**
,,
65616,,12240
65616,1,6240
65616,2,2920
65616,3,1280
65616,4,730
65616,5,830
65616,6,240
,,
65617,,720
65617,1,260
65617,2,220
65617,3,110
65617,4,50
65617,5,80
65617,6,**
,,
65619,,3740
65619,1,1260
65619,2,920
65619,3,590
65619,4,430
65619,5,460
65619,6,80
,,
65620,,200
65620,1,90
65620,2,60
65620,3,30
65620,4,20
65620,5,**
65620,6,**
,,
65622,,3310
65622,1,1530
65622,2,860
65622,3,480
65622,4,230
65622,5,170
65622,6,40
,,
65624,,720
65624,1,300
65624,2,190
65624,3,90
65624,4,60
65624,5,80
65624,6,**
,,
65625,,3430
65625,1,1570
65625,2,920
65625,3,440
65625,4,250
65625,5,210
65625,6,40
,,
65626,,600
65626,1,300
65626,2,160
65626,3,70
65626,4,40
65626,5,30
65626,6,**
,,
65627,,180
65627,1,90
65627,2,40
65627,3,20
65627,4,30
65627,5,**
65627,6,**
,,
65629,,260
65629,1,120
65629,2,70
65629,3,40
65629,4,30
65629,5,**
65629,6,**
,,
65630,,220
65630,1,60
65630,2,40
65630,3,20
65630,4,30
65630,5,50
65630,6,20
,,
65631,,2180
65631,1,700
65631,2,610
65631,3,430
65631,4,210
65631,5,200
65631,6,30
,,
65632,,1170
65632,1,490
65632,2,340
65632,3,180
65632,4,110
65632,5,50
65632,6,**
,,
65633,,1630
65633,1,760
65633,2,420
65633,3,220
65633,4,120
65633,5,110
65633,6,**
,,
65634,,270
65634,1,140
65634,2,80
65634,3,30
65634,4,20
65634,5,**
65634,6,**
,,
65635,,250
65635,1,100
65635,2,70
65635,3,40
65635,4,40
65635,5,**
65635,6,**
,,
65637,,360
65637,1,170
65637,2,100
65637,3,50
65637,4,40
65637,5,**
65637,6,**
,,
65638,,170
65638,1,90
65638,2,50
65638,3,30
65638,4,**
65638,5,**
65638,6,**
,,
65640,,310
65640,1,130
65640,2,100
65640,3,40
65640,4,20
65640,5,20
65640,6,**
,,
65641,,440
65641,1,210
65641,2,90
65641,3,60
65641,4,40
65641,5,40
65641,6,**
,,
65644,,1060
65644,1,430
65644,2,300
65644,3,180
65644,4,90
65644,5,60
65644,6,**
,,
65646,,800
65646,1,350
65646,2,210
65646,3,120
65646,4,70
65646,5,50
65646,6,**
,,
65647,,840
65647,1,390
65647,2,280
65647,3,100
65647,4,50
65647,5,20
65647,6,**
,,
65648,,2460
65648,1,870
65648,2,600
65648,3,430
65648,4,280
65648,5,230
65648,6,50
,,
65649,,650
65649,1,290
65649,2,180
65649,3,90
65649,4,40
65649,5,50
65649,6,**
,,
65650,,470
65650,1,220
65650,2,140
65650,3,70
65650,4,40
65650,5,**
65650,6,**
,,
65652,,1410
65652,1,540
65652,2,400
65652,3,250
65652,4,110
65652,5,110
65652,6,**
,,
65653,,2530
65653,1,1280
65653,2,630
65653,3,320
65653,4,160
65653,5,120
65653,6,20
,,
65655,,1140
65655,1,570
65655,2,270
65655,3,150
65655,4,80
65655,5,70
65655,6,**
,,
65656,,1940
65656,1,860
65656,2,520
65656,3,260
65656,4,150
65656,5,130
65656,6,20
,,
65658,,450
65658,1,190
65658,2,110
65658,3,60
65658,4,50
65658,5,40
65658,6,**
,,
65661,,930
65661,1,450
65661,2,260
65661,3,120
65661,4,50
65661,5,50
65661,6,**
,,
65662,,450
65662,1,210
65662,2,130
65662,3,60
65662,4,50
65662,5,**
65662,6,**
,,
65663,,830
65663,1,330
65663,2,250
65663,3,130
65663,4,60
65663,5,60
65663,6,**
,,
65667,,1070
65667,1,530
65667,2,300
65667,3,130
65667,4,70
65667,5,40
65667,6,**
,,
65668,,610
65668,1,300
65668,2,140
65668,3,80
65668,4,50
65668,5,40
65668,6,**
,,
65669,,1090
65669,1,400
65669,2,310
65669,3,170
65669,4,100
65669,5,110
65669,6,**
,,
65672,,3230
65672,1,1610
65672,2,820
65672,3,370
65672,4,190
65672,5,190
65672,6,50
,,
65674,,880
65674,1,480
65674,2,240
65674,3,90
65674,4,40
65674,5,30
65674,6,**
,,
65676,,140
65676,1,80
65676,2,30
65676,3,30
65676,4,**
65676,5,.
65676,6,**
,,
65679,,1070
65679,1,570
65679,2,230
65679,3,140
65679,4,70
65679,5,60
65679,6,**
,,
65680,,470
65680,1,240
65680,2,140
65680,3,40
65680,4,50
65680,5,**
65680,6,**
,,
65681,,940
65681,1,400
65681,2,220
65681,3,130
65681,4,70
65681,5,90
65681,6,30
,,
65682,,780
65682,1,350
65682,2,200
65682,3,110
65682,4,50
65682,5,70
65682,6,**
,,
65685,,320
65685,1,160
65685,2,70
65685,3,50
65685,4,20
65685,5,20
65685,6,**
,,
65686,,2150
65686,1,820
65686,2,550
65686,3,290
65686,4,210
65686,5,230
65686,6,50
,,
65689,,1750
65689,1,870
65689,2,440
65689,3,230
65689,4,110
65689,5,100
65689,6,**
,,
65690,,120
65690,1,50
65690,2,40
65690,3,30
65690,4,**
65690,5,**
65690,6,0
,,
65692,,470
65692,1,220
65692,2,130
65692,3,70
65692,4,30
65692,5,20
65692,6,**
,,
65702,,150
65702,1,70
65702,2,40
65702,3,40
65702,4,**
65702,5,**
65702,6,0
,,
65704,,1460
65704,1,700
65704,2,390
65704,3,210
65704,4,90
65704,5,70
65704,6,**
,,
65705,,1600
65705,1,720
65705,2,460
65705,3,240
65705,4,100
65705,5,80
65705,6,**
,,
65706,,6340
65706,1,2590
65706,2,1590
65706,3,1010
65706,4,580
65706,5,490
65706,6,80
,,
65707,,900
65707,1,370
65707,2,250
65707,3,140
65707,4,80
65707,5,60
65707,6,**
,,
65708,,5390
65708,1,2150
65708,2,1610
65708,3,740
65708,4,420
65708,5,360
65708,6,110
,,
65710,,500
65710,1,200
65710,2,140
65710,3,70
65710,4,60
65710,5,30
65710,6,**
,,
65711,,3430
65711,1,1680
65711,2,900
65711,3,450
65711,4,200
65711,5,160
65711,6,40
,,
65712,,3280
65712,1,1300
65712,2,880
65712,3,520
65712,4,290
65712,5,240
65712,6,50
,,
65713,,940
65713,1,410
65713,2,270
65713,3,140
65713,4,70
65713,5,50
65713,6,**
,,
65714,,14670
65714,1,5080
65714,2,3410
65714,3,2170
65714,4,1510
65714,5,1970
65714,6,530
,,
65717,,880
65717,1,400
65717,2,240
65717,3,140
65717,4,60
65717,5,40
65717,6,**
,,
65720,,260
65720,1,110
65720,2,80
65720,3,30
65720,4,40
65720,5,**
65720,6,0
,,
65721,,13600
65721,1,4820
65721,2,3360
65721,3,2040
65721,4,1380
65721,5,1550
65721,6,450
,,
65722,,770
65722,1,330
65722,2,250
65722,3,120
65722,4,40
65722,5,30
65722,6,**
,,
65723,,1500
65723,1,630
65723,2,430
65723,3,230
65723,4,120
65723,5,90
65723,6,**
,,
65724,,550
65724,1,270
65724,2,160
65724,3,70
65724,4,50
65724,5,**
65724,6,**
,,
65725,,1020
65725,1,390
65725,2,270
65725,3,170
65725,4,100
65725,5,90
65725,6,**
,,
65729,,100
65729,1,50
65729,2,20
65729,3,30
65729,4,**
65729,5,**
65729,6,**
,,
65731,,110
65731,1,60
65731,2,30
65731,3,20
65731,4,**
65731,5,**
65731,6,0
,,
65732,,330
65732,1,160
65732,2,90
65732,3,50
65732,4,30
65732,5,**
65732,6,**
,,
65733,,190
65733,1,80
65733,2,50
65733,3,30
65733,4,30
65733,5,**
65733,6,**
,,
65734,,1300
65734,1,550
65734,2,430
65734,3,180
65734,4,80
65734,5,60
65734,6,**
,,
65737,,3660
65737,1,1650
65737,2,850
65737,3,450
65737,4,300
65737,5,320
65737,6,90
,,
65738,,8380
65738,1,2850
65738,2,2260
65738,3,1450
65738,4,900
65738,5,790
65738,6,130
,,
65739,,690
65739,1,330
65739,2,150
65739,3,90
65739,4,50
65739,5,70
65739,6,**
,,
65740,,1420
65740,1,830
65740,2,390
65740,3,130
65740,4,40
65740,5,30
65740,6,**
,,
65742,,5280
65742,1,1800
65742,2,1240
65742,3,800
65742,4,520
65742,5,670
65742,6,250
,,
65745,,960
65745,1,460
65745,2,260
65745,3,130
65745,4,50
65745,5,60
65745,6,**
,,
65746,,2730
65746,1,1370
65746,2,680
65746,3,380
65746,4,160
65746,5,120
65746,6,20
,,
65747,,1470
65747,1,630
65747,2,350
65747,3,200
65747,4,120
65747,5,130
65747,6,40
,,
65752,,190
65752,1,70
65752,2,50
65752,3,30
65752,4,40
65752,5,**
65752,6,**
,,
65753,,1850
65753,1,750
65753,2,490
65753,3,290
65753,4,170
65753,5,130
65753,6,20
,,
65754,,400
65754,1,150
65754,2,100
65754,3,70
65754,4,40
65754,5,40
65754,6,**
,,
65755,,200
65755,1,110
65755,2,40
65755,3,30
65755,4,20
65755,5,**
65755,6,**
,,
65756,,260
65756,1,110
65756,2,80
65756,3,40
65756,4,30
65756,5,**
65756,6,**
,,
65757,,3260
65757,1,1100
65757,2,810
65757,3,540
65757,4,360
65757,5,350
65757,6,100
,,
65759,,480
65759,1,250
65759,2,140
65759,3,60
65759,4,30
65759,5,**
65759,6,**
,,
65760,,270
65760,1,160
65760,2,50
65760,3,30
65760,4,30
65760,5,**
65760,6,**
,,
65761,,430
65761,1,230
65761,2,100
65761,3,40
65761,4,30
65761,5,30
65761,6,**
,,
65762,,170
65762,1,80
65762,2,50
65762,3,40
65762,4,**
65762,5,**
65762,6,**
,,
65764,,500
65764,1,270
65764,2,140
65764,3,50
65764,4,40
65764,5,**
65764,6,**
,,
65767,,800
65767,1,370
65767,2,200
65767,3,120
65767,4,60
65767,5,50
65767,6,**
,,
65768,,140
65768,1,60
65768,2,40
65768,3,40
65768,4,**
65768,5,**
65768,6,**
,,
65769,,1250
65769,1,550
65769,2,360
65769,3,170
65769,4,90
65769,5,80
65769,6,**
,,
65770,,1280
65770,1,450
65770,2,340
65770,3,250
65770,4,130
65770,5,110
65770,6,**
,,
65771,,570
65771,1,210
65771,2,130
65771,3,80
65771,4,60
65771,5,70
65771,6,20
,,
65772,,810
65772,1,340
65772,2,230
65772,3,120
65772,4,70
65772,5,50
65772,6,**
,,
65773,,200
65773,1,100
65773,2,60
65773,3,40
65773,4,**
65773,5,**
65773,6,**
,,
65774,,360
65774,1,190
65774,2,100
65774,3,40
65774,4,30
65774,5,**
65774,6,**
,,
65775,,9480
65775,1,4390
65775,2,2410
65775,3,1270
65775,4,620
65775,5,590
65775,6,200
,,
65777,,120
65777,1,70
65777,2,50
65777,3,**
65777,4,.
65777,5,**
65777,6,0
,,
65778,,190
65778,1,100
65778,2,50
65778,3,20
65778,4,20
65778,5,**
65778,6,0
,,
65779,,760
65779,1,390
65779,2,180
65779,3,100
65779,4,60
65779,5,30
65779,6,**
,,
65781,,3790
65781,1,1250
65781,2,980
65781,3,700
65781,4,440
65781,5,370
65781,6,50
,,
65785,,2100
65785,1,970
65785,2,520
65785,3,290
65785,4,160
65785,5,160
65785,6,**
,,
65786,,800
65786,1,380
65786,2,230
65786,3,120
65786,4,40
65786,5,30
65786,6,**
,,
65787,,660
65787,1,260
65787,2,180
65787,3,80
65787,4,50
65787,5,90
65787,6,**
,,
65788,,180
65788,1,90
65788,2,50
65788,3,40
65788,4,**
65788,5,**
65788,6,**
,,
65789,,720
65789,1,320
65789,2,190
65789,3,100
65789,4,60
65789,5,50
65789,6,**
,,
65790,,300
65790,1,150
65790,2,80
65790,3,40
65790,4,30
65790,5,**
65790,6,**
,,
65791,,1580
65791,1,810
65791,2,370
65791,3,190
65791,4,110
65791,5,100
65791,6,**
,,
65793,,2260
65793,1,1110
65793,2,600
65793,3,270
65793,4,150
65793,5,110
65793,6,20
,,
65802,,18380
65802,1,8750
65802,2,5000
65802,3,2160
65802,4,1200
65802,5,1020
65802,6,250
,,
65803,,17710
65803,1,8550
65803,2,4920
65803,3,2110
65803,4,1080
65803,5,880
65803,6,170
,,
65804,,18920
65804,1,7410
65804,2,4780
65804,3,2520
65804,4,1530
65804,5,1920
65804,6,760
,,
65806,,3480
65806,1,2400
65806,2,750
65806,3,170
65806,4,60
65806,5,80
65806,6,20
,,
65807,,25150
65807,1,11300
65807,2,7350
65807,3,3350
65807,4,1690
65807,5,1280
65807,6,180
,,
65809,,5320
65809,1,1340
65809,2,780
65809,3,620
65809,4,560
65809,5,1110
65809,6,910
,,
65810,,10560
65810,1,3230
65810,2,2210
65810,3,1560
65810,4,1220
65810,5,1730
65810,6,610
