27006,,6780
27006,1,1850
27006,2,1230
27006,3,960
27006,4,800
27006,5,1360
27006,6,580
,,
27007,,890
27007,1,340
27007,2,200
27007,3,160
27007,4,90
27007,5,100
27007,6,**
,,
27009,,1340
27009,1,390
27009,2,320
27009,3,230
27009,4,150
27009,5,200
27009,6,50
,,
27011,,2320
27011,1,940
27011,2,660
27011,3,350
27011,4,190
27011,5,150
27011,6,30
,,
27012,,13340
27012,1,3890
27012,2,2560
27012,3,1790
27012,4,1490
27012,5,2710
27012,6,900
,,
27013,,2760
27013,1,1180
27013,2,710
27013,3,430
27013,4,210
27013,5,200
27013,6,30
,,
27016,,710
27016,1,270
27016,2,180
27016,3,120
27016,4,70
27016,5,70
27016,6,**
,,
27017,,3530
27017,1,1540
27017,2,970
27017,3,480
27017,4,270
27017,5,230
27017,6,40
,,
27018,,3290
27018,1,1160
27018,2,890
27018,3,480
27018,4,340
27018,5,360
27018,6,60
,,
27019,,1860
27019,1,660
27019,2,510
27019,3,310
27019,4,180
27019,5,170
27019,6,30
,,
27020,,2620
27020,1,1110
27020,2,710
27020,3,370
27020,4,210
27020,5,190
27020,6,30
,,
27021,,7750
27021,1,2830
27021,2,1960
27021,3,1230
27021,4,830
27021,5,790
27021,6,110
,,
27022,,600
27022,1,250
27022,2,160
27022,3,100
27022,4,50
27022,5,40
27022,6,**
,,
27023,,5960
27023,1,1660
27023,2,1040
27023,3,830
27023,4,660
27023,5,1180
27023,6,590
,,
27024,,990
27024,1,460
27024,2,260
27024,3,130
27024,4,60
27024,5,80
27024,6,**
,,
27025,,4630
27025,1,1760
27025,2,1330
27025,3,700
27025,4,380
27025,5,400
27025,6,60
,,
27027,,1740
27027,1,790
27027,2,500
27027,3,220
27027,4,120
27027,5,110
27027,6,**
,,
27028,,11420
27028,1,4580
27028,2,3040
27028,3,1600
27028,4,990
27028,5,1000
27028,6,210
,,
27030,,15100
27030,1,6830
27030,2,4000
27030,3,1970
27030,4,1060
27030,5,990
27030,6,250
,,
27040,,5470
27040,1,1640
27040,2,1150
27040,3,880
27040,4,660
27040,5,920
27040,6,220
,,
27041,,3310
27041,1,1270
27041,2,790
27041,3,510
27041,4,310
27041,5,350
27041,6,80
,,
27042,,310
27042,1,110
27042,2,90
27042,3,50
27042,4,30
27042,5,30
27042,6,**
,,
27043,,2650
27043,1,1010
27043,2,660
27043,3,410
27043,4,260
27043,5,270
27043,6,40
,,
27045,,4280
27045,1,1510
27045,2,1170
27045,3,670
27045,4,450
27045,5,410
27045,6,70
,,
27046,,830
27046,1,320
27046,2,240
27046,3,120
27046,4,80
27046,5,70
27046,6,**
,,
27047,,470
27047,1,180
27047,2,110
27047,3,80
27047,4,60
27047,5,40
27047,6,**
,,
27048,,3340
27048,1,1270
27048,2,970
27048,3,470
27048,4,280
27048,5,320
27048,6,30
,,
27050,,1840
27050,1,600
27050,2,490
27050,3,310
27050,4,200
27050,5,200
27050,6,40
,,
27051,,3670
27051,1,1390
27051,2,1030
27051,3,560
27051,4,350
27051,5,300
27051,6,40
,,
27052,,4430
27052,1,1750
27052,2,1190
27052,3,650
27052,4,460
27052,5,330
27052,6,50
,,
27053,,1270
27053,1,510
27053,2,320
27053,3,200
27053,4,120
27053,5,120
27053,6,**
,,
27054,,1200
27054,1,490
27054,2,350
27054,3,190
27054,4,80
27054,5,90
27054,6,**
,,
27055,,6020
27055,1,2270
27055,2,1660
27055,3,890
27055,4,550
27055,5,550
27055,6,100
,,
27101,,8580
27101,1,4050
27101,2,2220
27101,3,970
27101,4,490
27101,5,590
27101,6,260
,,
27103,,17320
27103,1,6340
27103,2,4720
27103,3,2660
27103,4,1490
27103,5,1720
27103,6,390
,,
27104,,14580
27104,1,4600
27104,2,3250
27104,3,1700
27104,4,1140
27104,5,2090
27104,6,1800
,,
27105,,16430
27105,1,9670
27105,2,4380
27105,3,1360
27105,4,560
27105,5,420
27105,6,40
,,
27106,,21140
27106,1,8000
27106,2,4850
27106,3,2400
27106,4,1580
27106,5,2670
27106,6,1640
,,
27107,,20770
27107,1,9160
27107,2,5610
27107,3,2590
27107,4,1580
27107,5,1600
27107,6,230
,,
27127,,17620
27127,1,6980
27127,2,5100
27127,3,2660
27127,4,1440
27127,5,1290
27127,6,150
,,
27203,,8640
27203,1,4450
27203,2,2650
27203,3,830
27203,4,340
27203,5,310
27203,6,60
,,
27205,,14160
27205,1,5610
27205,2,3690
27205,3,1990
27205,4,1270
27205,5,1230
27205,6,370
,,
27207,,1530
27207,1,600
27207,2,420
27207,3,220
27207,4,130
27207,5,130
27207,6,30
,,
27208,,710
27208,1,270
27208,2,190
27208,3,120
27208,4,60
27208,5,70
27208,6,**
,,
27209,,1780
27209,1,860
27209,2,590
27209,3,170
27209,4,70
27209,5,90
27209,6,**
,,
27212,,660
27212,1,270
27212,2,180
27212,3,100
27212,4,50
27212,5,60
27212,6,**
,,
27214,,5310
27214,1,1830
27214,2,1360
27214,3,730
27214,4,530
27214,5,720
27214,6,140
,,
27215,,19340
27215,1,7120
27215,2,5060
27215,3,2610
27215,4,1650
27215,5,2230
27215,6,670
,,
27217,,15900
27217,1,7740
27217,2,4780
27217,3,1730
27217,4,820
27217,5,730
27217,6,100
,,
27229,,1770
27229,1,930
27229,2,550
27229,3,180
27229,4,60
27229,5,50
27229,6,**
,,
27231,,950
27231,1,360
27231,2,240
27231,3,130
27231,4,90
27231,5,130
27231,6,**
,,
27233,,1540
27233,1,530
27233,2,400
27233,3,240
27233,4,160
27233,5,180
27233,6,30
,,
27235,,2220
27235,1,530
27235,2,400
27235,3,300
27235,4,290
27235,5,550
27235,6,150
,,
27239,,3740
27239,1,1510
27239,2,1000
27239,3,540
27239,4,330
27239,5,300
27239,6,60
,,
27242,,800
27242,1,410
27242,2,220
27242,3,80
27242,4,50
27242,5,40
27242,6,**
,,
27243,,2190
27243,1,680
27243,2,530
27243,3,310
27243,4,210
27243,5,360
27243,6,100
,,
27244,,4870
27244,1,1650
27244,2,1130
27244,3,690
27244,4,490
27244,5,700
27244,6,210
,,
27248,,1860
27248,1,760
27248,2,540
27248,3,280
27248,4,170
27248,5,110
27248,6,**
,,
27249,,5790
27249,1,1940
27249,2,1570
27249,3,930
27249,4,600
27249,5,660
27249,6,90
,,
27252,,750
27252,1,270
27252,2,230
27252,3,100
27252,4,60
27252,5,90
27252,6,**
,,
27253,,13750
27253,1,5480
27253,2,3730
27253,3,1980
27253,4,1200
27253,5,1200
27253,6,160
,,
27258,,3090
27258,1,1150
27258,2,820
27258,3,470
27258,4,290
27258,5,320
27258,6,40
,,
27260,,9740
27260,1,6280
27260,2,2460
27260,3,620
27260,4,200
27260,5,140
27260,6,40
,,
27262,,10240
27262,1,4700
27262,2,2660
27262,3,980
27262,4,610
27262,5,820
27262,6,470
,,
27263,,9420
27263,1,4090
27263,2,2690
27263,3,1170
27263,4,730
27263,5,660
27263,6,80
,,
27265,,23600
27265,1,7950
27265,2,5930
27265,3,3510
27265,4,2280
27265,5,3140
27265,6,790
,,
27278,,12300
27278,1,3760
27278,2,2530
27278,3,1620
27278,4,1200
27278,5,2340
27278,6,850
,,
27281,,1140
27281,1,410
27281,2,280
27281,3,150
27281,4,120
27281,5,150
27281,6,30
,,
27282,,7520
27282,1,2200
27282,2,1620
27282,3,1130
27282,4,890
27282,5,1330
27282,6,350
,,
27283,,1530
27283,1,520
27283,2,380
27283,3,250
27283,4,160
27283,5,190
27283,6,30
,,
27284,,24750
27284,1,8100
27284,2,5820
27284,3,3680
27284,4,2660
27284,5,3690
27284,6,800
,,
27288,,9300
27288,1,4310
27288,2,2640
27288,3,1100
27288,4,610
27288,5,550
27288,6,90
,,
27291,,650
27291,1,230
27291,2,190
27291,3,100
27291,4,60
27291,5,70
27291,6,**
,,
27292,,15910
27292,1,6960
27292,2,4380
27292,3,2100
27292,4,1140
27292,5,1110
27292,6,220
,,
27295,,16400
27295,1,6250
27295,2,4380
27295,3,2340
27295,4,1540
27295,5,1640
27295,6,250
,,
27298,,4540
27298,1,1750
27298,2,1260
27298,3,680
27298,4,410
27298,5,380
27298,6,60
,,
27299,,2150
27299,1,880
27299,2,660
27299,3,300
27299,4,160
27299,5,150
27299,6,**
,,
27301,,4590
27301,1,1430
27301,2,1260
27301,3,800
27301,4,560
27301,5,490
27301,6,50
,,
27302,,14110
27302,1,4830
27302,2,3550
27302,3,2200
27302,4,1480
27302,5,1760
27302,6,290
,,
27305,,660
27305,1,300
27305,2,200
27305,3,90
27305,4,30
27305,5,40
27305,6,**
,,
27306,,2550
27306,1,1080
27306,2,730
27306,3,320
27306,4,180
27306,5,190
27306,6,50
,,
27310,,3580
27310,1,910
27310,2,460
27310,3,320
27310,4,360
27310,5,1000
27310,6,530
,,
27311,,1330
27311,1,600
27311,2,370
27311,3,190
27311,4,80
27311,5,90
27311,6,**
,,
27312,,10010
27312,1,2750
27312,2,1830
27312,3,1350
27312,4,1130
27312,5,2210
27312,6,740
,,
27313,,3150
27313,1,1060
27313,2,780
27313,3,480
27313,4,350
27313,5,420
27313,6,60
,,
27314,,440
27314,1,160
27314,2,120
27314,3,60
27314,4,50
27314,5,50
27314,6,**
,,
27315,,850
27315,1,300
27315,2,250
27315,3,130
27315,4,80
27315,5,90
27315,6,**
,,
27316,,2830
27316,1,1290
27316,2,810
27316,3,380
27316,4,190
27316,5,140
27316,6,20
,,
27317,,7360
27317,1,2900
27317,2,2070
27317,3,1080
27317,4,660
27317,5,580
27317,6,70
,,
27320,,16160
27320,1,6640
27320,2,4410
27320,3,2210
27320,4,1360
27320,5,1360
27320,6,180
,,
27325,,2520
27325,1,1130
27325,2,770
27325,3,290
27325,4,180
27325,5,150
27325,6,**
,,
27326,,1550
27326,1,640
27326,2,410
27326,3,210
27326,4,140
27326,5,150
27326,6,**
,,
27330,,16400
27330,1,6710
27330,2,4300
27330,3,2060
27330,4,1370
27330,5,1600
27330,6,360
,,
27332,,13060
27332,1,4870
27332,2,3460
27332,3,1990
27332,4,1220
27332,5,1360
27332,6,160
,,
27341,,2210
27341,1,900
27341,2,650
27341,3,350
27341,4,190
27341,5,120
27341,6,**
,,
27343,,680
27343,1,240
27343,2,170
27343,3,100
27343,4,60
27343,5,80
27343,6,30
,,
27344,,7560
27344,1,3360
27344,2,2350
27344,3,840
27344,4,460
27344,5,440
27344,6,110
,,
27349,,2640
27349,1,910
27349,2,720
27349,3,440
27349,4,290
27349,5,250
27349,6,30
,,
27350,,2710
27350,1,1020
27350,2,740
27350,3,430
27350,4,270
27350,5,230
27350,6,20
,,
27355,,1110
27355,1,490
27355,2,320
27355,3,150
27355,4,80
27355,5,70
27355,6,**
,,
27356,,1170
27356,1,500
27356,2,370
27356,3,150
27356,4,80
27356,5,70
27356,6,**
,,
27357,,3830
27357,1,1160
27357,2,920
27357,3,580
27357,4,430
27357,5,630
27357,6,110
,,
27358,,6330
27358,1,1820
27358,2,910
27358,3,700
27358,4,610
27358,5,1400
27358,6,890
,,
27360,,19610
27360,1,8310
27360,2,5410
27360,3,2710
27360,4,1590
27360,5,1370
27360,6,220
,,
27370,,6660
27370,1,2530
27370,2,1720
27370,3,990
27370,4,640
27370,5,660
27370,6,120
,,
27371,,3030
27371,1,1270
27371,2,830
27371,3,440
27371,4,240
27371,5,200
27371,6,50
,,
27376,,4380
27376,1,1510
27376,2,910
27376,3,610
27376,4,490
27376,5,660
27376,6,200
,,
27377,,4510
27377,1,1310
27377,2,1280
27377,3,760
27377,4,440
27377,5,590
27377,6,130
,,
27379,,1860
27379,1,840
27379,2,540
27379,3,210
27379,4,140
27379,5,130
27379,6,**
,,
27401,,7940
27401,1,4790
27401,2,1900
27401,3,560
27401,4,250
27401,5,300
27401,6,140
,,
27403,,8270
27403,1,3960
27403,2,1880
27403,3,810
27403,4,500
27403,5,800
27403,6,320
,,
27405,,20330
27405,1,10960
27405,2,5770
27405,3,2000
27405,4,900
27405,5,610
27405,6,90
,,
27406,,26570
27406,1,12630
27406,2,7290
27406,3,3130
27406,4,1660
27406,5,1610
27406,6,250
,,
27407,,22330
27407,1,10040
27407,2,6380
27407,3,2570
27407,4,1370
27407,5,1490
27407,6,480
,,
27408,,9070
27408,1,2620
27408,2,1950
27408,3,1220
27408,4,780
27408,5,1270
27408,6,1230
,,
27409,,8490
27409,1,3280
27409,2,2850
27409,3,1160
27409,4,540
27409,5,570
27409,6,90
,,
27410,,26570
27410,1,7720
27410,2,5990
27410,3,3830
27410,4,2780
27410,5,4490
27410,6,1760
,,
27455,,13820
27455,1,4170
27455,2,2940
27455,3,1800
27455,4,1290
27455,5,2350
27455,6,1270
,,
27501,,8640
27501,1,3190
27501,2,2230
27501,3,1270
27501,4,860
27501,5,970
27501,6,120
,,
27502,,17860
27502,1,4490
27502,2,2570
27502,3,2060
27502,4,1920
27502,5,5070
27502,6,1750
,,
27503,,1740
27503,1,460
27503,2,320
27503,3,260
27503,4,210
27503,5,390
27503,6,100
,,
27504,,6610
27504,1,2580
27504,2,1710
27504,3,970
27504,4,620
27504,5,630
27504,6,100
,,
27505,,2920
27505,1,1130
27505,2,860
27505,3,420
27505,4,280
27505,5,200
27505,6,30
,,
27507,,740
27507,1,260
27507,2,220
27507,3,110
27507,4,70
27507,5,80
27507,6,**
,,
27508,,870
27508,1,430
27508,2,250
27508,3,80
27508,4,50
27508,5,60
27508,6,**
,,
27509,,1880
27509,1,760
27509,2,600
27509,3,280
27509,4,120
27509,5,120
27509,6,**
,,
27510,,7590
27510,1,3010
27510,2,2230
27510,3,840
27510,4,480
27510,5,730
27510,6,300
,,
27511,,16120
27511,1,4850
27511,2,3620
27511,3,2190
27511,4,1550
27511,5,2940
27511,6,970
,,
27513,,21450
27513,1,5610
27513,2,3980
27513,3,2820
27513,4,2310
27513,5,4540
27513,6,2190
,,
27514,,10970
27514,1,3480
27514,2,2080
27514,3,1100
27514,4,760
27514,5,1800
27514,6,1750
,,
27516,,17000
27516,1,5080
27516,2,2980
27516,3,1740
27516,4,1390
27516,5,3400
27516,6,2410
,,
27517,,13010
27517,1,3200
27517,2,2150
27517,3,1420
27517,4,1080
27517,5,2810
27517,6,2350
,,
27518,,10340
27518,1,2560
27518,2,1530
27518,3,1060
27518,4,910
27518,5,2590
27518,6,1690
,,
27519,,24290
27519,1,4940
27519,2,2770
27519,3,2490
27519,4,2480
27519,5,7230
27519,6,4380
,,
27520,,18550
27520,1,6100
27520,2,4840
27520,3,2920
27520,4,1940
27520,5,2420
27520,6,330
,,
27521,,2550
27521,1,1050
27521,2,760
27521,3,340
27521,4,180
27521,5,190
27521,6,30
,,
27522,,5970
27522,1,1950
27522,2,1580
27522,3,940
27522,4,660
27522,5,720
27522,6,120
,,
27523,,4810
27523,1,1290
27523,2,810
27523,3,600
27523,4,450
27523,5,1210
27523,6,450
,,
27524,,5310
27524,1,2180
27524,2,1420
27524,3,730
27524,4,450
27524,5,460
27524,6,70
,,
27525,,6480
27525,1,2290
27525,2,1740
27525,3,930
27525,4,680
27525,5,750
27525,6,90
,,
27526,,22140
27526,1,6530
27526,2,4430
27526,3,3190
27526,4,2680
27526,5,4390
27526,6,920
,,
27527,,11390
27527,1,2840
27527,2,2050
27527,3,1690
27527,4,1520
27527,5,2680
27527,6,610
,,
27529,,22660
27529,1,7590
27529,2,5710
27529,3,3350
27529,4,2420
27529,5,3130
27529,6,460
,,
27530,,15300
27530,1,6840
27530,2,4010
27530,3,1770
27530,4,1180
27530,5,1270
27530,6,230
,,
27534,,14160
27534,1,5680
27534,2,4240
27534,3,1820
27534,4,1020
27534,5,1070
27534,6,330
,,
27536,,7020
27536,1,3950
27536,2,1860
27536,3,570
27536,4,280
27536,5,270
27536,6,90
,,
27537,,9810
27537,1,4600
27537,2,2810
27537,3,1140
27537,4,630
27537,5,550
27537,6,80
,,
27539,,10560
27539,1,2740
27539,2,1600
27539,3,1160
27539,4,1050
27539,5,2800
27539,6,1210
,,
27540,,16080
27540,1,4130
27540,2,2330
27540,3,1960
27540,4,1900
27540,5,4360
27540,6,1400
,,
27541,,1790
27541,1,570
27541,2,460
27541,3,240
27541,4,210
27541,5,250
27541,6,60
,,
27542,,3990
27542,1,1710
27542,2,1030
27542,3,520
27542,4,320
27542,5,370
27542,6,40
,,
27544,,1780
27544,1,740
27544,2,520
27544,3,230
27544,4,140
27544,5,150
27544,6,**
,,
27545,,13730
27545,1,4620
27545,2,3930
27545,3,2180
27545,4,1350
27545,5,1470
27545,6,180
,,
27546,,7030
27546,1,2790
27546,2,1880
27546,3,990
27546,4,650
27546,5,630
27546,6,90
,,
27549,,9490
27549,1,4060
27549,2,2590
27549,3,1250
27549,4,720
27549,5,730
27549,6,140
,,
27551,,820
27551,1,320
27551,2,230
27551,3,110
27551,4,70
27551,5,90
27551,6,**
,,
27553,,900
27553,1,380
27553,2,290
27553,3,100
27553,4,60
27553,5,70
27553,6,**
,,
27557,,3280
27557,1,1440
27557,2,910
27557,3,480
27557,4,210
27557,5,210
27557,6,30
,,
27559,,1080
27559,1,370
27559,2,250
27559,3,140
27559,4,110
27559,5,170
27559,6,40
,,
27560,,15240
27560,1,3150
27560,2,2960
27560,3,2460
27560,4,2180
27560,5,3460
27560,6,1030
,,
27562,,1000
27562,1,310
27562,2,200
27562,3,120
27562,4,80
27562,5,200
27562,6,90
,,
27563,,1840
27563,1,890
27563,2,600
27563,3,200
27563,4,90
27563,5,60
27563,6,**
,,
27565,,11020
27565,1,4410
27565,2,3190
27565,3,1400
27565,4,860
27565,5,990
27565,6,170
,,
27569,,3470
27569,1,1410
27569,2,900
27569,3,520
27569,4,340
27569,5,270
27569,6,30
,,
27571,,3200
27571,1,810
27571,2,490
27571,3,420
27571,4,410
27571,5,860
27571,6,210
,,
27572,,3180
27572,1,1020
27572,2,740
27572,3,500
27572,4,360
27572,5,460
27572,6,100
,,
27573,,4770
27573,1,2340
27573,2,1340
27573,3,570
27573,4,220
27573,5,250
27573,6,50
,,
27574,,6210
27574,1,2350
27574,2,1640
27574,3,940
27574,4,600
27574,5,600
27574,6,80
,,
27576,,7010
27576,1,3390
27576,2,1850
27576,3,800
27576,4,490
27576,5,420
27576,6,60
,,
27577,,9840
27577,1,4250
27577,2,2520
27577,3,1250
27577,4,740
27577,5,880
27577,6,200
,,
27581,,1640
27581,1,500
27581,2,460
27581,3,300
27581,4,180
27581,5,200
27581,6,**
,,
27583,,3240
27583,1,1000
27583,2,850
27583,3,570
27583,4,350
27583,5,430
27583,6,40
,,
27587,,29220
27587,1,8240
27587,2,4800
27587,3,3680
27587,4,3000
27587,5,6860
27587,6,2640
,,
27589,,2940
27589,1,1470
27589,2,890
27589,3,300
27589,4,160
27589,5,120
27589,6,**
,,
27591,,9580
27591,1,3450
27591,2,2510
27591,3,1430
27591,4,910
27591,5,1110
27591,6,170
,,
27592,,7320
27592,1,2360
27592,2,1730
27592,3,1120
27592,4,860
27592,5,1130
27592,6,120
,,
27596,,7690
27596,1,2410
27596,2,1640
27596,3,1200
27596,4,910
27596,5,1320
27596,6,210
,,
27597,,10610
27597,1,3920
27597,2,2790
27597,3,1530
27597,4,960
27597,5,1190
27597,6,220
,,
27601,,4210
27601,1,1710
27601,2,970
27601,3,530
27601,4,350
27601,5,460
27601,6,190
,,
27603,,23060
27603,1,7860
27603,2,5490
27603,3,3310
27603,4,2180
27603,5,3440
27603,6,780
,,
27604,,21470
27604,1,8140
27604,2,6420
27604,3,2970
27604,4,1630
27604,5,1900
27604,6,410
,,
27605,,3280
27605,1,790
27605,2,870
27605,3,600
27605,4,310
27605,5,460
27605,6,250
,,
27606,,20330
27606,1,8110
27606,2,5360
27606,3,2340
27606,4,1350
27606,5,2270
27606,6,900
,,
27607,,9760
27607,1,2930
27607,2,2120
27607,3,1160
27607,4,800
27607,5,1630
27607,6,1120
,,
27608,,5600
27608,1,1040
27608,2,920
27608,3,650
27608,4,470
27608,5,1090
27608,6,1430
,,
27609,,18260
27609,1,5680
27609,2,4500
27609,3,2410
27609,4,1560
27609,5,2620
27609,6,1490
,,
27610,,31140
27610,1,14470
27610,2,9560
27610,3,3860
27610,4,1680
27610,5,1410
27610,6,160
,,
27612,,20370
27612,1,5220
27612,2,4870
27612,3,2980
27612,4,1870
27612,5,3540
27612,6,1890
,,
27613,,22600
27613,1,5740
27613,2,4500
27613,3,2890
27613,4,2030
27613,5,4980
27613,6,2460
,,
27614,,15930
27614,1,4110
27614,2,2420
27614,3,1740
27614,4,1420
27614,5,3480
27614,6,2760
,,
27615,,22090
27615,1,5770
27615,2,4510
27615,3,2970
27615,4,2130
27615,5,4450
27615,6,2260
,,
27616,,24160
27616,1,8790
27616,2,6590
27616,3,3610
27616,4,2310
27616,5,2610
27616,6,250
,,
27617,,10210
27617,1,2350
27617,2,2310
27617,3,1690
27617,4,1200
27617,5,1890
27617,6,770
,,
27701,,9730
27701,1,4430
27701,2,2520
27701,3,1040
27701,4,520
27701,5,820
27701,6,400
,,
27703,,25970
27703,1,9150
27703,2,6960
27703,3,3880
27703,4,2390
27703,5,3080
27703,6,510
,,
27704,,17450
27704,1,7530
27704,2,5500
27704,3,2310
27704,4,1130
27704,5,890
27704,6,90
,,
27705,,20780
27705,1,6800
27705,2,5280
27705,3,2580
27705,4,1580
27705,5,2880
27705,6,1660
,,
27707,,21860
27707,1,8490
27707,2,5960
27707,3,2570
27707,4,1380
27707,5,2230
27707,6,1230
,,
27712,,10490
27712,1,2800
27712,2,2090
27712,3,1610
27712,4,1270
27712,5,2180
27712,6,540
,,
27713,,25870
27713,1,7150
27713,2,6510
27713,3,4030
27713,4,2590
27713,5,4330
27713,6,1260
,,
27801,,7720
27801,1,4490
27801,2,1950
27801,3,690
27801,4,340
27801,5,220
27801,6,30
,,
27803,,8750
27803,1,3980
27803,2,2120
27803,3,970
27803,4,610
27803,5,820
27803,6,250
,,
27804,,13110
27804,1,5330
27804,2,3650
27804,3,1760
27804,4,950
27804,5,1060
27804,6,360
,,
27805,,1350
27805,1,650
27805,2,400
27805,3,170
27805,4,70
27805,5,60
27805,6,**
,,
27806,,920
27806,1,420
27806,2,220
27806,3,110
27806,4,70
27806,5,100
27806,6,**
,,
27807,,2910
27807,1,1230
27807,2,840
27807,3,370
27807,4,230
27807,5,210
27807,6,30
,,
27808,,1040
27808,1,320
27808,2,230
27808,3,160
27808,4,110
27808,5,180
27808,6,40
,,
27809,,2140
27809,1,940
27809,2,590
27809,3,250
27809,4,150
27809,5,170
27809,6,40
,,
27810,,1490
27810,1,670
27810,2,350
27810,3,190
27810,4,120
27810,5,130
27810,6,30
,,
27812,,1020
27812,1,490
27812,2,270
27812,3,100
27812,4,70
27812,5,90
27812,6,**
,,
27814,,710
27814,1,250
27814,2,160
27814,3,100
27814,4,90
27814,5,110
27814,6,**
,,
27816,,1120
27816,1,490
27816,2,360
27816,3,140
27816,4,60
27816,5,70
27816,6,**
,,
27817,,3230
27817,1,1270
27817,2,790
27817,3,400
27817,4,270
27817,5,430
27817,6,70
,,
27818,,510
27818,1,220
27818,2,150
27818,3,60
27818,4,30
27818,5,50
27818,6,**
,,
27820,,1090
27820,1,440
27820,2,320
27820,3,160
27820,4,90
27820,5,80
27820,6,**
,,
27821,,120
27821,1,70
27821,2,30
27821,3,20
27821,4,**
27821,5,**
27821,6,**
,,
27822,,3690
27822,1,1430
27822,2,940
27822,3,530
27822,4,350
27822,5,390
27822,6,50
,,
27823,,2930
27823,1,1510
27823,2,930
27823,3,270
27823,4,120
27823,5,100
27823,6,**
,,
27824,,540
27824,1,300
27824,2,140
27824,3,50
27824,4,20
27824,5,30
27824,6,**
,,
27826,,240
27826,1,100
27826,2,80
27826,3,30
27826,4,30
27826,5,**
27826,6,**
,,
27828,,3580
27828,1,1580
27828,2,910
27828,3,440
27828,4,260
27828,5,340
27828,6,50
,,
27829,,740
27829,1,330
27829,2,200
27829,3,90
27829,4,70
27829,5,50
27829,6,**
,,
27830,,1920
27830,1,810
27830,2,550
27830,3,280
27830,4,150
27830,5,130
27830,6,**
,,
27831,,1180
27831,1,630
27831,2,360
27831,3,110
27831,4,40
27831,5,40
27831,6,**
,,
27832,,1180
27832,1,570
27832,2,360
27832,3,130
27832,4,50
27832,5,70
27832,6,**
,,
27834,,22200
27834,1,11420
27834,2,5950
27834,3,2170
27834,4,1090
27834,5,1140
27834,6,430
,,
27837,,2390
27837,1,830
27837,2,580
27837,3,320
27837,4,240
27837,5,340
27837,6,80
,,
27839,,1180
27839,1,560
27839,2,360
27839,3,120
27839,4,70
27839,5,70
27839,6,**
,,
27840,,240
27840,1,120
27840,2,70
27840,3,30
27840,4,20
27840,5,**
27840,6,**
,,
27842,,640
27842,1,170
27842,2,150
27842,3,110
27842,4,70
27842,5,120
27842,6,20
,,
27843,,350
27843,1,160
27843,2,110
27843,3,50
27843,4,30
27843,5,**
27843,6,**
,,
27844,,1110
27844,1,550
27844,2,360
27844,3,120
27844,4,50
27844,5,30
27844,6,**
,,
27845,,710
27845,1,320
27845,2,190
27845,3,90
27845,4,60
27845,5,50
27845,6,**
,,
27846,,1240
27846,1,480
27846,2,350
27846,3,180
27846,4,110
27846,5,120
27846,6,**
,,
27847,,330
27847,1,180
27847,2,110
27847,3,20
27847,4,20
27847,5,**
27847,6,**
,,
27849,,600
27849,1,320
27849,2,180
27849,3,80
27849,4,**
27849,5,20
27849,6,**
,,
27850,,2860
27850,1,1150
27850,2,720
27850,3,350
27850,4,230
27850,5,330
27850,6,80
,,
27851,,2230
27851,1,960
27851,2,650
27851,3,270
27851,4,180
27851,5,170
27851,6,**
,,
27852,,1140
27852,1,460
27852,2,330
27852,3,160
27852,4,90
27852,5,100
27852,6,**
,,
27853,,200
27853,1,90
27853,2,60
27853,3,20
27853,4,30
27853,5,**
27853,6,**
,,
27855,,2160
27855,1,990
27855,2,630
27855,3,250
27855,4,120
27855,5,170
27855,6,**
,,
27856,,7450
27856,1,2900
27856,2,1920
27856,3,1070
27856,4,680
27856,5,770
27856,6,110
,,
27857,,500
27857,1,220
27857,2,170
27857,3,50
27857,4,30
27857,5,30
27857,6,**
,,
27858,,20730
27858,1,8320
27858,2,4720
27858,3,2320
27858,4,1700
27858,5,2650
27858,6,1020
,,
27860,,780
27860,1,320
27860,2,220
27860,3,100
27860,4,70
27860,5,70
27860,6,**
,,
27862,,310
27862,1,110
27862,2,100
27862,3,40
27862,4,30
27862,5,30
27862,6,**
,,
27863,,5340
27863,1,1960
27863,2,1460
27863,3,850
27863,4,550
27863,5,470
27863,6,50
,,
27864,,2000
27864,1,990
27864,2,570
27864,3,210
27864,4,110
27864,5,120
27864,6,**
,,
27865,,760
27865,1,290
27865,2,190
27865,3,120
27865,4,80
27865,5,80
27865,6,**
,,
27866,,310
27866,1,140
27866,2,90
27866,3,60
27866,4,**
27866,5,20
27866,6,**
,,
27869,,810
27869,1,410
27869,2,260
27869,3,70
27869,4,40
27869,5,30
27869,6,**
,,
27870,,11100
27870,1,5220
27870,2,2990
27870,3,1290
27870,4,720
27870,5,740
27870,6,140
,,
27871,,1780
27871,1,880
27871,2,520
27871,3,180
27871,4,100
27871,5,100
27871,6,**
,,
27872,,180
27872,1,90
27872,2,50
27872,3,40
27872,4,**
27872,5,**
27872,6,0
,,
27874,,1760
27874,1,920
27874,2,530
27874,3,140
27874,4,70
27874,5,100
27874,6,**
,,
27875,,170
27875,1,70
27875,2,50
27875,3,20
27875,4,30
27875,5,**
27875,6,**
,,
27876,,500
27876,1,220
27876,2,130
27876,3,70
27876,4,40
27876,5,40
27876,6,**
,,
27880,,1470
27880,1,530
27880,2,370
27880,3,210
27880,4,160
27880,5,160
27880,6,40
,,
27882,,3150
27882,1,1390
27882,2,910
27882,3,400
27882,4,200
27882,5,220
27882,6,30
,,
27883,,1510
27883,1,710
27883,2,430
27883,3,170
27883,4,100
27883,5,100
27883,6,**
,,
27884,,650
27884,1,290
27884,2,160
27884,3,80
27884,4,60
27884,5,60
27884,6,**
,,
27885,,380
27885,1,170
27885,2,100
27885,3,60
27885,4,30
27885,5,20
27885,6,**
,,
27886,,8420
27886,1,4020
27886,2,2440
27886,3,870
27886,4,500
27886,5,490
27886,6,100
,,
27888,,1050
27888,1,500
27888,2,310
27888,3,110
27888,4,60
27888,5,70
27888,6,**
,,
27889,,11850
27889,1,5400
27889,2,2910
27889,3,1410
27889,4,910
27889,5,980
27889,6,240
,,
27890,,960
27890,1,550
27890,2,260
27890,3,80
27890,4,30
27890,5,40
27890,6,**
,,
27891,,2240
27891,1,1030
27891,2,700
27891,3,290
27891,4,110
27891,5,110
27891,6,**
,,
27892,,5970
27892,1,2800
27892,2,1570
27892,3,690
27892,4,420
27892,5,430
27892,6,60
,,
27893,,15860
27893,1,8340
27893,2,4340
27893,3,1580
27893,4,760
27893,5,700
27893,6,140
,,
27896,,9350
27896,1,3130
27896,2,2200
27896,3,1350
27896,4,920
27896,5,1370
27896,6,380
,,
27897,,590
27897,1,310
27897,2,180
27897,3,50
27897,4,20
27897,5,30
27897,6,**
,,
27909,,16890
27909,1,7090
27909,2,4410
27909,3,2330
27909,4,1400
27909,5,1440
27909,6,220
,,
27910,,4350
27910,1,2100
27910,2,1220
27910,3,470
27910,4,240
27910,5,260
27910,6,60
,,
27916,,340
27916,1,110
27916,2,90
27916,3,50
27916,4,30
27916,5,60
27916,6,**
,,
27917,,310
27917,1,190
27917,2,70
27917,3,20
27917,4,30
27917,5,**
27917,6,**
,,
27919,,520
27919,1,210
27919,2,130
27919,3,80
27919,4,50
27919,5,50
27919,6,**
,,
27921,,2190
27921,1,630
27921,2,530
27921,3,350
27921,4,280
27921,5,350
27921,6,50
,,
27922,,340
27922,1,150
27922,2,110
27922,3,40
27922,4,20
27922,5,20
27922,6,**
,,
27923,,320
27923,1,140
27923,2,70
27923,3,50
27923,4,30
27923,5,30
27923,6,**
,,
27924,,1180
27924,1,550
27924,2,340
27924,3,130
27924,4,70
27924,5,90
27924,6,**
,,
27925,,1590
27925,1,810
27925,2,440
27925,3,170
27925,4,90
27925,5,80
27925,6,**
,,
27926,,680
27926,1,240
27926,2,180
27926,3,120
27926,4,70
27926,5,70
27926,6,**
,,
27927,,540
27927,1,150
27927,2,130
27927,3,70
27927,4,40
27927,5,110
27927,6,40
,,
27928,,800
27928,1,350
27928,2,250
27928,3,100
27928,4,50
27928,5,50
27928,6,**
,,
27929,,780
27929,1,210
27929,2,160
27929,3,120
27929,4,110
27929,5,150
27929,6,30
,,
27932,,5350
27932,1,2270
27932,2,1340
27932,3,660
27932,4,460
27932,5,480
27932,6,140
,,
27935,,620
27935,1,230
27935,2,170
27935,3,90
27935,4,70
27935,5,60
27935,6,**
,,
27937,,1570
27937,1,570
27937,2,410
27937,3,280
27937,4,160
27937,5,150
27937,6,**
,,
27938,,630
27938,1,240
27938,2,180
27938,3,90
27938,4,50
27938,5,70
27938,6,**
,,
27939,,1230
27939,1,510
27939,2,350
27939,3,180
27939,4,90
27939,5,100
27939,6,**
,,
27941,,310
27941,1,110
27941,2,80
27941,3,40
27941,4,30
27941,5,50
27941,6,**
,,
27942,,320
27942,1,150
27942,2,90
27942,3,30
27942,4,20
27942,5,30
27942,6,**
,,
27944,,4970
27944,1,1930
27944,2,1190
27944,3,700
27944,4,490
27944,5,560
27944,6,100
,,
27946,,510
27946,1,170
27946,2,150
27946,3,70
27946,4,60
27946,5,60
27946,6,**
,,
27947,,470
27947,1,200
27947,2,140
27947,3,60
27947,4,30
27947,5,40
27947,6,**
,,
27948,,6330
27948,1,2500
27948,2,1650
27948,3,950
27948,4,530
27948,5,570
27948,6,130
,,
27949,,4460
27949,1,1420
27949,2,940
27949,3,560
27949,4,430
27949,5,760
27949,6,350
,,
27950,,850
27950,1,270
27950,2,230
27950,3,140
27950,4,120
27950,5,90
27950,6,**
,,
27953,,440
27953,1,210
27953,2,120
27953,3,60
27953,4,20
27953,5,30
27953,6,**
,,
27954,,3200
27954,1,1200
27954,2,840
27954,3,430
27954,4,290
27954,5,330
27954,6,110
,,
27956,,140
27956,1,40
27956,2,40
27956,3,40
27956,4,**
27956,5,20
27956,6,**
,,
27957,,660
27957,1,290
27957,2,190
27957,3,80
27957,4,40
27957,5,60
27957,6,**
,,
27958,,4950
27958,1,1450
27958,2,1000
27958,3,770
27958,4,660
27958,5,950
27958,6,120
,,
27959,,1650
27959,1,550
27959,2,400
27959,3,210
27959,4,170
27959,5,240
27959,6,80
,,
27962,,2970
27962,1,1540
27962,2,710
27962,3,320
27962,4,180
27962,5,190
27962,6,30
,,
27964,,300
27964,1,110
27964,2,70
27964,3,50
27964,4,20
27964,5,50
27964,6,**
,,
27965,,240
27965,1,110
27965,2,70
27965,3,30
27965,4,30
27965,5,**
27965,6,**
,,
27966,,560
27966,1,240
27966,2,150
27966,3,90
27966,4,40
27966,5,40
27966,6,**
,,
27970,,1370
27970,1,660
27970,2,380
27970,3,150
27970,4,80
27970,5,100
27970,6,**
,,
27973,,690
27973,1,230
27973,2,170
27973,3,100
27973,4,90
27973,5,100
27973,6,**
,,
27974,,550
27974,1,190
27974,2,150
27974,3,100
27974,4,60
27974,5,50
27974,6,**
,,
27976,,1560
27976,1,410
27976,2,370
27976,3,270
27976,4,220
27976,5,290
27976,6,**
,,
27979,,660
27979,1,240
27979,2,190
27979,3,100
27979,4,60
27979,5,70
27979,6,**
,,
27980,,900
27980,1,350
27980,2,260
27980,3,120
27980,4,70
27980,5,100
27980,6,**
,,
27981,,720
27981,1,280
27981,2,220
27981,3,110
27981,4,50
27981,5,60
27981,6,**
,,
27983,,3390
27983,1,1600
27983,2,980
27983,3,390
27983,4,200
27983,5,190
27983,6,30
,,
27986,,490
27986,1,220
27986,2,150
27986,3,50
27986,4,30
27986,5,40
27986,6,**
,,
28001,,10860
28001,1,4650
28001,2,2940
28001,3,1450
28001,4,880
28001,5,780
28001,6,160
,,
28006,,530
28006,1,210
28006,2,120
28006,3,70
28006,4,50
28006,5,80
28006,6,**
,,
28012,,10900
28012,1,3450
28012,2,2540
28012,3,1570
28012,4,1030
28012,5,1700
28012,6,610
,,
28016,,5500
28016,1,2400
28016,2,1570
28016,3,760
28016,4,400
28016,5,330
28016,6,40
,,
28018,,2080
28018,1,870
28018,2,520
28018,3,300
28018,4,200
28018,5,170
28018,6,20
,,
28020,,980
28020,1,420
28020,2,270
28020,3,150
28020,4,90
28020,5,50
28020,6,**
,,
28021,,5500
28021,1,2140
28021,2,1460
28021,3,830
28021,4,470
28021,5,510
28021,6,90
,,
28023,,6690
28023,1,2600
28023,2,1670
28023,3,1000
28023,4,630
28023,5,680
28023,6,110
,,
28025,,23070
28025,1,8730
28025,2,6120
28025,3,3200
28025,4,2030
28025,5,2380
28025,6,610
,,
28027,,30390
28027,1,10120
28027,2,7110
28027,3,4010
28027,4,2940
28027,5,4790
28027,6,1420
,,
28031,,14270
28031,1,3760
28031,2,2540
28031,3,1920
28031,4,1480
28031,5,2710
28031,6,1860
,,
28032,,1540
28032,1,500
28032,2,390
28032,3,230
28032,4,120
28032,5,180
28032,6,120
,,
28033,,1260
28033,1,480
28033,2,370
28033,3,200
28033,4,100
28033,5,110
28033,6,**
,,
28034,,7880
28034,1,3130
28034,2,2230
28034,3,1170
28034,4,670
28034,5,620
28034,6,60
,,
28036,,8060
28036,1,1930
28036,2,1130
28036,3,890
28036,4,750
28036,5,1890
28036,6,1470
,,
28037,,10400
28037,1,2800
28037,2,1800
28037,3,1300
28037,4,1120
28037,5,2270
28037,6,1110
,,
28040,,2880
28040,1,1270
28040,2,800
28040,3,410
28040,4,200
28040,5,200
28040,6,**
,,
28043,,7830
28043,1,3630
28043,2,2210
28043,3,960
28043,4,510
28043,5,460
28043,6,60
,,
28052,,14280
28052,1,7410
28052,2,4050
28052,3,1580
28052,4,640
28052,5,520
28052,6,80
,,
28054,,16770
28054,1,7190
28054,2,4860
28054,3,2210
28054,4,1140
28054,5,1140
28054,6,230
,,
28056,,15000
28056,1,5050
28056,2,3460
28056,3,2140
28056,4,1530
28056,5,2260
28056,6,560
,,
28071,,1260
28071,1,460
28071,2,320
28071,3,210
28071,4,130
28071,5,110
28071,6,30
,,
28073,,2090
28073,1,990
28073,2,610
28073,3,260
28073,4,130
28073,5,100
28073,6,**
,,
28075,,8990
28075,1,2450
28075,2,1430
28075,3,1030
28075,4,1010
28075,5,2400
28075,6,670
,,
28078,,27810
28078,1,6920
28078,2,4760
28078,3,3640
28078,4,3050
28078,5,6760
28078,6,2680
,,
28079,,16580
28079,1,5150
28079,2,3460
28079,3,2540
28079,4,2040
28079,5,2880
28079,6,510
,,
28080,,3360
28080,1,1180
28080,2,780
28080,3,530
28080,4,350
28080,5,420
28080,6,100
,,
28081,,11640
28081,1,4840
28081,2,3190
28081,3,1520
28081,4,860
28081,5,1020
28081,6,210
,,
28083,,10910
28083,1,4810
28083,2,3290
28083,3,1480
28083,4,730
28083,5,550
28083,6,50
,,
28086,,11520
28086,1,4850
28086,2,3060
28086,3,1610
28086,4,980
28086,5,870
28086,6,150
,,
28088,,1500
28088,1,570
28088,2,440
28088,3,230
28088,4,140
28088,5,120
28088,6,**
,,
28090,,3020
28090,1,1320
28090,2,810
28090,3,420
28090,4,260
28090,5,210
28090,6,**
,,
28091,,910
28091,1,420
28091,2,310
28091,3,90
28091,4,60
28091,5,30
28091,6,**
,,
28092,,15860
28092,1,6300
28092,2,4300
28092,3,2250
28092,4,1390
28092,5,1410
28092,6,210
,,
28097,,2730
28097,1,930
28097,2,670
28097,3,420
28097,4,320
28097,5,340
28097,6,50
,,
28098,,1840
28098,1,730
28098,2,540
28098,3,280
28098,4,140
28098,5,150
28098,6,**
,,
28101,,350
28101,1,90
28101,2,80
28101,3,50
28101,4,30
28101,5,100
28101,6,**
,,
28103,,4450
28103,1,1780
28103,2,1150
28103,3,640
28103,4,390
28103,5,420
28103,6,70
,,
28104,,13920
28104,1,3780
28104,2,2140
28104,3,1640
28104,4,1360
28104,5,3140
28104,6,1860
,,
28105,,19810
28105,1,6150
28105,2,4260
28105,3,2630
28105,4,2040
28105,5,3500
28105,6,1230
,,
28107,,3510
28107,1,1160
28107,2,750
28107,3,540
28107,4,430
28107,5,530
28107,6,100
,,
28110,,22360
28110,1,8310
28110,2,5850
28110,3,3260
28110,4,2070
28110,5,2440
28110,6,430
,,
28112,,11350
28112,1,4510
28112,2,3170
28112,3,1610
28112,4,940
28112,5,970
28112,6,150
,,
28114,,2520
28114,1,1100
28114,2,700
28114,3,350
28114,4,200
28114,5,170
28114,6,**
,,
28115,,17400
28115,1,6250
28115,2,3960
28115,3,2370
28115,4,1730
28115,5,2570
28115,6,520
,,
28117,,20120
28117,1,5950
28117,2,3410
28117,3,2340
28117,4,1860
28117,5,3930
28117,6,2630
,,
28119,,1090
28119,1,600
28119,2,340
28119,3,90
28119,4,30
28119,5,30
28119,6,**
,,
28120,,10050
28120,1,3380
28120,2,2420
28120,3,1570
28120,4,1030
28120,5,1360
28120,6,290
,,
28124,,2950
28124,1,1060
28124,2,710
28124,3,430
28124,4,330
28124,5,350
28124,6,70
,,
28125,,1210
28125,1,400
28125,2,290
28125,3,180
28125,4,140
28125,5,160
28125,6,40
,,
28127,,2790
28127,1,1020
28127,2,730
28127,3,370
28127,4,290
28127,5,290
28127,6,90
,,
28128,,3090
28128,1,1200
28128,2,890
28128,3,430
28128,4,250
28128,5,260
28128,6,60
,,
28129,,2440
28129,1,800
28129,2,670
28129,3,370
28129,4,280
28129,5,290
28129,6,30
,,
28133,,1170
28133,1,430
28133,2,330
28133,3,160
28133,4,120
28133,5,130
28133,6,**
,,
28134,,5490
28134,1,1920
28134,2,1450
28134,3,760
28134,4,510
28134,5,690
28134,6,160
,,
28135,,1500
28135,1,720
28135,2,410
28135,3,170
28135,4,100
28135,5,80
28135,6,20
,,
28137,,1290
28137,1,470
28137,2,320
28137,3,220
28137,4,130
28137,5,150
28137,6,**
,,
28138,,4510
28138,1,1640
28138,2,1260
28138,3,700
28138,4,450
28138,5,390
28138,6,70
,,
28139,,7690
28139,1,3030
28139,2,2020
28139,3,1130
28139,4,660
28139,5,670
28139,6,180
,,
28144,,9770
28144,1,4680
28144,2,2440
28144,3,1030
28144,4,620
28144,5,690
28144,6,310
,,
28146,,12210
28146,1,4510
28146,2,3170
28146,3,1900
28146,4,1210
28146,5,1230
28146,6,190
,,
28147,,10750
28147,1,4450
28147,2,2980
28147,3,1430
28147,4,920
28147,5,820
28147,6,150
,,
28150,,11200
28150,1,5040
28150,2,2930
28150,3,1270
28150,4,820
28150,5,880
28150,6,260
,,
28152,,9820
28152,1,4370
28152,2,2600
28152,3,1290
28152,4,800
28152,5,690
28152,6,70
,,
28159,,1380
28159,1,700
28159,2,400
28159,3,140
28159,4,70
28159,5,70
28159,6,**
,,
28160,,1520
28160,1,840
28160,2,410
28160,3,150
28160,4,80
28160,5,40
28160,6,**
,,
28163,,2240
28163,1,780
28163,2,550
28163,3,330
28163,4,250
28163,5,280
28163,6,50
,,
28164,,6600
28164,1,2290
28164,2,1520
28164,3,910
28164,4,660
28164,5,960
28164,6,260
,,
28166,,4600
28166,1,1580
28166,2,1150
28166,3,670
28166,4,420
28166,5,600
28166,6,180
,,
28167,,970
28167,1,450
28167,2,240
28167,3,130
28167,4,80
28167,5,70
28167,6,**
,,
28168,,4300
28168,1,1650
28168,2,1250
28168,3,670
28168,4,400
28168,5,290
28168,6,40
,,
28170,,4600
28170,1,2330
28170,2,1310
28170,3,480
28170,4,240
28170,5,210
28170,6,30
,,
28173,,23190
28173,1,6480
28173,2,2980
28173,3,2270
28173,4,1900
28173,5,5550
28173,6,4010
,,
28174,,3420
28174,1,1500
28174,2,1010
28174,3,440
28174,4,220
28174,5,220
28174,6,30
,,
28202,,7630
28202,1,1450
28202,2,1590
28202,3,1570
28202,4,900
28202,5,1470
28202,6,650
,,
28203,,9900
28203,1,2130
28203,2,2150
28203,3,1890
28203,4,1030
28203,5,1460
28203,6,1240
,,
28204,,4200
28204,1,980
28204,2,1040
28204,3,770
28204,4,410
28204,5,590
28204,6,410
,,
28205,,22750
28205,1,9200
28205,2,6330
28205,3,2820
28205,4,1430
28205,5,2130
28205,6,840
,,
28206,,5790
28206,1,3440
28206,2,1530
28206,3,430
28206,4,150
28206,5,200
28206,6,40
,,
28207,,4360
28207,1,840
28207,2,540
28207,3,380
28207,4,290
28207,5,540
28207,6,1770
,,
28208,,17340
28208,1,10290
28208,2,4780
28208,3,1260
28208,4,460
28208,5,450
28208,6,100
,,
28209,,11780
28209,1,2820
28209,2,2730
28209,3,1940
28209,4,1040
28209,5,1810
28209,6,1440
,,
28210,,22610
28210,1,6610
28210,2,5260
28210,3,2880
28210,4,1900
28210,5,3700
28210,6,2260
,,
28211,,13870
28211,1,3630
28211,2,2380
28211,3,1470
28211,4,1090
28211,5,2320
28211,6,2980
,,
28212,,17840
28212,1,9400
28212,2,5680
28212,3,1600
28212,4,620
28212,5,480
28212,6,60
,,
28213,,19000
28213,1,8950
28213,2,5480
28213,3,2250
28213,4,1120
28213,5,1070
28213,6,130
,,
28214,,18780
28214,1,7250
28214,2,5590
28214,3,2760
28214,4,1380
28214,5,1470
28214,6,330
,,
28215,,26700
28215,1,12290
28215,2,7790
28215,3,3190
28215,4,1630
28215,5,1550
28215,6,250
,,
28216,,26210
28216,1,11490
28216,2,7960
28216,3,3360
28216,4,1540
28216,5,1520
28216,6,340
,,
28217,,12890
28217,1,6180
28217,2,3830
28217,3,1510
28217,4,790
28217,5,520
28217,6,60
,,
28226,,19030
28226,1,5150
28226,2,3680
28226,3,2340
28226,4,1620
28226,5,3310
28226,6,2930
,,
28227,,26010
28227,1,10360
28227,2,6880
28227,3,3260
28227,4,2060
28227,5,2730
28227,6,720
,,
28262,,18650
28262,1,7410
28262,2,5290
28262,3,2760
28262,4,1550
28262,5,1390
28262,6,250
,,
28269,,37110
28269,1,12890
28269,2,9790
28269,3,5710
28269,4,3420
28269,5,4420
28269,6,880
,,
28270,,15240
28270,1,3940
28270,2,2610
28270,3,1850
28270,4,1430
28270,5,3200
28270,6,2210
,,
28273,,17950
28273,1,6180
28273,2,5530
28273,3,2980
28273,4,1540
28273,5,1540
28273,6,180
,,
28277,,31570
28277,1,7420
28277,2,4790
28277,3,4090
28277,4,3190
28277,5,7400
28277,6,4680
,,
28278,,13480
28278,1,3380
28278,2,2800
28278,3,2090
28278,4,1520
28278,5,2750
28278,6,940
,,
28301,,6060
28301,1,3580
28301,2,1520
28301,3,550
28301,4,220
28301,5,160
28301,6,30
,,
28303,,13780
28303,1,5900
28303,2,3880
28303,3,1640
28303,4,910
28303,5,1020
28303,6,430
,,
28304,,15930
28304,1,6940
28304,2,4680
28304,3,2060
28304,4,1090
28304,5,1020
28304,6,140
,,
28305,,2890
28305,1,1010
28305,2,670
28305,3,400
28305,4,230
28305,5,370
28305,6,210
,,
28306,,17300
28306,1,6920
28306,2,4400
28306,3,2300
28306,4,1500
28306,5,1840
28306,6,340
,,
28307,,5230
28307,1,1410
28307,2,2730
28307,3,600
28307,4,260
28307,5,210
28307,6,20
,,
28311,,15290
28311,1,6160
28311,2,4200
28311,3,2070
28311,4,1180
28311,5,1410
28311,6,270
,,
28312,,8020
28312,1,3230
28312,2,1900
28312,3,1060
28312,4,740
28312,5,900
28312,6,190
,,
28314,,24630
28314,1,10550
28314,2,7990
28314,3,3160
28314,4,1430
28314,5,1260
28314,6,240
,,
28315,,5580
28315,1,2310
28315,2,1520
28315,3,720
28315,4,470
28315,5,490
28315,6,70
,,
28318,,1960
28318,1,830
28318,2,520
28318,3,280
28318,4,150
28318,5,180
28318,6,**
,,
28320,,3090
28320,1,1370
28320,2,800
28320,3,420
28320,4,250
28320,5,230
28320,6,20
,,
28323,,1750
28323,1,630
28323,2,520
28323,3,280
28323,4,160
28323,5,160
28323,6,**
,,
28326,,8380
28326,1,2700
28326,2,2630
28326,3,1530
28326,4,800
28326,5,660
28326,6,60
,,
28327,,7100
28327,1,2460
28327,2,1560
28327,3,1090
28327,4,770
28327,5,1040
28327,6,180
,,
28328,,10270
28328,1,4790
28328,2,2860
28328,3,1140
28328,4,640
28328,5,680
28328,6,160
,,
28333,,4660
28333,1,2220
28333,2,1650
28333,3,470
28333,4,180
28333,5,140
28333,6,**
,,
28334,,9880
28334,1,4670
28334,2,2490
28334,3,1140
28334,4,700
28334,5,730
28334,6,150
,,
28337,,3950
28337,1,1780
28337,2,1170
28337,3,430
28337,4,230
28337,5,260
28337,6,80
,,
28338,,1740
28338,1,810
28338,2,510
28338,3,190
28338,4,120
28338,5,110
28338,6,**
,,
28339,,2810
28339,1,1300
28339,2,790
28339,3,350
28339,4,190
28339,5,180
28339,6,**
,,
28340,,3890
28340,1,2110
28340,2,1090
28340,3,390
28340,4,160
28340,5,140
28340,6,**
,,
28341,,1690
28341,1,730
28341,2,580
28341,3,180
28341,4,80
28341,5,100
28341,6,20
,,
28343,,560
28343,1,290
28343,2,170
28343,3,60
28343,4,40
28343,5,**
28343,6,**
,,
28344,,1210
28344,1,500
28344,2,390
28344,3,170
28344,4,70
28344,5,80
28344,6,**
,,
28345,,4750
28345,1,2370
28345,2,1310
28345,3,560
28345,4,250
28345,5,230
28345,6,30
,,
28347,,410
28347,1,220
28347,2,130
28347,3,30
28347,4,30
28347,5,**
28347,6,**
,,
28348,,15200
28348,1,5700
28348,2,4200
28348,3,2330
28348,4,1450
28348,5,1400
28348,6,120
,,
28349,,1480
28349,1,640
28349,2,430
28349,3,200
28349,4,100
28349,5,80
28349,6,30
,,
28351,,1930
28351,1,980
28351,2,550
28351,3,220
28351,4,110
28351,5,70
28351,6,**
,,
28352,,8670
28352,1,4480
28352,2,2050
28352,3,940
28352,4,520
28352,5,580
28352,6,100
,,
28356,,2120
28356,1,740
28356,2,520
28356,3,370
28356,4,200
28356,5,260
28356,6,30
,,
28357,,1070
28357,1,520
28357,2,280
28357,3,130
28357,4,70
28357,5,70
28357,6,**
,,
28358,,13060
28358,1,6450
28358,2,3580
28358,3,1310
28358,4,700
28358,5,780
28358,6,240
,,
28360,,4700
28360,1,2350
28360,2,1300
28360,3,500
28360,4,300
28360,5,220
28360,6,30
,,
28363,,440
28363,1,220
28363,2,120
28363,3,50
28363,4,50
28363,5,**
28363,6,**
,,
28364,,4900
28364,1,2720
28364,2,1250
28364,3,500
28364,4,230
28364,5,200
28364,6,**
,,
28365,,6560
28365,1,2900
28365,2,2020
28365,3,730
28365,4,440
28365,5,400
28365,6,70
,,
28366,,2100
28366,1,900
28366,2,620
28366,3,280
28366,4,140
28366,5,130
28366,6,30
,,
28369,,880
28369,1,470
28369,2,240
28369,3,90
28369,4,50
28369,5,30
28369,6,**
,,
28371,,2840
28371,1,1250
28371,2,840
28371,3,360
28371,4,200
28371,5,160
28371,6,30
,,
28372,,5190
28372,1,2660
28372,2,1320
28372,3,570
28372,4,300
28372,5,280
28372,6,60
,,
28373,,1120
28373,1,470
28373,2,320
28373,3,170
28373,4,80
28373,5,80
28373,6,**
,,
28374,,8540
28374,1,1950
28374,2,1430
28374,3,1240
28374,4,1040
28374,5,2000
28374,6,880
,,
28376,,16620
28376,1,6320
28376,2,5110
28376,3,2610
28376,4,1350
28376,5,1130
28376,6,100
,,
28377,,4370
28377,1,2360
28377,2,1290
28377,3,370
28377,4,170
28377,5,160
28377,6,20
,,
28379,,9680
28379,1,4800
28379,2,2520
28379,3,1090
28379,4,600
28379,5,580
28379,6,90
,,
28382,,2840
28382,1,1290
28382,2,780
28382,3,350
28382,4,200
28382,5,190
28382,6,30
,,
28383,,2780
28383,1,1550
28383,2,750
28383,3,250
28383,4,120
28383,5,90
28383,6,20
,,
28384,,4580
28384,1,2160
28384,2,1510
28384,3,470
28384,4,200
28384,5,220
28384,6,20
,,
28385,,1350
28385,1,610
28385,2,390
28385,3,160
28385,4,90
28385,5,100
28385,6,**
,,
28386,,2060
28386,1,1100
28386,2,650
28386,3,170
28386,4,80
28386,5,60
28386,6,**
,,
28387,,6990
28387,1,2300
28387,2,1370
28387,3,1010
28387,4,710
28387,5,1180
28387,6,420
,,
28390,,9200
28390,1,3860
28390,2,2770
28390,3,1250
28390,4,620
28390,5,620
28390,6,80
,,
28391,,2400
28391,1,830
28391,2,630
28391,3,380
28391,4,260
28391,5,270
28391,6,30
,,
28392,,690
28392,1,250
28392,2,250
28392,3,90
28392,4,60
28392,5,40
28392,6,**
,,
28393,,840
28393,1,370
28393,2,270
28393,3,120
28393,4,40
28393,5,40
28393,6,**
,,
28394,,2190
28394,1,790
28394,2,540
28394,3,310
28394,4,200
28394,5,270
28394,6,80
,,
28395,,1120
28395,1,420
28395,2,230
28395,3,200
28395,4,120
28395,5,150
28395,6,**
,,
28396,,1140
28396,1,500
28396,2,350
28396,3,130
28396,4,70
28396,5,90
28396,6,**
,,
28398,,2830
28398,1,1450
28398,2,840
28398,3,310
28398,4,100
28398,5,100
28398,6,30
,,
28399,,750
28399,1,320
28399,2,240
28399,3,90
28399,4,50
28399,5,50
28399,6,**
,,
28401,,9840
28401,1,5370
28401,2,2630
28401,3,880
28401,4,400
28401,5,430
28401,6,130
,,
28403,,16000
28403,1,7500
28403,2,3870
28403,3,1620
28403,4,900
28403,5,1330
28403,6,780
,,
28405,,15180
28405,1,5900
28405,2,3660
28405,3,1900
28405,4,1190
28405,5,1610
28405,6,920
,,
28409,,15320
28409,1,4700
28409,2,2730
28409,3,1950
28409,4,1630
28409,5,3030
28409,6,1280
,,
28411,,16940
28411,1,4760
28411,2,3720
28411,3,2580
28411,4,1910
28411,5,3070
28411,6,900
,,
28412,,18980
28412,1,6970
28412,2,4900
28412,3,2780
28412,4,1730
28412,5,2120
28412,6,480
,,
28420,,1410
28420,1,710
28420,2,330
28420,3,170
28420,4,100
28420,5,100
28420,6,**
,,
28421,,640
28421,1,300
28421,2,170
28421,3,90
28421,4,40
28421,5,40
28421,6,**
,,
28422,,3310
28422,1,1220
28422,2,730
28422,3,430
28422,4,330
28422,5,490
28422,6,110
,,
28423,,860
28423,1,380
28423,2,210
28423,3,130
28423,4,60
28423,5,80
28423,6,**
,,
28425,,4290
28425,1,1830
28425,2,1170
28425,3,530
28425,4,350
28425,5,360
28425,6,50
,,
28428,,3430
28428,1,1210
28428,2,700
28428,3,470
28428,4,300
28428,5,560
28428,6,190
,,
28429,,3660
28429,1,1430
28429,2,1040
28429,3,510
28429,4,280
28429,5,350
28429,6,50
,,
28430,,710
28430,1,300
28430,2,200
28430,3,110
28430,4,50
28430,5,50
28430,6,**
,,
28431,,2650
28431,1,1320
28431,2,700
28431,3,300
28431,4,170
28431,5,160
28431,6,**
,,
28432,,750
28432,1,330
28432,2,200
28432,3,90
28432,4,70
28432,5,60
28432,6,**
,,
28433,,1790
28433,1,870
28433,2,500
28433,3,190
28433,4,110
28433,5,120
28433,6,**
,,
28434,,470
28434,1,210
28434,2,140
28434,3,60
28434,4,30
28434,5,30
28434,6,**
,,
28435,,1020
28435,1,490
28435,2,280
28435,3,130
28435,4,60
28435,5,60
28435,6,**
,,
28436,,890
28436,1,360
28436,2,260
28436,3,110
28436,4,70
28436,5,90
28436,6,**
,,
28438,,610
28438,1,250
28438,2,170
28438,3,80
28438,4,50
28438,5,60
28438,6,**
,,
28439,,540
28439,1,270
28439,2,140
28439,3,60
28439,4,30
28439,5,40
28439,6,**
,,
28441,,1240
28441,1,550
28441,2,400
28441,3,150
28441,4,80
28441,5,60
28441,6,**
,,
28442,,630
28442,1,300
28442,2,180
28442,3,70
28442,4,40
28442,5,40
28442,6,0
,,
28443,,9980
28443,1,3240
28443,2,1900
28443,3,1490
28443,4,1170
28443,5,1750
28443,6,430
,,
28444,,890
28444,1,400
28444,2,240
28444,3,100
28444,4,70
28444,5,80
28444,6,**
,,
28445,,4130
28445,1,1440
28445,2,1000
28445,3,690
28445,4,420
28445,5,460
28445,6,120
,,
28447,,500
28447,1,220
28447,2,150
28447,3,60
28447,4,40
28447,5,30
28447,6,**
,,
28448,,360
28448,1,150
28448,2,110
28448,3,50
28448,4,30
28448,5,20
28448,6,**
,,
28449,,1000
28449,1,330
28449,2,150
28449,3,120
28449,4,120
28449,5,190
28449,6,90
,,
28450,,940
28450,1,330
28450,2,220
28450,3,140
28450,4,100
28450,5,120
28450,6,30
,,
28451,,15530
28451,1,4970
28451,2,3810
28451,3,2280
28451,4,1720
28451,5,2270
28451,6,480
,,
28452,,330
28452,1,210
28452,2,80
28452,3,40
28452,4,**
28452,5,**
28452,6,0
,,
28453,,1430
28453,1,720
28453,2,480
28453,3,150
28453,4,40
28453,5,40
28453,6,**
,,
28454,,1250
28454,1,560
28454,2,380
28454,3,150
28454,4,90
28454,5,70
28454,6,**
,,
28455,,720
28455,1,340
28455,2,180
28455,3,100
28455,4,40
28455,5,60
28455,6,**
,,
28456,,1570
28456,1,710
28456,2,480
28456,3,160
28456,4,110
28456,5,110
28456,6,**
,,
28457,,4660
28457,1,1880
28457,2,1290
28457,3,630
28457,4,410
28457,5,410
28457,6,40
,,
28458,,2290
28458,1,1150
28458,2,710
28458,3,230
28458,4,100
28458,5,100
28458,6,**
,,
28460,,5150
28460,1,1560
28460,2,1470
28460,3,870
28460,4,540
28460,5,590
28460,6,120
,,
28461,,10180
28461,1,3080
28461,2,1890
28461,3,1370
28461,4,1040
28461,5,2120
28461,6,680
,,
28462,,5390
28462,1,2410
28462,2,1250
28462,3,640
28462,4,430
28462,5,520
28462,6,140
,,
28463,,2870
28463,1,1490
28463,2,720
28463,3,300
28463,4,180
28463,5,150
28463,6,30
,,
28464,,890
28464,1,480
28464,2,230
28464,3,100
28464,4,40
28464,5,40
28464,6,**
,,
28465,,3770
28465,1,1260
28465,2,810
28465,3,510
28465,4,420
28465,5,590
28465,6,180
,,
28466,,3870
28466,1,1690
28466,2,1060
28466,3,390
28466,4,290
28466,5,340
28466,6,100
,,
28467,,5110
28467,1,1660
28467,2,1150
28467,3,810
28467,4,660
28467,5,710
28467,6,120
,,
28468,,2370
28468,1,710
28468,2,470
28468,3,370
28468,4,320
28468,5,400
28468,6,100
,,
28469,,3840
28469,1,1250
28469,2,700
28469,3,480
28469,4,400
28469,5,770
28469,6,240
,,
28470,,4330
28470,1,2010
28470,2,1040
28470,3,510
28470,4,330
28470,5,360
28470,6,80
,,
28472,,7400
28472,1,3610
28472,2,1930
28472,3,780
28472,4,480
28472,5,490
28472,6,110
,,
28478,,1880
28478,1,830
28478,2,560
28478,3,240
28478,4,140
28478,5,110
28478,6,**
,,
28479,,2500
28479,1,860
28479,2,610
28479,3,360
28479,4,300
28479,5,330
28479,6,40
,,
28480,,1520
28480,1,430
28480,2,310
28480,3,190
28480,4,100
28480,5,250
28480,6,240
,,
28501,,7100
28501,1,3910
28501,2,2030
28501,3,600
28501,4,250
28501,5,240
28501,6,70
,,
28504,,9040
28504,1,3720
28504,2,2700
28504,3,1120
28504,4,680
28504,5,660
28504,6,160
,,
28508,,970
28508,1,420
28508,2,370
28508,3,100
28508,4,40
28508,5,40
28508,6,**
,,
28510,,730
28510,1,230
28510,2,180
28510,3,130
28510,4,80
28510,5,110
28510,6,**
,,
28511,,240
28511,1,110
28511,2,60
28511,3,50
28511,4,**
28511,5,20
28511,6,**
,,
28512,,1750
28512,1,560
28512,2,370
28512,3,230
28512,4,190
28512,5,280
28512,6,120
,,
28513,,4140
28513,1,1820
28513,2,1120
28513,3,510
28513,4,310
28513,5,330
28513,6,50
,,
28515,,820
28515,1,390
28515,2,230
28515,3,100
28515,4,50
28515,5,50
28515,6,**
,,
28516,,5190
28516,1,2100
28516,2,1250
28516,3,720
28516,4,430
28516,5,540
28516,6,150
,,
28518,,3260
28518,1,1360
28518,2,990
28518,3,460
28518,4,230
28518,5,220
28518,6,**
,,
28520,,110
28520,1,40
28520,2,50
28520,3,**
28520,4,20
28520,5,**
28520,6,**
,,
28521,,870
28521,1,350
28521,2,250
28521,3,150
28521,4,60
28521,5,60
28521,6,**
,,
28523,,1150
28523,1,490
28523,2,300
28523,3,150
28523,4,110
28523,5,100
28523,6,**
,,
28524,,160
28524,1,50
28524,2,40
28524,3,40
28524,4,30
28524,5,**
28524,6,**
,,
28525,,1350
28525,1,560
28525,2,420
28525,3,180
28525,4,110
28525,5,80
28525,6,**
,,
28526,,940
28526,1,420
28526,2,270
28526,3,120
28526,4,60
28526,5,70
28526,6,**
,,
28527,,530
28527,1,190
28527,2,130
28527,3,90
28527,4,60
28527,5,60
28527,6,**
,,
28528,,250
28528,1,110
28528,2,70
28528,3,30
28528,4,20
28528,5,20
28528,6,**
,,
28529,,840
28529,1,340
28529,2,240
28529,3,120
28529,4,70
28529,5,70
28529,6,**
,,
28530,,3380
28530,1,1720
28530,2,870
28530,3,370
28530,4,210
28530,5,180
28530,6,30
,,
28531,,560
28531,1,210
28531,2,140
28531,3,80
28531,4,50
28531,5,80
28531,6,**
,,
28532,,9370
28532,1,3610
28532,2,2900
28532,3,1370
28532,4,740
28532,5,700
28532,6,50
,,
28538,,940
28538,1,420
28538,2,310
28538,3,110
28538,4,50
28538,5,50
28538,6,**
,,
28539,,6800
28539,1,2590
28539,2,2090
28539,3,1080
28539,4,520
28539,5,470
28539,6,50
,,
28540,,19870
28540,1,8480
28540,2,5590
28540,3,2720
28540,4,1490
28540,5,1370
28540,6,220
,,
28543,,1630
28543,1,610
28543,2,770
28543,3,190
28543,4,60
28543,5,**
28543,6,0
,,
28544,,2100
28544,1,1100
28544,2,750
28544,3,170
28544,4,50
28544,5,30
28544,6,**
,,
28546,,19700
28546,1,8290
28546,2,6000
28546,3,2630
28546,4,1370
28546,5,1250
28546,6,160
,,
28547,,2760
28547,1,870
28547,2,1120
28547,3,420
28547,4,210
28547,5,140
28547,6,**
,,
28551,,5570
28551,1,2310
28551,2,1740
28551,3,680
28551,4,410
28551,5,370
28551,6,60
,,
28553,,210
28553,1,80
28553,2,60
28553,3,30
28553,4,40
28553,5,**
28553,6,**
,,
28555,,2220
28555,1,960
28555,2,670
28555,3,310
28555,4,160
28555,5,120
28555,6,**
,,
28556,,370
28556,1,120
28556,2,90
28556,3,50
28556,4,40
28556,5,70
28556,6,**
,,
28557,,7300
28557,1,2760
28557,2,1680
28557,3,950
28557,4,660
28557,5,930
28557,6,320
,,
28560,,12070
28560,1,4860
28560,2,3070
28560,3,1700
28560,4,1050
28560,5,1180
28560,6,210
,,
28562,,17610
28562,1,5840
28562,2,4200
28562,3,2720
28562,4,1830
28562,5,2370
28562,6,650
,,
28570,,9620
28570,1,3930
28570,2,2390
28570,3,1370
28570,4,890
28570,5,900
28570,6,140
,,
28571,,1290
28571,1,430
28571,2,250
28571,3,160
28571,4,150
28571,5,240
28571,6,60
,,
28572,,2950
28572,1,1450
28572,2,790
28572,3,340
28572,4,200
28572,5,170
28572,6,**
,,
28573,,920
28573,1,420
28573,2,210
28573,3,110
28573,4,70
28573,5,110
28573,6,**
,,
28574,,7040
28574,1,2630
28574,2,2160
28574,3,1190
28574,4,610
28574,5,420
28574,6,30
,,
28577,,110
28577,1,40
28577,2,40
28577,3,**
28577,4,30
28577,5,**
28577,6,**
,,
28578,,2140
28578,1,920
28578,2,760
28578,3,240
28578,4,120
28578,5,100
28578,6,**
,,
28579,,260
28579,1,90
28579,2,70
28579,3,40
28579,4,30
28579,5,30
28579,6,**
,,
28580,,4090
28580,1,1840
28580,2,1190
28580,3,470
28580,4,310
28580,5,240
28580,6,40
,,
28582,,880
28582,1,310
28582,2,190
28582,3,130
28582,4,100
28582,5,130
28582,6,20
,,
28584,,6150
28584,1,2140
28584,2,1300
28584,3,960
28584,4,670
28584,5,890
28584,6,190
,,
28585,,1580
28585,1,690
28585,2,480
28585,3,220
28585,4,90
28585,5,100
28585,6,**
,,
28586,,2830
28586,1,1230
28586,2,800
28586,3,380
28586,4,230
28586,5,190
28586,6,**
,,
28587,,100
28587,1,50
28587,2,30
28587,3,20
28587,4,**
28587,5,**
28587,6,0
,,
28590,,11880
28590,1,3720
28590,2,2780
28590,3,1730
28590,4,1350
28590,5,1870
28590,6,430
,,
28594,,2180
28594,1,600
28594,2,410
28594,3,340
28594,4,250
28594,5,410
28594,6,170
,,
28601,,22980
28601,1,8710
28601,2,6020
28601,3,2980
28601,4,1770
28601,5,2410
28601,6,1090
,,
28602,,12270
28602,1,5350
28602,2,3370
28602,3,1520
28602,4,880
28602,5,950
28602,6,200
,,
28604,,2860
28604,1,1150
28604,2,730
28604,3,400
28604,4,220
28604,5,270
28604,6,90
,,
28605,,1940
28605,1,650
28605,2,410
28605,3,220
28605,4,180
28605,5,310
28605,6,170
,,
28606,,840
28606,1,400
28606,2,220
28606,3,110
28606,4,50
28606,5,60
28606,6,**
,,
28607,,11070
28607,1,5070
28607,2,2160
28607,3,1250
28607,4,920
28607,5,1280
28607,6,390
,,
28609,,2690
28609,1,970
28609,2,680
28609,3,410
28609,4,270
28609,5,290
28609,6,70
,,
28610,,4530
28610,1,1880
28610,2,1260
28610,3,670
28610,4,370
28610,5,290
28610,6,60
,,
28611,,310
28611,1,110
28611,2,100
28611,3,40
28611,4,30
28611,5,30
28611,6,**
,,
28612,,4620
28612,1,2020
28612,2,1310
28612,3,640
28612,4,350
28612,5,260
28612,6,40
,,
28613,,10530
28613,1,4020
28613,2,3160
28613,3,1470
28613,4,850
28613,5,820
28613,6,210
,,
28615,,710
28615,1,350
28615,2,190
28615,3,100
28615,4,30
28615,5,40
28615,6,**
,,
28617,,830
28617,1,410
28617,2,200
28617,3,110
28617,4,60
28617,5,50
28617,6,**
,,
28618,,1040
28618,1,430
28618,2,260
28618,3,160
28618,4,100
28618,5,90
28618,6,**
,,
28621,,4080
28621,1,1680
28621,2,1140
28621,3,600
28621,4,310
28621,5,280
28621,6,70
,,
28622,,900
28622,1,430
28622,2,270
28622,3,110
28622,4,50
28622,5,40
28622,6,**
,,
28623,,660
28623,1,290
28623,2,190
28623,3,90
28623,4,50
28623,5,40
28623,6,**
,,
28624,,610
28624,1,280
28624,2,170
28624,3,70
28624,4,50
28624,5,40
28624,6,**
,,
28625,,16690
28625,1,6380
28625,2,4650
28625,3,2460
28625,4,1450
28625,5,1430
28625,6,320
,,
28626,,1000
28626,1,360
28626,2,260
28626,3,140
28626,4,110
28626,5,130
28626,6,**
,,
28627,,510
28627,1,250
28627,2,130
28627,3,60
28627,4,40
28627,5,30
28627,6,**
,,
28629,,110
28629,1,40
28629,2,50
28629,3,**
28629,4,20
28629,5,**
28629,6,**
,,
28630,,8260
28630,1,3320
28630,2,2200
28630,3,1210
28630,4,740
28630,5,650
28630,6,140
,,
28631,,250
28631,1,110
28631,2,70
28631,3,30
28631,4,20
28631,5,20
28631,6,**
,,
28634,,2180
28634,1,840
28634,2,730
28634,3,320
28634,4,170
28634,5,120
28634,6,**
,,
28635,,1480
28635,1,690
28635,2,380
28635,3,210
28635,4,120
28635,5,80
28635,6,**
,,
28636,,2170
28636,1,930
28636,2,650
28636,3,310
28636,4,160
28636,5,120
28636,6,**
,,
28637,,1040
28637,1,400
28637,2,310
28637,3,170
28637,4,90
28637,5,70
28637,6,**
,,
28638,,5360
28638,1,2250
28638,2,1550
28638,3,780
28638,4,450
28638,5,300
28638,6,30
,,
28640,,1940
28640,1,820
28640,2,470
28640,3,270
28640,4,180
28640,5,150
28640,6,50
,,
28642,,2210
28642,1,1000
28642,2,640
28642,3,290
28642,4,150
28642,5,130
28642,6,**
,,
28643,,1240
28643,1,570
28643,2,360
28643,3,160
28643,4,90
28643,5,60
28643,6,**
,,
28644,,590
28644,1,240
28644,2,170
28644,3,80
28644,4,50
28644,5,50
28644,6,**
,,
28645,,18160
28645,1,8130
28645,2,5240
28645,3,2330
28645,4,1170
28645,5,1070
28645,6,220
,,
28649,,380
28649,1,170
28649,2,110
28649,3,50
28649,4,30
28649,5,20
28649,6,**
,,
28650,,5690
28650,1,2140
28650,2,1580
28650,3,930
28650,4,540
28650,5,430
28650,6,70
,,
28651,,2620
28651,1,1150
28651,2,680
28651,3,360
28651,4,230
28651,5,170
28651,6,30
,,
28654,,1530
28654,1,640
28654,2,410
28654,3,220
28654,4,120
28654,5,110
28654,6,30
,,
28655,,21090
28655,1,8870
28655,2,6190
28655,3,2690
28655,4,1590
28655,5,1400
28655,6,350
,,
28657,,3390
28657,1,1570
28657,2,900
28657,3,460
28657,4,240
28657,5,190
28657,6,30
,,
28658,,11950
28658,1,4830
28658,2,3460
28658,3,1630
28658,4,880
28658,5,950
28658,6,200
,,
28659,,8220
28659,1,3720
28659,2,2270
28659,3,1070
28659,4,570
28659,5,490
28659,6,100
,,
28660,,970
28660,1,370
28660,2,290
28660,3,130
28660,4,90
28660,5,90
28660,6,**
,,
28663,,250
28663,1,110
28663,2,60
28663,3,40
28663,4,40
28663,5,**
28663,6,**
,,
28665,,1060
28665,1,450
28665,2,280
28665,3,140
28665,4,80
28665,5,90
28665,6,20
,,
28668,,160
28668,1,30
28668,2,50
28668,3,**
28668,4,20
28668,5,60
28668,6,**
,,
28669,,1160
28669,1,500
28669,2,310
28669,3,200
28669,4,90
28669,5,60
28669,6,**
,,
28670,,1100
28670,1,450
28670,2,310
28670,3,160
28670,4,90
28670,5,90
28670,6,**
,,
28673,,2950
28673,1,840
28673,2,570
28673,3,420
28673,4,340
28673,5,530
28673,6,250
,,
28675,,2540
28675,1,1210
28675,2,650
28675,3,320
28675,4,170
28675,5,160
28675,6,30
,,
28676,,1550
28676,1,600
28676,2,390
28676,3,220
28676,4,150
28676,5,150
28676,6,40
,,
28677,,14800
28677,1,6720
28677,2,4010
28677,3,1810
28677,4,980
28677,5,1050
28677,6,230
,,
28678,,2080
28678,1,820
28678,2,590
28678,3,360
28678,4,160
28678,5,130
28678,6,20
,,
28679,,830
28679,1,320
28679,2,220
28679,3,130
28679,4,70
28679,5,90
28679,6,**
,,
28681,,10200
28681,1,4060
28681,2,2820
28681,3,1520
28681,4,900
28681,5,750
28681,6,150
,,
28682,,630
28682,1,170
28682,2,120
28682,3,60
28682,4,60
28682,5,140
28682,6,80
,,
28683,,720
28683,1,340
28683,2,200
28683,3,90
28683,4,50
28683,5,40
28683,6,**
,,
28684,,770
28684,1,310
28684,2,200
28684,3,110
28684,4,60
28684,5,70
28684,6,20
,,
28685,,700
28685,1,310
28685,2,170
28685,3,120
28685,4,50
28685,5,50
28685,6,**
,,
28689,,820
28689,1,310
28689,2,200
28689,3,150
28689,4,80
28689,5,60
28689,6,20
,,
28690,,3840
28690,1,1610
28690,2,1070
28690,3,550
28690,4,300
28690,5,260
28690,6,50
,,
28692,,1790
28692,1,710
28692,2,450
28692,3,290
28692,4,140
28692,5,170
28692,6,30
,,
28693,,580
28693,1,280
28693,2,140
28693,3,90
28693,4,40
28693,5,30
28693,6,**
,,
28694,,3510
28694,1,1550
28694,2,860
28694,3,470
28694,4,270
28694,5,300
28694,6,60
,,
28697,,5280
28697,1,2090
28697,2,1370
28697,3,700
28697,4,390
28697,5,530
28697,6,200
,,
28698,,830
28698,1,340
28698,2,240
28698,3,140
28698,4,60
28698,5,50
28698,6,**
,,
28701,,1830
28701,1,710
28701,2,510
28701,3,270
28701,4,150
28701,5,170
28701,6,20
,,
28702,,190
28702,1,90
28702,2,40
28702,3,30
28702,4,30
28702,5,**
28702,6,**
,,
28704,,10580
28704,1,3650
28704,2,2750
28704,3,1580
28704,4,910
28704,5,1260
28704,6,430
,,
28705,,2360
28705,1,990
28705,2,630
28705,3,390
28705,4,190
28705,5,160
28705,6,**
,,
28708,,210
28708,1,110
28708,2,50
28708,3,20
28708,4,30
28708,5,**
28708,6,**
,,
28709,,950
28709,1,410
28709,2,230
28709,3,140
28709,4,80
28709,5,90
28709,6,**
,,
28711,,6150
28711,1,2350
28711,2,1570
28711,3,860
28711,4,530
28711,5,660
28711,6,180
,,
28712,,8010
28712,1,3140
28712,2,1850
28712,3,1070
28712,4,710
28712,5,950
28712,6,290
,,
28713,,3810
28713,1,1730
28713,2,1040
28713,3,500
28713,4,270
28713,5,230
28713,6,40
,,
28714,,6330
28714,1,2660
28714,2,1730
28714,3,920
28714,4,520
28714,5,410
28714,6,90
,,
28715,,11780
28715,1,4580
28715,2,3000
28715,3,1600
28715,4,1090
28715,5,1180
28715,6,330
,,
28716,,7740
28716,1,3190
28716,2,2000
28716,3,1180
28716,4,680
28716,5,620
28716,6,70
,,
28717,,1180
28717,1,450
28717,2,230
28717,3,160
28717,4,90
28717,5,160
28717,6,90
,,
28718,,290
28718,1,110
28718,2,80
28718,3,40
28718,4,20
28718,5,40
28718,6,**
,,
28719,,4290
28719,1,1980
28719,2,1180
28719,3,560
28719,4,220
28719,5,320
28719,6,30
,,
28721,,4540
28721,1,1790
28721,2,1210
28721,3,640
28721,4,420
28721,5,410
28721,6,70
,,
28722,,2870
28722,1,1080
28722,2,630
28722,3,460
28722,4,280
28722,5,340
28722,6,80
,,
28723,,2920
28723,1,1450
28723,2,620
28723,3,350
28723,4,220
28723,5,230
28723,6,50
,,
28726,,1480
28726,1,730
28726,2,450
28726,3,180
28726,4,70
28726,5,50
28726,6,**
,,
28729,,1780
28729,1,650
28729,2,430
28729,3,280
28729,4,200
28729,5,200
28729,6,20
,,
28730,,4460
28730,1,1600
28730,2,990
28730,3,610
28730,4,420
28730,5,580
28730,6,260
,,
28731,,4070
28731,1,1370
28731,2,940
28731,3,570
28731,4,400
28731,5,560
28731,6,230
,,
28732,,8520
28732,1,2710
28732,2,2030
28732,3,1270
28732,4,970
28732,5,1190
28732,6,350
,,
28734,,11260
28734,1,5250
28734,2,2840
28734,3,1400
28734,4,860
28734,5,750
28734,6,160
,,
28735,,140
28735,1,50
28735,2,40
28735,3,30
28735,4,**
28735,5,20
28735,6,**
,,
28736,,280
28736,1,100
28736,2,70
28736,3,40
28736,4,30
28736,5,40
28736,6,**
,,
28739,,9220
28739,1,3230
28739,2,2120
28739,3,1330
28739,4,900
28739,5,1270
28739,6,370
,,
28740,,870
28740,1,310
28740,2,280
28740,3,160
28740,4,70
28740,5,50
28740,6,**
,,
28741,,1740
28741,1,610
28741,2,360
28741,3,230
28741,4,140
28741,5,240
28741,6,160
,,
28742,,1460
28742,1,560
28742,2,320
28742,3,210
28742,4,150
28742,5,190
28742,6,30
,,
28743,,800
28743,1,380
28743,2,210
28743,3,100
28743,4,50
28743,5,60
28743,6,**
,,
28745,,700
28745,1,230
28745,2,150
28745,3,110
28745,4,80
28745,5,110
28745,6,20
,,
28746,,1140
28746,1,390
28746,2,240
28746,3,180
28746,4,100
28746,5,160
28746,6,70
,,
28747,,810
28747,1,400
28747,2,190
28747,3,90
28747,4,50
28747,5,50
28747,6,30
,,
28748,,5470
28748,1,2250
28748,2,1470
28748,3,790
28748,4,470
28748,5,420
28748,6,70
,,
28751,,1780
28751,1,750
28751,2,440
28751,3,250
28751,4,150
28751,5,160
28751,6,30
,,
28752,,12050
28752,1,5050
28752,2,3630
28752,3,1670
28752,4,910
28752,5,670
28752,6,120
,,
28753,,4600
28753,1,2000
28753,2,1280
28753,3,630
28753,4,360
28753,5,270
28753,6,60
,,
28754,,3350
28754,1,1360
28754,2,850
28754,3,490
28754,4,310
28754,5,290
28754,6,50
,,
28756,,1720
28756,1,760
28756,2,430
28756,3,250
28756,4,110
28756,5,120
28756,6,50
,,
28759,,3380
28759,1,1090
28759,2,720
28759,3,530
28759,4,370
28759,5,520
28759,6,150
,,
28761,,3250
28761,1,1300
28761,2,900
28761,3,450
28761,4,260
28761,5,260
28761,6,80
,,
28762,,3030
28762,1,1270
28762,2,920
28762,3,430
28762,4,220
28762,5,190
28762,6,**
,,
28763,,1130
28763,1,490
28763,2,320
28763,3,160
28763,4,80
28763,5,80
28763,6,**
,,
28766,,700
28766,1,250
28766,2,190
28766,3,130
28766,4,70
28766,5,60
28766,6,**
,,
28768,,3040
28768,1,1160
28768,2,730
28768,3,480
28768,4,270
28768,5,340
28768,6,60
,,
28771,,3230
28771,1,1490
28771,2,900
28771,3,440
28771,4,220
28771,5,160
28771,6,20
,,
28772,,830
28772,1,410
28772,2,230
28772,3,90
28772,4,50
28772,5,50
28772,6,**
,,
28773,,1480
28773,1,580
28773,2,360
28773,3,190
28773,4,130
28773,5,170
28773,6,50
,,
28774,,480
28774,1,160
28774,2,110
28774,3,60
28774,4,40
28774,5,70
28774,6,40
,,
28775,,250
28775,1,100
28775,2,50
28775,3,40
28775,4,20
28775,5,40
28775,6,**
,,
28777,,3640
28777,1,1580
28777,2,970
28777,3,500
28777,4,300
28777,5,250
28777,6,40
,,
28778,,4710
28778,1,1920
28778,2,1350
28778,3,700
28778,4,400
28778,5,300
28778,6,40
,,
28779,,6550
28779,1,2790
28779,2,1660
28779,3,960
28779,4,520
28779,5,510
28779,6,110
,,
28781,,330
28781,1,150
28781,2,90
28781,3,40
28781,4,30
28781,5,20
28781,6,**
,,
28782,,2730
28782,1,1020
28782,2,600
28782,3,400
28782,4,260
28782,5,320
28782,6,130
,,
28783,,530
28783,1,240
28783,2,160
28783,3,60
28783,4,40
28783,5,30
28783,6,**
,,
28785,,3320
28785,1,1350
28785,2,780
28785,3,460
28785,4,290
28785,5,350
28785,6,90
,,
28786,,9110
28786,1,3810
28786,2,2250
28786,3,1270
28786,4,720
28786,5,830
28786,6,230
,,
28787,,10020
28787,1,3630
28787,2,2510
28787,3,1510
28787,4,950
28787,5,1160
28787,6,260
,,
28789,,2620
28789,1,1190
28789,2,700
28789,3,350
28789,4,200
28789,5,160
28789,6,20
,,
28790,,1300
28790,1,480
28790,2,350
28790,3,190
28790,4,120
28790,5,130
28790,6,30
,,
28791,,6640
28791,1,2290
28791,2,1580
28791,3,960
28791,4,730
28791,5,900
28791,6,180
,,
28792,,14070
28792,1,5980
28792,2,3750
28792,3,1960
28792,4,1140
28792,5,1050
28792,6,190
,,
28801,,6780
28801,1,3220
28801,2,1630
28801,3,680
28801,4,390
28801,5,540
28801,6,320
,,
28803,,15560
28803,1,5490
28803,2,3830
28803,3,1970
28803,4,1220
28803,5,1900
28803,6,1150
,,
28804,,10320
28804,1,3690
28804,2,2190
28804,3,1240
28804,4,900
28804,5,1480
28804,6,820
,,
28805,,9100
28805,1,3520
28805,2,2270
28805,3,1240
28805,4,800
28805,5,960
28805,6,310
,,
28806,,20270
28806,1,8920
28806,2,5950
28806,3,2450
28806,4,1290
28806,5,1370
28806,6,290
,,
28901,,2000
28901,1,960
28901,2,550
28901,3,240
28901,4,120
28901,5,130
28901,6,**
,,
28902,,590
28902,1,240
28902,2,160
28902,3,80
28902,4,50
28902,5,60
28902,6,**
,,
28904,,3570
28904,1,1520
28904,2,910
28904,3,460
28904,4,300
28904,5,310
28904,6,70
,,
28905,,1190
28905,1,560
28905,2,330
28905,3,150
28905,4,80
28905,5,70
28905,6,**
,,
28906,,7810
28906,1,3510
28906,2,2040
28906,3,1040
28906,4,600
28906,5,520
28906,6,100
,,
28909,,420
28909,1,200
28909,2,110
28909,3,60
28909,4,30
28909,5,20
28909,6,**
