43001,,1310
43001,1,380
43001,2,250
43001,3,220
43001,4,160
43001,5,240
43001,6,60
,,
43003,,1340
43003,1,490
43003,2,360
43003,3,210
43003,4,140
43003,5,140
43003,6,**
,,
43004,,13350
43004,1,3500
43004,2,3330
43004,3,2350
43004,4,1540
43004,5,1880
43004,6,750
,,
43006,,300
43006,1,130
43006,2,100
43006,3,40
43006,4,30
43006,5,**
43006,6,**
,,
43009,,900
43009,1,270
43009,2,220
43009,3,160
43009,4,120
43009,5,130
43009,6,**
,,
43011,,3560
43011,1,1090
43011,2,820
43011,3,610
43011,4,470
43011,5,490
43011,6,80
,,
43013,,570
43013,1,180
43013,2,140
43013,3,90
43013,4,70
43013,5,90
43013,6,**
,,
43014,,1520
43014,1,590
43014,2,490
43014,3,220
43014,4,110
43014,5,110
43014,6,**
,,
43015,,25020
43015,1,7210
43015,2,5490
43015,3,3770
43015,4,2870
43015,5,4420
43015,6,1260
,,
43016,,21000
43016,1,4620
43016,2,3940
43016,3,3410
43016,4,2580
43016,5,4420
43016,6,2030
,,
43017,,19750
43017,1,4960
43017,2,2990
43017,3,2320
43017,4,2010
43017,5,4300
43017,6,3170
,,
43019,,4040
43019,1,1360
43019,2,1170
43019,3,720
43019,4,370
43019,5,360
43019,6,60
,,
43021,,5950
43021,1,1390
43021,2,610
43021,3,640
43021,4,630
43021,5,1670
43021,6,1010
,,
43022,,1180
43022,1,390
43022,2,230
43022,3,220
43022,4,110
43022,5,180
43022,6,50
,,
43023,,5740
43023,1,1450
43023,2,760
43023,3,730
43023,4,700
43023,5,1360
43023,6,740
,,
43025,,2820
43025,1,900
43025,2,700
43025,3,470
43025,4,300
43025,5,370
43025,6,80
,,
43026,,30320
43026,1,8310
43026,2,6580
43026,3,4690
43026,4,3560
43026,5,5820
43026,6,1360
,,
43028,,3450
43028,1,1030
43028,2,990
43028,3,610
43028,4,390
43028,5,370
43028,6,60
,,
43029,,270
43029,1,80
43029,2,80
43029,3,50
43029,4,30
43029,5,30
43029,6,**
,,
43031,,6380
43031,1,1880
43031,2,1450
43031,3,1050
43031,4,800
43031,5,1020
43031,6,180
,,
43035,,13530
43035,1,3100
43035,2,1880
43035,3,1690
43035,4,1750
43035,5,3840
43035,6,1270
,,
43037,,180
43037,1,90
43037,2,50
43037,3,20
43037,4,20
43037,5,**
43037,6,0
,,
43040,,15410
43040,1,4340
43040,2,3240
43040,3,2630
43040,4,1990
43040,5,2830
43040,6,380
,,
43044,,2460
43044,1,770
43044,2,660
43044,3,480
43044,4,250
43044,5,260
43044,6,40
,,
43045,,940
43045,1,260
43045,2,220
43045,3,170
43045,4,110
43045,5,150
43045,6,30
,,
43046,,1590
43046,1,500
43046,2,400
43046,3,240
43046,4,170
43046,5,220
43046,6,60
,,
43050,,13140
43050,1,5150
43050,2,3650
43050,3,1940
43050,4,1110
43050,5,1050
43050,6,240
,,
43054,,12390
43054,1,2590
43054,2,2020
43054,3,1730
43054,4,1230
43054,5,2560
43054,6,2260
,,
43055,,28060
43055,1,11400
43055,2,7700
43055,3,4120
43055,4,2350
43055,5,2180
43055,6,310
,,
43056,,8650
43056,1,3030
43056,2,2270
43056,3,1420
43056,4,910
43056,5,910
43056,6,110
,,
43060,,1240
43060,1,410
43060,2,370
43060,3,220
43060,4,120
43060,5,120
43060,6,**
,,
43061,,2130
43061,1,540
43061,2,380
43061,3,330
43061,4,300
43061,5,470
43061,6,110
,,
43062,,14470
43062,1,4050
43062,2,3270
43062,3,2510
43062,4,1910
43062,5,2390
43062,6,340
,,
43064,,6780
43064,1,1840
43064,2,1190
43064,3,970
43064,4,780
43064,5,1490
43064,6,510
,,
43065,,20350
43065,1,4810
43065,2,2470
43065,3,2390
43065,4,2260
43065,5,5160
43065,6,3260
,,
43066,,620
43066,1,160
43066,2,140
43066,3,110
43066,4,80
43066,5,130
43066,6,**
,,
43067,,780
43067,1,270
43067,2,160
43067,3,130
43067,4,90
43067,5,130
43067,6,**
,,
43068,,28250
43068,1,9900
43068,2,8750
43068,3,4350
43068,4,2470
43068,5,2530
43068,6,250
,,
43071,,1100
43071,1,380
43071,2,270
43071,3,190
43071,4,130
43071,5,130
43071,6,**
,,
43072,,2620
43072,1,830
43072,2,710
43072,3,460
43072,4,290
43072,5,300
43072,6,30
,,
43074,,6350
43074,1,1680
43074,2,1250
43074,3,1000
43074,4,860
43074,5,1230
43074,6,330
,,
43076,,4360
43076,1,1330
43076,2,1090
43076,3,800
43076,4,510
43076,5,520
43076,6,110
,,
43078,,9640
43078,1,3560
43078,2,2770
43078,3,1530
43078,4,880
43078,5,790
43078,6,110
,,
43080,,2440
43080,1,840
43080,2,680
43080,3,410
43080,4,260
43080,5,220
43080,6,30
,,
43081,,31500
43081,1,8630
43081,2,7450
43081,3,5470
43081,4,3840
43081,5,5160
43081,6,950
,,
43082,,15690
43082,1,3660
43082,2,1890
43082,3,1800
43082,4,1790
43082,5,4320
43082,6,2230
,,
43084,,410
43084,1,130
43084,2,120
43084,3,70
43084,4,50
43084,5,40
43084,6,**
,,
43085,,13030
43085,1,3210
43085,2,2670
43085,3,2040
43085,4,1490
43085,5,2680
43085,6,940
,,
43102,,2140
43102,1,700
43102,2,540
43102,3,370
43102,4,250
43102,5,250
43102,6,30
,,
43103,,5460
43103,1,1720
43103,2,1400
43103,3,910
43103,4,650
43103,5,700
43103,6,80
,,
43105,,4130
43105,1,1240
43105,2,900
43105,3,740
43105,4,490
43105,5,650
43105,6,110
,,
43106,,730
43106,1,270
43106,2,260
43106,3,100
43106,4,50
43106,5,50
43106,6,**
,,
43107,,1480
43107,1,520
43107,2,410
43107,3,260
43107,4,140
43107,5,130
43107,6,20
,,
43110,,18690
43110,1,5990
43110,2,5190
43110,3,3040
43110,4,1850
43110,5,2230
43110,6,390
,,
43112,,2390
43112,1,640
43112,2,520
43112,3,400
43112,4,290
43112,5,440
43112,6,100
,,
43113,,10800
43113,1,3920
43113,2,2780
43113,3,1730
43113,4,1090
43113,5,1090
43113,6,190
,,
43115,,560
43115,1,200
43115,2,170
43115,3,80
43115,4,60
43115,5,50
43115,6,**
,,
43116,,960
43116,1,210
43116,2,230
43116,3,170
43116,4,160
43116,5,170
43116,6,20
,,
43119,,14520
43119,1,4570
43119,2,4220
43119,3,2460
43119,4,1530
43119,5,1560
43119,6,180
,,
43123,,32560
43123,1,9610
43123,2,8370
43123,3,5570
43123,4,3790
43123,5,4520
43123,6,700
,,
43125,,7030
43125,1,2220
43125,2,2160
43125,3,1260
43125,4,710
43125,5,620
43125,6,60
,,
43128,,1080
43128,1,470
43128,2,320
43128,3,130
43128,4,80
43128,5,80
43128,6,**
,,
43130,,26940
43130,1,10280
43130,2,7100
43130,3,4080
43130,4,2510
43130,5,2500
43130,6,470
,,
43135,,1860
43135,1,710
43135,2,500
43135,3,310
43135,4,180
43135,5,160
43135,6,**
,,
43136,,830
43136,1,200
43136,2,180
43136,3,180
43136,4,130
43136,5,140
43136,6,**
,,
43137,,1180
43137,1,430
43137,2,320
43137,3,170
43137,4,110
43137,5,150
43137,6,**
,,
43138,,7940
43138,1,3240
43138,2,2260
43138,3,1180
43138,4,650
43138,5,530
43138,6,80
,,
43140,,9490
43140,1,3190
43140,2,2520
43140,3,1500
43140,4,950
43140,5,1130
43140,6,200
,,
43143,,2730
43143,1,860
43143,2,790
43143,3,500
43143,4,280
43143,5,250
43143,6,50
,,
43145,,860
43145,1,290
43145,2,270
43145,3,130
43145,4,80
43145,5,90
43145,6,**
,,
43146,,4390
43146,1,1180
43146,2,1080
43146,3,810
43146,4,570
43146,5,650
43146,6,100
,,
43147,,20350
43147,1,5580
43147,2,3720
43147,3,3110
43147,4,2690
43147,5,4340
43147,6,910
,,
43148,,980
43148,1,330
43148,2,250
43148,3,170
43148,4,110
43148,5,120
43148,6,**
,,
43149,,1160
43149,1,390
43149,2,310
43149,3,210
43149,4,120
43149,5,130
43149,6,**
,,
43150,,1060
43150,1,360
43150,2,270
43150,3,170
43150,4,110
43150,5,150
43150,6,**
,,
43152,,390
43152,1,170
43152,2,110
43152,3,50
43152,4,60
43152,5,**
43152,6,**
,,
43153,,420
43153,1,160
43153,2,130
43153,3,50
43153,4,40
43153,5,40
43153,6,**
,,
43154,,1450
43154,1,440
43154,2,390
43154,3,260
43154,4,190
43154,5,150
43154,6,20
,,
43155,,1190
43155,1,370
43155,2,290
43155,3,210
43155,4,140
43155,5,160
43155,6,20
,,
43160,,10240
43160,1,4240
43160,2,3130
43160,3,1420
43160,4,730
43160,5,600
43160,6,120
,,
43162,,3490
43162,1,1140
43162,2,980
43162,3,600
43162,4,360
43162,5,340
43162,6,70
,,
43164,,1070
43164,1,370
43164,2,300
43164,3,180
43164,4,120
43164,5,100
43164,6,**
,,
43201,,12260
43201,1,6140
43201,2,3010
43201,3,1350
43201,4,620
43201,5,820
43201,6,320
,,
43202,,10210
43202,1,4030
43202,2,3080
43202,3,1370
43202,4,810
43202,5,800
43202,6,120
,,
43203,,3450
43203,1,1910
43203,2,1000
43203,3,270
43203,4,130
43203,5,110
43203,6,30
,,
43204,,19260
43204,1,8620
43204,2,5990
43204,3,2580
43204,4,1120
43204,5,820
43204,6,130
,,
43205,,5640
43205,1,2880
43205,2,1680
43205,3,540
43205,4,260
43205,5,230
43205,6,50
,,
43206,,11620
43206,1,4450
43206,2,3380
43206,3,1570
43206,4,770
43206,5,1030
43206,6,420
,,
43207,,21320
43207,1,9520
43207,2,7130
43207,3,2750
43207,4,1170
43207,5,710
43207,6,40
,,
43209,,13160
43209,1,4110
43209,2,2960
43209,3,1800
43209,4,1150
43209,5,1900
43209,6,1240
,,
43210,,510
43210,1,390
43210,2,80
43210,3,20
43210,4,20
43210,5,**
43210,6,**
,,
43211,,8970
43211,1,5810
43211,2,2440
43211,3,550
43211,4,120
43211,5,50
43211,6,**
,,
43212,,12340
43212,1,2820
43212,2,3660
43212,3,2370
43212,4,1070
43212,5,1560
43212,6,860
,,
43213,,16840
43213,1,7590
43213,2,5430
43213,3,1900
43213,4,960
43213,5,810
43213,6,150
,,
43214,,14800
43214,1,3720
43214,2,3470
43214,3,2520
43214,4,1830
43214,5,2580
43214,6,680
,,
43215,,9310
43215,1,2050
43215,2,2490
43215,3,2010
43215,4,990
43215,5,1140
43215,6,630
,,
43217,,1040
43217,1,480
43217,2,440
43217,3,100
43217,4,20
43217,5,**
43217,6,**
,,
43219,,13170
43219,1,6610
43219,2,3890
43219,3,1500
43219,4,610
43219,5,490
43219,6,70
,,
43220,,14360
43220,1,4190
43220,2,3290
43220,3,2000
43220,4,1230
43220,5,2220
43220,6,1430
,,
43221,,17340
43221,1,3840
43221,2,3120
43221,3,2650
43221,4,1970
43221,5,3630
43221,6,2130
,,
43222,,1600
43222,1,1070
43222,2,410
43222,3,80
43222,4,40
43222,5,**
43222,6,**
,,
43223,,10540
43223,1,5690
43223,2,3220
43223,3,1050
43223,4,380
43223,5,200
43223,6,**
,,
43224,,20480
43224,1,10470
43224,2,6720
43224,3,2060
43224,4,750
43224,5,450
43224,6,30
,,
43227,,11670
43227,1,5940
43227,2,3930
43227,3,1170
43227,4,390
43227,5,240
43227,6,**
,,
43228,,26160
43228,1,11200
43228,2,8200
43228,3,3410
43228,4,1750
43228,5,1490
43228,6,110
,,
43229,,25660
43229,1,11610
43229,2,8700
43229,3,3020
43229,4,1280
43229,5,970
43229,6,80
,,
43230,,29690
43230,1,8000
43230,2,7540
43230,3,5140
43230,4,3530
43230,5,4580
43230,6,900
,,
43231,,10550
43231,1,4430
43231,2,3330
43231,3,1390
43231,4,770
43231,5,590
43231,6,40
,,
43232,,21480
43232,1,10180
43232,2,7410
43232,3,2380
43232,4,950
43232,5,520
43232,6,40
,,
43235,,22600
43235,1,6100
43235,2,5500
43235,3,3550
43235,4,2440
43235,5,3620
43235,6,1390
,,
43240,,2950
43240,1,670
43240,2,660
43240,3,620
43240,4,490
43240,5,470
43240,6,40
,,
43302,,21810
43302,1,8880
43302,2,6670
43302,3,3000
43302,4,1600
43302,5,1410
43302,6,250
,,
43310,,1570
43310,1,450
43310,2,460
43310,3,300
43310,4,180
43310,5,150
43310,6,30
,,
43311,,9500
43311,1,3460
43311,2,2690
43311,3,1550
43311,4,850
43311,5,820
43311,6,130
,,
43314,,1370
43314,1,440
43314,2,410
43314,3,240
43314,4,150
43314,5,130
43314,6,**
,,
43315,,3260
43315,1,1110
43315,2,970
43315,3,510
43315,4,330
43315,5,300
43315,6,40
,,
43316,,2970
43316,1,930
43316,2,980
43316,3,530
43316,4,260
43316,5,240
43316,6,30
,,
43318,,1600
43318,1,520
43318,2,480
43318,3,290
43318,4,180
43318,5,130
43318,6,**
,,
43319,,530
43319,1,120
43319,2,130
43319,3,110
43319,4,70
43319,5,100
43319,6,**
,,
43320,,680
43320,1,250
43320,2,180
43320,3,130
43320,4,70
43320,5,50
43320,6,**
,,
43321,,130
43321,1,50
43321,2,40
43321,3,40
43321,4,**
43321,5,**
43321,6,**
,,
43323,,320
43323,1,110
43323,2,80
43323,3,50
43323,4,40
43323,5,40
43323,6,**
,,
43324,,1420
43324,1,430
43324,2,330
43324,3,230
43324,4,180
43324,5,210
43324,6,40
,,
43326,,5750
43326,1,2230
43326,2,1740
43326,3,880
43326,4,460
43326,5,390
43326,6,50
,,
43331,,2110
43331,1,850
43331,2,620
43331,3,320
43331,4,170
43331,5,130
43331,6,20
,,
43332,,930
43332,1,340
43332,2,250
43332,3,140
43332,4,100
43332,5,100
43332,6,**
,,
43333,,390
43333,1,140
43333,2,100
43333,3,70
43333,4,40
43333,5,40
43333,6,**
,,
43334,,2980
43334,1,980
43334,2,790
43334,3,530
43334,4,320
43334,5,330
43334,6,30
,,
43337,,510
43337,1,160
43337,2,140
43337,3,90
43337,4,60
43337,5,60
43337,6,**
,,
43338,,4650
43338,1,1620
43338,2,1320
43338,3,770
43338,4,460
43338,5,420
43338,6,60
,,
43340,,660
43340,1,220
43340,2,200
43340,3,110
43340,4,70
43340,5,60
43340,6,**
,,
43341,,430
43341,1,150
43341,2,130
43341,3,60
43341,4,50
43341,5,40
43341,6,**
,,
43342,,1640
43342,1,460
43342,2,450
43342,3,290
43342,4,200
43342,5,210
43342,6,30
,,
43343,,620
43343,1,220
43343,2,200
43343,3,90
43343,4,60
43343,5,50
43343,6,**
,,
43344,,2720
43344,1,890
43344,2,740
43344,3,460
43344,4,310
43344,5,290
43344,6,30
,,
43345,,410
43345,1,120
43345,2,120
43345,3,80
43345,4,50
43345,5,40
43345,6,**
,,
43347,,680
43347,1,220
43347,2,200
43347,3,130
43347,4,70
43347,5,60
43347,6,**
,,
43348,,960
43348,1,390
43348,2,260
43348,3,160
43348,4,70
43348,5,80
43348,6,**
,,
43351,,5080
43351,1,1750
43351,2,1570
43351,3,790
43351,4,480
43351,5,410
43351,6,80
,,
43356,,580
43356,1,150
43356,2,160
43356,3,100
43356,4,70
43356,5,100
43356,6,**
,,
43357,,2300
43357,1,720
43357,2,560
43357,3,420
43357,4,280
43357,5,280
43357,6,40
,,
43358,,1200
43358,1,380
43358,2,330
43358,3,200
43358,4,160
43358,5,130
43358,6,**
,,
43359,,370
43359,1,120
43359,2,130
43359,3,60
43359,4,40
43359,5,20
43359,6,**
,,
43360,,870
43360,1,250
43360,2,230
43360,3,140
43360,4,100
43360,5,150
43360,6,**
,,
43402,,14060
43402,1,5530
43402,2,3240
43402,3,1860
43402,4,1320
43402,5,1750
43402,6,360
,,
43406,,820
43406,1,310
43406,2,250
43406,3,120
43406,4,80
43406,5,60
43406,6,**
,,
43407,,300
43407,1,90
43407,2,100
43407,3,50
43407,4,30
43407,5,30
43407,6,**
,,
43410,,5110
43410,1,1820
43410,2,1560
43410,3,820
43410,4,510
43410,5,360
43410,6,40
,,
43412,,2210
43412,1,640
43412,2,470
43412,3,360
43412,4,290
43412,5,400
43412,6,50
,,
43413,,700
43413,1,230
43413,2,210
43413,3,100
43413,4,90
43413,5,70
43413,6,**
,,
43416,,1420
43416,1,420
43416,2,330
43416,3,260
43416,4,180
43416,5,190
43416,6,40
,,
43420,,15160
43420,1,5720
43420,2,4590
43420,3,2310
43420,4,1290
43420,5,1080
43420,6,170
,,
43430,,2410
43430,1,760
43430,2,640
43430,3,450
43430,4,280
43430,5,250
43430,6,30
,,
43431,,2290
43431,1,770
43431,2,600
43431,3,420
43431,4,240
43431,5,260
43431,6,**
,,
43432,,750
43432,1,240
43432,2,150
43432,3,130
43432,4,100
43432,5,130
43432,6,**
,,
43435,,740
43435,1,240
43435,2,220
43435,3,140
43435,4,80
43435,5,60
43435,6,**
,,
43440,,2600
43440,1,890
43440,2,610
43440,3,410
43440,4,280
43440,5,320
43440,6,90
,,
43442,,530
43442,1,180
43442,2,140
43442,3,100
43442,4,60
43442,5,50
43442,6,**
,,
43443,,930
43443,1,270
43443,2,230
43443,3,160
43443,4,130
43443,5,140
43443,6,**
,,
43445,,620
43445,1,210
43445,2,120
43445,3,100
43445,4,80
43445,5,110
43445,6,**
,,
43447,,1810
43447,1,540
43447,2,450
43447,3,330
43447,4,230
43447,5,230
43447,6,30
,,
43449,,4160
43449,1,1350
43449,2,980
43449,3,730
43449,4,530
43449,5,510
43449,6,60
,,
43450,,1840
43450,1,560
43450,2,450
43450,3,310
43450,4,240
43450,5,250
43450,6,30
,,
43451,,560
43451,1,180
43451,2,160
43451,3,110
43451,4,60
43451,5,50
43451,6,**
,,
43452,,7210
43452,1,2770
43452,2,1780
43452,3,1060
43452,4,640
43452,5,760
43452,6,200
,,
43457,,750
43457,1,270
43457,2,240
43457,3,120
43457,4,70
43457,5,50
43457,6,**
,,
43460,,3340
43460,1,1120
43460,2,890
43460,3,550
43460,4,380
43460,5,350
43460,6,50
,,
43462,,540
43462,1,180
43462,2,170
43462,3,90
43462,4,50
43462,5,50
43462,6,**
,,
43464,,690
43464,1,260
43464,2,210
43464,3,120
43464,4,50
43464,5,50
43464,6,**
,,
43465,,2840
43465,1,1020
43465,2,810
43465,3,470
43465,4,250
43465,5,270
43465,6,20
,,
43466,,1000
43466,1,300
43466,2,280
43466,3,200
43466,4,100
43466,5,120
43466,6,**
,,
43469,,1600
43469,1,470
43469,2,410
43469,3,280
43469,4,200
43469,5,220
43469,6,20
,,
43501,,350
43501,1,130
43501,2,110
43501,3,50
43501,4,30
43501,5,30
43501,6,**
,,
43502,,3570
43502,1,1170
43502,2,950
43502,3,590
43502,4,390
43502,5,380
43502,6,90
,,
43504,,540
43504,1,150
43504,2,110
43504,3,90
43504,4,70
43504,5,90
43504,6,30
,,
43506,,7530
43506,1,2760
43506,2,2400
43506,3,1070
43506,4,620
43506,5,540
43506,6,140
,,
43511,,410
43511,1,120
43511,2,110
43511,3,90
43511,4,40
43511,5,50
43511,6,**
,,
43512,,13850
43512,1,4870
43512,2,3910
43512,3,2170
43512,4,1350
43512,5,1340
43512,6,210
,,
43515,,3920
43515,1,1320
43515,2,1100
43515,3,670
43515,4,400
43515,5,380
43515,6,50
,,
43516,,1390
43516,1,460
43516,2,410
43516,3,250
43516,4,150
43516,5,120
43516,6,**
,,
43517,,1730
43517,1,560
43517,2,560
43517,3,270
43517,4,180
43517,5,140
43517,6,20
,,
43518,,1180
43518,1,370
43518,2,390
43518,3,200
43518,4,120
43518,5,100
43518,6,**
,,
43521,,1330
43521,1,450
43521,2,460
43521,3,200
43521,4,130
43521,5,90
43521,6,**
,,
43522,,1650
43522,1,510
43522,2,420
43522,3,270
43522,4,190
43522,5,230
43522,6,30
,,
43524,,620
43524,1,190
43524,2,150
43524,3,120
43524,4,80
43524,5,80
43524,6,**
,,
43525,,540
43525,1,140
43525,2,100
43525,3,110
43525,4,100
43525,5,90
43525,6,**
,,
43526,,2850
43526,1,1000
43526,2,910
43526,3,450
43526,4,270
43526,5,190
43526,6,30
,,
43527,,1090
43527,1,330
43527,2,310
43527,3,210
43527,4,110
43527,5,130
43527,6,**
,,
43528,,8280
43528,1,2630
43528,2,1820
43528,3,1230
43528,4,790
43528,5,1350
43528,6,460
,,
43532,,1920
43532,1,670
43532,2,500
43532,3,320
43532,4,200
43532,5,210
43532,6,20
,,
43533,,770
43533,1,240
43533,2,210
43533,3,140
43533,4,90
43533,5,90
43533,6,**
,,
43534,,820
43534,1,290
43534,2,230
43534,3,130
43534,4,90
43534,5,80
43534,6,**
,,
43535,,390
43535,1,130
43535,2,100
43535,3,70
43535,4,40
43535,5,50
43535,6,**
,,
43536,,190
43536,1,60
43536,2,60
43536,3,30
43536,4,40
43536,5,**
43536,6,**
,,
43537,,15090
43537,1,4380
43537,2,3450
43537,3,2430
43537,4,1670
43537,5,2340
43537,6,820
,,
43540,,690
43540,1,210
43540,2,160
43540,3,120
43540,4,90
43540,5,110
43540,6,**
,,
43542,,1910
43542,1,500
43542,2,260
43542,3,250
43542,4,220
43542,5,450
43542,6,230
,,
43543,,3650
43543,1,1350
43543,2,1220
43543,3,530
43543,4,290
43543,5,230
43543,6,30
,,
43545,,7130
43545,1,2450
43545,2,1870
43545,3,1200
43545,4,740
43545,5,740
43545,6,130
,,
43548,,360
43548,1,100
43548,2,90
43548,3,80
43548,4,50
43548,5,40
43548,6,**
,,
43549,,680
43549,1,220
43549,2,210
43549,3,110
43549,4,80
43549,5,60
43549,6,**
,,
43551,,20170
43551,1,5520
43551,2,4000
43551,3,3110
43551,4,2300
43551,5,3910
43551,6,1330
,,
43554,,1240
43554,1,420
43554,2,400
43554,3,220
43554,4,110
43554,5,90
43554,6,**
,,
43556,,860
43556,1,280
43556,2,290
43556,3,150
43556,4,80
43556,5,60
43556,6,**
,,
43557,,1330
43557,1,430
43557,2,440
43557,3,220
43557,4,140
43557,5,100
43557,6,**
,,
43558,,6670
43558,1,2190
43558,2,1640
43558,3,1130
43558,4,770
43558,5,830
43558,6,110
,,
43560,,16370
43560,1,4840
43560,2,2930
43560,3,2360
43560,4,1790
43560,5,3150
43560,6,1300
,,
43566,,3930
43566,1,1060
43566,2,710
43566,3,650
43566,4,530
43566,5,810
43566,6,170
,,
43567,,6330
43567,1,2150
43567,2,1860
43567,3,1050
43567,4,610
43567,5,570
43567,6,90
,,
43569,,1250
43569,1,450
43569,2,380
43569,3,210
43569,4,110
43569,5,100
43569,6,**
,,
43570,,1560
43570,1,540
43570,2,510
43570,3,240
43570,4,150
43570,5,120
43570,6,**
,,
43571,,3690
43571,1,1030
43571,2,630
43571,3,620
43571,4,450
43571,5,750
43571,6,210
,,
43604,,2870
43604,1,1840
43604,2,570
43604,3,230
43604,4,100
43604,5,100
43604,6,30
,,
43605,,9830
43605,1,5730
43605,2,2780
43605,3,860
43605,4,290
43605,5,170
43605,6,**
,,
43606,,10310
43606,1,4030
43606,2,2510
43606,3,1480
43606,4,810
43606,5,1110
43606,6,370
,,
43607,,8350
43607,1,4800
43607,2,2280
43607,3,720
43607,4,310
43607,5,220
43607,6,20
,,
43608,,4990
43608,1,3070
43608,2,1330
43608,3,400
43608,4,130
43608,5,60
43608,6,**
,,
43609,,8290
43609,1,4730
43609,2,2390
43609,3,740
43609,4,280
43609,5,150
43609,6,**
,,
43610,,1840
43610,1,1080
43610,2,480
43610,3,150
43610,4,80
43610,5,50
43610,6,**
,,
43611,,8830
43611,1,3430
43611,2,2550
43611,3,1370
43611,4,780
43611,5,650
43611,6,50
,,
43612,,13240
43612,1,5930
43612,2,4240
43612,3,1790
43612,4,780
43612,5,480
43612,6,20
,,
43613,,15690
43613,1,6150
43613,2,4720
43613,3,2470
43613,4,1290
43613,5,1000
43613,6,60
,,
43614,,15020
43614,1,5340
43614,2,4260
43614,3,2560
43614,4,1410
43614,5,1270
43614,6,180
,,
43615,,19030
43615,1,7750
43615,2,5500
43615,3,2730
43615,4,1330
43615,5,1250
43615,6,470
,,
43616,,10400
43616,1,3430
43616,2,2640
43616,3,1660
43616,4,1140
43616,5,1360
43616,6,170
,,
43617,,3730
43617,1,1020
43617,2,660
43617,3,550
43617,4,430
43617,5,750
43617,6,320
,,
43619,,3780
43619,1,1240
43619,2,980
43619,3,630
43619,4,420
43619,5,460
43619,6,50
,,
43620,,1900
43620,1,1020
43620,2,540
43620,3,180
43620,4,70
43620,5,90
43620,6,**
,,
43623,,10190
43623,1,3580
43623,2,2790
43623,3,1560
43623,4,860
43623,5,1060
43623,6,340
,,
43701,,24880
43701,1,10700
43701,2,6680
43701,3,3490
43701,4,1950
43701,5,1700
43701,6,360
,,
43713,,3230
43713,1,1240
43713,2,870
43713,3,500
43713,4,330
43713,5,240
43713,6,50
,,
43716,,810
43716,1,300
43716,2,190
43716,3,130
43716,4,70
43716,5,80
43716,6,40
,,
43718,,1530
43718,1,500
43718,2,380
43718,3,240
43718,4,160
43718,5,190
43718,6,60
,,
43719,,1070
43719,1,420
43719,2,270
43719,3,160
43719,4,90
43719,5,110
43719,6,20
,,
43720,,570
43720,1,220
43720,2,170
43720,3,90
43720,4,40
43720,5,50
43720,6,**
,,
43723,,2260
43723,1,1010
43723,2,690
43723,3,280
43723,4,160
43723,5,120
43723,6,**
,,
43724,,2870
43724,1,1080
43724,2,830
43724,3,470
43724,4,250
43724,5,210
43724,6,30
,,
43725,,8910
43725,1,3760
43725,2,2440
43725,3,1260
43725,4,710
43725,5,600
43725,6,140
,,
43727,,690
43727,1,250
43727,2,180
43727,3,130
43727,4,60
43727,5,70
43727,6,**
,,
43728,,480
43728,1,210
43728,2,140
43728,3,70
43728,4,40
43728,5,20
43728,6,**
,,
43730,,920
43730,1,360
43730,2,260
43730,3,160
43730,4,80
43730,5,60
43730,6,**
,,
43731,,2210
43731,1,890
43731,2,700
43731,3,360
43731,4,150
43731,5,110
43731,6,**
,,
43732,,780
43732,1,320
43732,2,220
43732,3,120
43732,4,70
43732,5,50
43732,6,**
,,
43734,,620
43734,1,220
43734,2,160
43734,3,110
43734,4,60
43734,5,70
43734,6,**
,,
43739,,1020
43739,1,320
43739,2,300
43739,3,160
43739,4,120
43739,5,120
43739,6,**
,,
43746,,600
43746,1,220
43746,2,160
43746,3,90
43746,4,70
43746,5,60
43746,6,**
,,
43747,,440
43747,1,180
43747,2,110
43747,3,70
43747,4,40
43747,5,40
43747,6,**
,,
43748,,1190
43748,1,480
43748,2,340
43748,3,200
43748,4,100
43748,5,70
43748,6,**
,,
43749,,1060
43749,1,450
43749,2,320
43749,3,160
43749,4,70
43749,5,60
43749,6,**
,,
43754,,610
43754,1,190
43754,2,160
43754,3,100
43754,4,50
43754,5,70
43754,6,40
,,
43755,,780
43755,1,280
43755,2,230
43755,3,130
43755,4,70
43755,5,70
43755,6,**
,,
43756,,2180
43756,1,910
43756,2,620
43756,3,340
43756,4,160
43756,5,150
43756,6,**
,,
43758,,1380
43758,1,600
43758,2,400
43758,3,190
43758,4,120
43758,5,70
43758,6,**
,,
43760,,790
43760,1,300
43760,2,210
43760,3,130
43760,4,80
43760,5,70
43760,6,**
,,
43762,,2080
43762,1,710
43762,2,490
43762,3,370
43762,4,250
43762,5,220
43762,6,40
,,
43764,,3400
43764,1,1420
43764,2,960
43764,3,540
43764,4,270
43764,5,210
43764,6,**
,,
43766,,620
43766,1,270
43766,2,180
43766,3,90
43766,4,50
43766,5,30
43766,6,**
,,
43767,,700
43767,1,210
43767,2,180
43767,3,120
43767,4,90
43767,5,100
43767,6,**
,,
43771,,830
43771,1,360
43771,2,250
43771,3,120
43771,4,70
43771,5,30
43771,6,**
,,
43772,,900
43772,1,350
43772,2,260
43772,3,150
43772,4,80
43772,5,60
43772,6,**
,,
43773,,1250
43773,1,460
43773,2,350
43773,3,200
43773,4,110
43773,5,90
43773,6,40
,,
43777,,1820
43777,1,780
43777,2,560
43777,3,260
43777,4,120
43777,5,100
43777,6,**
,,
43778,,600
43778,1,220
43778,2,130
43778,3,110
43778,4,60
43778,5,60
43778,6,20
,,
43779,,400
43779,1,130
43779,2,120
43779,3,50
43779,4,50
43779,5,50
43779,6,**
,,
43780,,1080
43780,1,400
43780,2,270
43780,3,180
43780,4,100
43780,5,100
43780,6,30
,,
43782,,340
43782,1,140
43782,2,120
43782,3,50
43782,4,30
43782,5,**
43782,6,0
,,
43783,,2100
43783,1,740
43783,2,520
43783,3,370
43783,4,230
43783,5,220
43783,6,20
,,
43787,,1200
43787,1,520
43787,2,330
43787,3,180
43787,4,90
43787,5,80
43787,6,**
,,
43788,,370
43788,1,140
43788,2,100
43788,3,40
43788,4,30
43788,5,60
43788,6,**
,,
43793,,2130
43793,1,930
43793,2,540
43793,3,280
43793,4,150
43793,5,180
43793,6,50
,,
43802,,490
43802,1,160
43802,2,170
43802,3,80
43802,4,50
43802,5,30
43802,6,**
,,
43804,,1680
43804,1,590
43804,2,690
43804,3,230
43804,4,100
43804,5,70
43804,6,**
,,
43811,,370
43811,1,130
43811,2,110
43811,3,70
43811,4,40
43811,5,20
43811,6,**
,,
43812,,8440
43812,1,3590
43812,2,2340
43812,3,1210
43812,4,670
43812,5,530
43812,6,100
,,
43821,,2040
43821,1,750
43821,2,540
43821,3,350
43821,4,200
43821,5,170
43821,6,30
,,
43822,,2150
43822,1,810
43822,2,630
43822,3,340
43822,4,190
43822,5,180
43822,6,**
,,
43824,,1680
43824,1,530
43824,2,640
43824,3,290
43824,4,120
43824,5,100
43824,6,**
,,
43830,,3060
43830,1,1000
43830,2,730
43830,3,520
43830,4,350
43830,5,400
43830,6,60
,,
43832,,3140
43832,1,1330
43832,2,940
43832,3,480
43832,4,230
43832,5,140
43832,6,20
,,
43837,,780
43837,1,290
43837,2,230
43837,3,120
43837,4,80
43837,5,60
43837,6,**
,,
43840,,570
43840,1,180
43840,2,170
43840,3,110
43840,4,60
43840,5,50
43840,6,**
,,
43843,,500
43843,1,170
43843,2,150
43843,3,100
43843,4,40
43843,5,40
43843,6,**
,,
43844,,1760
43844,1,670
43844,2,510
43844,3,280
43844,4,170
43844,5,110
43844,6,20
,,
43845,,2130
43845,1,800
43845,2,620
43845,3,370
43845,4,180
43845,5,160
43845,6,**
,,
43901,,930
43901,1,330
43901,2,250
43901,3,160
43901,4,90
43901,5,100
43901,6,**
,,
43903,,770
43903,1,300
43903,2,200
43903,3,140
43903,4,70
43903,5,60
43903,6,**
,,
43906,,3540
43906,1,1620
43906,2,910
43906,3,480
43906,4,270
43906,5,230
43906,6,30
,,
43907,,2280
43907,1,850
43907,2,630
43907,3,350
43907,4,210
43907,5,200
43907,6,40
,,
43908,,550
43908,1,200
43908,2,150
43908,3,90
43908,4,50
43908,5,60
43908,6,**
,,
43910,,1670
43910,1,580
43910,2,420
43910,3,280
43910,4,200
43910,5,170
43910,6,20
,,
43912,,2880
43912,1,1270
43912,2,800
43912,3,370
43912,4,210
43912,5,210
43912,6,20
,,
43913,,640
43913,1,270
43913,2,190
43913,3,100
43913,4,50
43913,5,30
43913,6,0
,,
43915,,650
43915,1,220
43915,2,170
43915,3,100
43915,4,70
43915,5,60
43915,6,30
,,
43917,,1240
43917,1,470
43917,2,310
43917,3,220
43917,4,120
43917,5,120
43917,6,**
,,
43920,,9690
43920,1,4130
43920,2,2770
43920,3,1280
43920,4,780
43920,5,640
43920,6,90
,,
43930,,400
43930,1,150
43930,2,100
43930,3,70
43930,4,40
43930,5,40
43930,6,**
,,
43932,,390
43932,1,150
43932,2,110
43932,3,60
43932,4,30
43932,5,40
43932,6,**
,,
43933,,890
43933,1,340
43933,2,230
43933,3,130
43933,4,80
43933,5,110
43933,6,**
,,
43935,,3800
43935,1,1760
43935,2,1050
43935,3,470
43935,4,270
43935,5,220
43935,6,30
,,
43938,,2360
43938,1,1000
43938,2,660
43938,3,360
43938,4,200
43938,5,140
43938,6,**
,,
43942,,1040
43942,1,410
43942,2,260
43942,3,150
43942,4,90
43942,5,100
43942,6,30
,,
43943,,1630
43943,1,640
43943,2,440
43943,3,240
43943,4,150
43943,5,160
43943,6,**
,,
43944,,1190
43944,1,410
43944,2,310
43944,3,190
43944,4,140
43944,5,140
43944,6,**
,,
43945,,1240
43945,1,520
43945,2,350
43945,3,190
43945,4,100
43945,5,80
43945,6,**
,,
43946,,820
43946,1,300
43946,2,210
43946,3,130
43946,4,80
43946,5,80
43946,6,20
,,
43947,,2460
43947,1,850
43947,2,740
43947,3,380
43947,4,240
43947,5,220
43947,6,30
,,
43950,,6800
43950,1,2220
43950,2,1610
43950,3,1010
43950,4,750
43950,5,950
43950,6,260
,,
43952,,7100
43952,1,3420
43952,2,1770
43952,3,900
43952,4,500
43952,5,440
43952,6,70
,,
43953,,5480
43953,1,2010
43953,2,1390
43953,3,870
43953,4,530
43953,5,550
43953,6,130
,,
43963,,640
43963,1,280
43963,2,180
43963,3,90
43963,4,60
43963,5,30
43963,6,**
,,
43964,,4350
43964,1,1650
43964,2,1200
43964,3,680
43964,4,440
43964,5,350
43964,6,30
,,
43968,,2960
43968,1,1260
43968,2,840
43968,3,410
43968,4,270
43968,5,180
43968,6,**
,,
43971,,530
43971,1,230
43971,2,150
43971,3,80
43971,4,40
43971,5,30
43971,6,**
,,
43973,,760
43973,1,250
43973,2,230
43973,3,130
43973,4,70
43973,5,80
43973,6,**
,,
43976,,670
43976,1,260
43976,2,160
43976,3,100
43976,4,80
43976,5,70
43976,6,**
,,
43977,,960
43977,1,360
43977,2,290
43977,3,140
43977,4,80
43977,5,90
43977,6,**
,,
43983,,220
43983,1,90
43983,2,50
43983,3,50
43983,4,**
43983,5,30
43983,6,**
,,
43986,,810
43986,1,320
43986,2,240
43986,3,120
43986,4,60
43986,5,70
43986,6,**
,,
43988,,1010
43988,1,380
43988,2,260
43988,3,150
43988,4,100
43988,5,100
43988,6,20
,,
44001,,11090
44001,1,3530
44001,2,2560
44001,3,1920
44001,4,1270
44001,5,1530
44001,6,280
,,
44003,,1840
44003,1,780
44003,2,550
44003,3,270
44003,4,130
44003,5,110
44003,6,**
,,
44004,,13860
44004,1,6200
44004,2,3880
44004,3,1800
44004,4,990
44004,5,860
44004,6,130
,,
44010,,820
44010,1,230
44010,2,210
44010,3,150
44010,4,110
44010,5,120
44010,6,**
,,
44011,,11180
44011,1,2850
44011,2,1580
44011,3,1560
44011,4,1230
44011,5,2750
44011,6,1210
,,
44012,,12500
44012,1,3300
44012,2,2050
44012,3,1870
44012,4,1460
44012,5,2560
44012,6,1260
,,
44017,,8960
44017,1,2820
44017,2,2420
44017,3,1630
44017,4,970
44017,5,1010
44017,6,110
,,
44021,,2860
44021,1,920
44021,2,800
44021,3,490
44021,4,290
44021,5,310
44021,6,50
,,
44022,,8810
44022,1,2220
44022,2,1060
44022,3,900
44022,4,730
44022,5,1810
44022,6,2090
,,
44023,,9540
44023,1,2590
44023,2,1420
44023,3,1080
44023,4,970
44023,5,2020
44023,6,1460
,,
44024,,12060
44024,1,3780
44024,2,2400
44024,3,1810
44024,4,1330
44024,5,2140
44024,6,600
,,
44026,,6040
44026,1,1770
44026,2,1120
44026,3,990
44026,4,750
44026,5,1060
44026,6,350
,,
44028,,4810
44028,1,1490
44028,2,1100
44028,3,790
44028,4,530
44028,5,720
44028,6,180
,,
44030,,6410
44030,1,2690
44030,2,1840
44030,3,940
44030,4,500
44030,5,400
44030,6,40
,,
44032,,700
44032,1,300
44032,2,200
44032,3,110
44032,4,50
44032,5,40
44032,6,**
,,
44035,,30250
44035,1,12580
44035,2,8920
44035,3,4390
44035,4,2330
44035,5,1820
44035,6,210
,,
44039,,17470
44039,1,4670
44039,2,4090
44039,3,3150
44039,4,2380
44039,5,2850
44039,6,330
,,
44040,,1680
44040,1,360
44040,2,180
44040,3,150
44040,4,170
44040,5,330
44040,6,490
,,
44041,,6780
44041,1,2790
44041,2,1850
44041,3,1010
44041,4,590
44041,5,480
44041,6,60
,,
44044,,6160
44044,1,1970
44044,2,1480
44044,3,1100
44044,4,650
44044,5,810
44044,6,150
,,
44046,,980
44046,1,280
44046,2,270
44046,3,190
44046,4,120
44046,5,120
44046,6,**
,,
44047,,4280
44047,1,1610
44047,2,1160
44047,3,740
44047,4,360
44047,5,370
44047,6,40
,,
44048,,1120
44048,1,410
44048,2,320
44048,3,190
44048,4,100
44048,5,100
44048,6,**
,,
44050,,3210
44050,1,940
44050,2,800
44050,3,560
44050,4,390
44050,5,460
44050,6,60
,,
44052,,12700
44052,1,6640
44052,2,3580
44052,3,1390
44052,4,640
44052,5,410
44052,6,40
,,
44053,,9480
44053,1,3680
44053,2,2410
44053,3,1450
44053,4,920
44053,5,920
44053,6,100
,,
44054,,6350
44054,1,2120
44054,2,1700
44054,3,1120
44054,4,670
44054,5,640
44054,6,100
,,
44055,,8240
44055,1,4590
44055,2,2360
44055,3,810
44055,4,290
44055,5,190
44055,6,**
,,
44056,,6510
44056,1,1770
44056,2,1270
44056,3,1120
44056,4,860
44056,5,1200
44056,6,290
,,
44057,,9380
44057,1,3360
44057,2,2550
44057,3,1480
44057,4,940
44057,5,920
44057,6,130
,,
44060,,33000
44060,1,9940
44060,2,7680
44060,3,5680
44060,4,3910
44060,5,4810
44060,6,980
,,
44062,,5640
44062,1,2040
44062,2,1900
44062,3,850
44062,4,470
44062,5,320
44062,6,60
,,
44064,,860
44064,1,260
44064,2,230
44064,3,160
44064,4,90
44064,5,120
44064,6,**
,,
44065,,2160
44065,1,670
44065,2,520
44065,3,360
44065,4,230
44065,5,290
44065,6,90
,,
44067,,11240
44067,1,3210
44067,2,2570
44067,3,1960
44067,4,1380
44067,5,1720
44067,6,400
,,
44070,,17360
44070,1,5750
44070,2,4280
44070,3,3000
44070,4,2000
44070,5,2080
44070,6,250
,,
44072,,2440
44072,1,650
44072,2,420
44072,3,320
44072,4,260
44072,5,460
44072,6,330
,,
44074,,4500
44074,1,1540
44074,2,960
44074,3,730
44074,4,490
44074,5,630
44074,6,150
,,
44076,,2160
44076,1,810
44076,2,690
44076,3,380
44076,4,150
44076,5,130
44076,6,**
,,
44077,,28750
44077,1,9890
44077,2,7200
44077,3,4440
44077,4,2780
44077,5,3500
44077,6,940
,,
44081,,3530
44081,1,1150
44081,2,800
44081,3,570
44081,4,390
44081,5,540
44081,6,80
,,
44082,,610
44082,1,240
44082,2,180
44082,3,110
44082,4,50
44082,5,30
44082,6,**
,,
44084,,1750
44084,1,550
44084,2,500
44084,3,320
44084,4,180
44084,5,170
44084,6,30
,,
44085,,1410
44085,1,470
44085,2,430
44085,3,240
44085,4,140
44085,5,130
44085,6,**
,,
44086,,1140
44086,1,320
44086,2,300
44086,3,220
44086,4,130
44086,5,170
44086,6,**
,,
44087,,11300
44087,1,3380
44087,2,2310
44087,3,1810
44087,4,1270
44087,5,2020
44087,6,510
,,
44089,,8190
44089,1,2840
44089,2,2000
44089,3,1360
44089,4,840
44089,5,960
44089,6,190
,,
44090,,5480
44090,1,1750
44090,2,1480
44090,3,990
44090,4,600
44090,5,590
44090,6,70
,,
44092,,8990
44092,1,3050
44092,2,2710
44092,3,1510
44092,4,790
44092,5,800
44092,6,130
,,
44093,,610
44093,1,250
44093,2,200
44093,3,90
44093,4,40
44093,5,30
44093,6,**
,,
44094,,19860
44094,1,6130
44094,2,4800
44094,3,3270
44094,4,2130
44094,5,2650
44094,6,880
,,
44095,,17710
44095,1,6200
44095,2,5370
44095,3,3040
44095,4,1670
44095,5,1280
44095,6,150
,,
44099,,870
44099,1,260
44099,2,280
44099,3,160
44099,4,90
44099,5,80
44099,6,**
,,
44102,,17400
44102,1,9390
44102,2,5000
44102,3,1630
44102,4,610
44102,5,600
44102,6,170
,,
44103,,5640
44103,1,3550
44103,2,1520
44103,3,340
44103,4,120
44103,5,90
44103,6,20
,,
44104,,7010
44104,1,5070
44104,2,1500
44104,3,320
44104,4,80
44104,5,40
44104,6,**
,,
44105,,14460
44105,1,8510
44105,2,4270
44105,3,1140
44105,4,340
44105,5,200
44105,6,**
,,
44106,,8310
44106,1,3890
44106,2,2010
44106,3,880
44106,4,400
44106,5,620
44106,6,510
,,
44107,,27600
44107,1,9020
44107,2,8350
44107,3,4540
44107,4,2300
44107,5,2640
44107,6,750
,,
44108,,9110
44108,1,5310
44108,2,2530
44108,3,630
44108,4,230
44108,5,250
44108,6,160
,,
44109,,17510
44109,1,9030
44109,2,5230
44109,3,1930
44109,4,760
44109,5,530
44109,6,30
,,
44110,,7230
44110,1,4330
44110,2,2070
44110,3,540
44110,4,170
44110,5,120
44110,6,**
,,
44111,,19560
44111,1,8640
44111,2,6000
44111,3,2610
44111,4,1240
44111,5,960
44111,6,110
,,
44112,,7850
44112,1,4760
44112,2,2110
44112,3,600
44112,4,220
44112,5,160
44112,6,**
,,
44113,,8430
44113,1,2760
44113,2,2240
44113,3,1540
44113,4,690
44113,5,810
44113,6,390
,,
44114,,3140
44114,1,1240
44114,2,740
44114,3,490
44114,4,200
44114,5,250
44114,6,220
,,
44115,,2830
44115,1,1650
44115,2,500
44115,3,320
44115,4,120
44115,5,170
44115,6,70
,,
44116,,11570
44116,1,3080
44116,2,2200
44116,3,1790
44116,4,1180
44116,5,2170
44116,6,1150
,,
44117,,4530
44117,1,2090
44117,2,1370
44117,3,590
44117,4,280
44117,5,200
44117,6,**
,,
44118,,17930
44118,1,6120
44118,2,4190
44118,3,2650
44118,4,1630
44118,5,2450
44118,6,890
,,
44119,,6200
44119,1,2590
44119,2,2010
44119,3,880
44119,4,370
44119,5,310
44119,6,40
,,
44120,,15310
44120,1,7120
44120,2,4030
44120,3,1470
44120,4,780
44120,5,1110
44120,6,800
,,
44121,,16290
44121,1,6260
44121,2,4640
44121,3,2580
44121,4,1330
44121,5,1310
44121,6,170
,,
44122,,16850
44122,1,4750
44122,2,3130
44122,3,2180
44122,4,1500
44122,5,2790
44122,6,2500
,,
44123,,8640
44123,1,3810
44123,2,2860
44123,3,1060
44123,4,490
44123,5,370
44123,6,50
,,
44124,,21140
44124,1,6080
44124,2,5040
44124,3,3560
44124,4,2250
44124,5,2710
44124,6,1500
,,
44125,,13910
44125,1,5820
44125,2,4550
44125,3,1930
44125,4,870
44125,5,680
44125,6,60
,,
44126,,9410
44126,1,2770
44126,2,2290
44126,3,1730
44126,4,1090
44126,5,1260
44126,6,270
,,
44127,,1550
44127,1,1060
44127,2,380
44127,3,80
44127,4,30
44127,5,**
44127,6,**
,,
44128,,13520
44128,1,6840
44128,2,4520
44128,3,1380
44128,4,470
44128,5,290
44128,6,20
,,
44129,,14970
44129,1,5320
44129,2,4640
44129,3,2550
44129,4,1370
44129,5,1000
44129,6,90
,,
44130,,27730
44130,1,9700
44130,2,7790
44130,3,4800
44130,4,2800
44130,5,2360
44130,6,280
,,
44131,,11460
44131,1,3220
44131,2,2300
44131,3,2020
44131,4,1460
44131,5,1960
44131,6,500
,,
44132,,7160
44132,1,3310
44132,2,2240
44132,3,920
44132,4,390
44132,5,260
44132,6,40
,,
44133,,16800
44133,1,4960
44133,2,4010
44133,3,2640
44133,4,1830
44133,5,2650
44133,6,710
,,
44134,,20260
44134,1,7080
44134,2,6120
44134,3,3590
44134,4,1900
44134,5,1470
44134,6,100
,,
44135,,12660
44135,1,5700
44135,2,3970
44135,3,1750
44135,4,760
44135,5,450
44135,6,30
,,
44136,,13470
44136,1,3930
44136,2,2710
44136,3,2130
44136,4,1640
44136,5,2410
44136,6,650
,,
44137,,11360
44137,1,5270
44137,2,3730
44137,3,1450
44137,4,560
44137,5,350
44137,6,**
,,
44138,,11890
44138,1,3540
44138,2,2670
44138,3,1950
44138,4,1410
44138,5,1940
44138,6,380
,,
44139,,12330
44139,1,3410
44139,2,1870
44139,3,1540
44139,4,1250
44139,5,2580
44139,6,1680
,,
44140,,8010
44140,1,1940
44140,2,1120
44140,3,1240
44140,4,960
44140,5,1870
44140,6,880
,,
44141,,7300
44141,1,1830
44141,2,1010
44141,3,960
44141,4,850
44141,5,1740
44141,6,910
,,
44142,,10420
44142,1,3920
44142,2,3190
44142,3,1740
44142,4,900
44142,5,640
44142,6,30
,,
44143,,13260
44143,1,4140
44143,2,2830
44143,3,2020
44143,4,1360
44143,5,2110
44143,6,800
,,
44144,,11350
44144,1,4430
44144,2,3800
44144,3,1770
44144,4,800
44144,5,500
44144,6,50
,,
44145,,17700
44145,1,4930
44145,2,3140
44145,3,2710
44145,4,1870
44145,5,3040
44145,6,2010
,,
44146,,15520
44146,1,6070
44146,2,5150
44146,3,2350
44146,4,1070
44146,5,800
44146,6,80
,,
44147,,10700
44147,1,2960
44147,2,2190
44147,3,1590
44147,4,1190
44147,5,1980
44147,6,790
,,
44149,,10610
44149,1,2860
44149,2,1830
44149,3,1610
44149,4,1320
44149,5,2210
44149,6,780
,,
44201,,3230
44201,1,1030
44201,2,890
44201,3,580
44201,4,360
44201,5,320
44201,6,50
,,
44202,,10880
44202,1,2960
44202,2,1800
44202,3,1550
44202,4,1190
44202,5,2370
44202,6,1010
,,
44203,,19090
44203,1,7480
44203,2,5560
44203,3,2960
44203,4,1580
44203,5,1320
44203,6,190
,,
44212,,23740
44212,1,7390
44212,2,5670
44212,3,4100
44212,4,2820
44212,5,3370
44212,6,390
,,
44214,,1040
44214,1,370
44214,2,260
44214,3,170
44214,4,120
44214,5,120
44214,6,**
,,
44215,,1100
44215,1,380
44215,2,320
44215,3,190
44215,4,110
44215,5,100
44215,6,**
,,
44216,,4780
44216,1,1440
44216,2,1120
44216,3,830
44216,4,570
44216,5,670
44216,6,150
,,
44217,,1950
44217,1,670
44217,2,560
44217,3,330
44217,4,190
44217,5,200
44217,6,**
,,
44221,,15650
44221,1,5340
44221,2,5290
44221,3,2790
44221,4,1270
44221,5,890
44221,6,70
,,
44223,,9630
44223,1,2920
44223,2,2310
44223,3,1690
44223,4,1090
44223,5,1260
44223,6,360
,,
44224,,20130
44224,1,6130
44224,2,4560
44224,3,3260
44224,4,2250
44224,5,3230
44224,6,700
,,
44230,,4000
44230,1,1340
44230,2,970
44230,3,690
44230,4,420
44230,5,480
44230,6,100
,,
44231,,4030
44231,1,1350
44231,2,1150
44231,3,730
44231,4,420
44231,5,330
44231,6,50
,,
44233,,4200
44233,1,1180
44233,2,650
44233,3,580
44233,4,440
44233,5,870
44233,6,480
,,
44234,,1770
44234,1,550
44234,2,440
44234,3,300
44234,4,190
44234,5,230
44234,6,60
,,
44235,,650
44235,1,210
44235,2,200
44235,3,90
44235,4,70
44235,5,80
44235,6,**
,,
44236,,12530
44236,1,3200
44236,2,1320
44236,3,1310
44236,4,1170
44236,5,3190
44236,6,2340
,,
44240,,16000
44240,1,6370
44240,2,3730
44240,3,2250
44240,4,1480
44240,5,1830
44240,6,340
,,
44241,,9160
44241,1,3010
44241,2,2560
44241,3,1540
44241,4,900
44241,5,1020
44241,6,130
,,
44253,,1850
44253,1,550
44253,2,460
44253,3,290
44253,4,240
44253,5,270
44253,6,40
,,
44254,,2480
44254,1,960
44254,2,720
44254,3,380
44254,4,200
44254,5,190
44254,6,30
,,
44255,,3990
44255,1,1330
44255,2,1100
44255,3,650
44255,4,420
44255,5,420
44255,6,70
,,
44256,,32260
44256,1,9650
44256,2,6280
44256,3,4740
44256,4,3670
44256,5,5980
44256,6,1940
,,
44260,,6910
44260,1,2310
44260,2,1790
44260,3,1190
44260,4,770
44260,5,720
44260,6,130
,,
44262,,2670
44262,1,770
44262,2,630
44262,3,460
44262,4,320
44262,5,420
44262,6,70
,,
44264,,1490
44264,1,400
44264,2,300
44264,3,230
44264,4,170
44264,5,270
44264,6,120
,,
44266,,15950
44266,1,5960
44266,2,4740
44266,3,2480
44266,4,1330
44266,5,1280
44266,6,160
,,
44270,,4060
44270,1,1510
44270,2,1170
44270,3,660
44270,4,390
44270,5,290
44270,6,40
,,
44272,,2770
44272,1,870
44272,2,710
44272,3,490
44272,4,300
44272,5,350
44272,6,50
,,
44273,,3470
44273,1,1050
44273,2,860
44273,3,600
44273,4,390
44273,5,480
44273,6,90
,,
44275,,1630
44275,1,470
44275,2,440
44275,3,300
44275,4,200
44275,5,190
44275,6,30
,,
44276,,980
44276,1,320
44276,2,280
44276,3,160
44276,4,100
44276,5,120
44276,6,**
,,
44278,,9440
44278,1,3010
44278,2,2210
44278,3,1610
44278,4,1130
44278,5,1230
44278,6,250
,,
44280,,2900
44280,1,770
44280,2,620
44280,3,440
44280,4,420
44280,5,540
44280,6,110
,,
44281,,15470
44281,1,4570
44281,2,3500
44281,3,2490
44281,4,1710
44281,5,2480
44281,6,720
,,
44286,,3340
44286,1,920
44286,2,580
44286,3,430
44286,4,360
44286,5,550
44286,6,500
,,
44287,,3390
44287,1,1160
44287,2,980
44287,3,600
44287,4,350
44287,5,260
44287,6,40
,,
44288,,1720
44288,1,700
44288,2,520
44288,3,280
44288,4,130
44288,5,90
44288,6,**
,,
44301,,6600
44301,1,3110
44301,2,2060
44301,3,820
44301,4,390
44301,5,220
44301,6,**
,,
44302,,2290
44302,1,1210
44302,2,640
44302,3,240
44302,4,100
44302,5,100
44302,6,**
,,
44303,,3890
44303,1,1440
44303,2,870
44303,3,520
44303,4,350
44303,5,480
44303,6,230
,,
44304,,1010
44304,1,740
44304,2,210
44304,3,60
44304,4,**
44304,5,**
44304,6,**
,,
44305,,9880
44305,1,4590
44305,2,3260
44305,3,1250
44305,4,490
44305,5,290
44305,6,**
,,
44306,,9120
44306,1,5270
44306,2,2700
44306,3,770
44306,4,250
44306,5,130
44306,6,**
,,
44307,,2990
44307,1,1930
44307,2,760
44307,3,190
44307,4,70
44307,5,40
44307,6,**
,,
44308,,290
44308,1,180
44308,2,30
44308,3,40
44308,4,**
44308,5,40
44308,6,**
,,
44310,,10480
44310,1,5400
44310,2,3490
44310,3,1010
44310,4,390
44310,5,190
44310,6,**
,,
44311,,2280
44311,1,1660
44311,2,470
44311,3,90
44311,4,40
44311,5,20
44311,6,**
,,
44312,,15700
44312,1,5750
44312,2,4860
44312,3,2580
44312,4,1300
44312,5,1050
44312,6,160
,,
44313,,13780
44313,1,4660
44313,2,3590
44313,3,2100
44313,4,1240
44313,5,1670
44313,6,520
,,
44314,,8220
44314,1,4020
44314,2,2750
44314,3,910
44314,4,370
44314,5,170
44314,6,**
,,
44319,,11620
44319,1,3770
44319,2,3120
44319,3,2030
44319,4,1230
44319,5,1250
44319,6,220
,,
44320,,8870
44320,1,4440
44320,2,2620
44320,3,980
44320,4,440
44320,5,340
44320,6,50
,,
44321,,7670
44321,1,1910
44321,2,1420
44321,3,1130
44321,4,920
44321,5,1590
44321,6,700
,,
44333,,9610
44333,1,2510
44333,2,1470
44333,3,1290
44333,4,1050
44333,5,1950
44333,6,1340
,,
44401,,1340
44401,1,440
44401,2,340
44401,3,230
44401,4,150
44401,5,150
44401,6,30
,,
44402,,1530
44402,1,590
44402,2,420
44402,3,250
44402,4,130
44402,5,140
44402,6,**
,,
44403,,1970
44403,1,700
44403,2,560
44403,3,320
44403,4,190
44403,5,160
44403,6,40
,,
44404,,680
44404,1,240
44404,2,200
44404,3,130
44404,4,60
44404,5,50
44404,6,**
,,
44405,,3440
44405,1,1810
44405,2,940
44405,3,350
44405,4,190
44405,5,130
44405,6,20
,,
44406,,11830
44406,1,3340
44406,2,2410
44406,3,1860
44406,4,1340
44406,5,1980
44406,6,900
,,
44408,,5100
44408,1,1800
44408,2,1340
44408,3,790
44408,4,520
44408,5,540
44408,6,110
,,
44410,,8860
44410,1,2940
44410,2,2360
44410,3,1440
44410,4,920
44410,5,1010
44410,6,190
,,
44411,,1110
44411,1,410
44411,2,340
44411,3,180
44411,4,90
44411,5,90
44411,6,**
,,
44412,,1360
44412,1,460
44412,2,380
44412,3,210
44412,4,140
44412,5,170
44412,6,**
,,
44413,,3430
44413,1,1410
44413,2,1000
44413,3,500
44413,4,290
44413,5,210
44413,6,20
,,
44417,,770
44417,1,260
44417,2,230
44417,3,120
44417,4,80
44417,5,80
44417,6,**
,,
44418,,660
44418,1,230
44418,2,170
44418,3,100
44418,4,80
44418,5,80
44418,6,**
,,
44420,,7400
44420,1,3140
44420,2,2010
44420,3,1040
44420,4,580
44420,5,520
44420,6,110
,,
44423,,1070
44423,1,400
44423,2,300
44423,3,190
44423,4,100
44423,5,80
44423,6,**
,,
44425,,7470
44425,1,2780
44425,2,2110
44425,3,1230
44425,4,650
44425,5,610
44425,6,90
,,
44427,,690
44427,1,260
44427,2,200
44427,3,110
44427,4,60
44427,5,60
44427,6,**
,,
44428,,1510
44428,1,630
44428,2,420
44428,3,230
44428,4,120
44428,5,110
44428,6,**
,,
44429,,1180
44429,1,430
44429,2,360
44429,3,160
44429,4,110
44429,5,90
44429,6,30
,,
44430,,1690
44430,1,740
44430,2,530
44430,3,230
44430,4,110
44430,5,80
44430,6,**
,,
44431,,2300
44431,1,890
44431,2,640
44431,3,340
44431,4,200
44431,5,200
44431,6,30
,,
44432,,4590
44432,1,1890
44432,2,1300
44432,3,690
44432,4,350
44432,5,320
44432,6,40
,,
44436,,1890
44436,1,700
44436,2,530
44436,3,290
44436,4,190
44436,5,150
44436,6,30
,,
44437,,2140
44437,1,810
44437,2,580
44437,3,310
44437,4,210
44437,5,200
44437,6,30
,,
44438,,2100
44438,1,960
44438,2,620
44438,3,280
44438,4,140
44438,5,100
44438,6,**
,,
44440,,2250
44440,1,790
44440,2,590
44440,3,370
44440,4,250
44440,5,230
44440,6,20
,,
44441,,780
44441,1,260
44441,2,200
44441,3,130
44441,4,90
44441,5,100
44441,6,**
,,
44442,,1980
44442,1,670
44442,2,490
44442,3,360
44442,4,200
44442,5,240
44442,6,20
,,
44443,,890
44443,1,360
44443,2,220
44443,3,150
44443,4,60
44443,5,100
44443,6,**
,,
44444,,4900
44444,1,1910
44444,2,1450
44444,3,760
44444,4,420
44444,5,320
44444,6,40
,,
44445,,1470
44445,1,540
44445,2,400
44445,3,260
44445,4,140
44445,5,130
44445,6,**
,,
44446,,9910
44446,1,4430
44446,2,2900
44446,3,1360
44446,4,660
44446,5,500
44446,6,60
,,
44449,,570
44449,1,180
44449,2,170
44449,3,90
44449,4,50
44449,5,80
44449,6,**
,,
44450,,800
44450,1,310
44450,2,250
44450,3,110
44450,4,70
44450,5,60
44450,6,**
,,
44451,,1550
44451,1,560
44451,2,370
44451,3,250
44451,4,160
44451,5,180
44451,6,30
,,
44452,,1430
44452,1,490
44452,2,350
44452,3,180
44452,4,150
44452,5,200
44452,6,60
,,
44454,,470
44454,1,200
44454,2,110
44454,3,70
44454,4,50
44454,5,40
44454,6,**
,,
44455,,790
44455,1,350
44455,2,220
44455,3,120
44455,4,50
44455,5,50
44455,6,**
,,
44460,,11900
44460,1,4610
44460,2,3290
44460,3,1760
44460,4,1070
44460,5,940
44460,6,230
,,
44470,,1810
44470,1,640
44470,2,510
44470,3,320
44470,4,180
44470,5,160
44470,6,**
,,
44471,,5190
44471,1,2370
44471,2,1530
44471,3,740
44471,4,320
44471,5,210
44471,6,20
,,
44473,,1970
44473,1,670
44473,2,570
44473,3,320
44473,4,190
44473,5,180
44473,6,40
,,
44481,,5170
44481,1,1860
44481,2,1440
44481,3,830
44481,4,500
44481,5,490
44481,6,50
,,
44483,,11360
44483,1,5150
44483,2,3170
44483,3,1590
44483,4,780
44483,5,600
44483,6,70
,,
44484,,11340
44484,1,4350
44484,2,2840
44484,3,1640
44484,4,1040
44484,5,1110
44484,6,360
,,
44485,,6370
44485,1,3670
44485,2,1720
44485,3,610
44485,4,230
44485,5,140
44485,6,**
,,
44490,,360
44490,1,190
44490,2,100
44490,3,40
44490,4,30
44490,5,**
44490,6,0
,,
44491,,1560
44491,1,530
44491,2,480
44491,3,270
44491,4,140
44491,5,140
44491,6,**
,,
44502,,3550
44502,1,2330
44502,2,910
44502,3,220
44502,4,50
44502,5,40
44502,6,**
,,
44503,,150
44503,1,120
44503,2,**
44503,3,30
44503,4,**
44503,5,**
44503,6,**
,,
44504,,1800
44504,1,1000
44504,2,450
44504,3,170
44504,4,90
44504,5,90
44504,6,**
,,
44505,,6730
44505,1,3710
44505,2,1630
44505,3,680
44505,4,340
44505,5,290
44505,6,80
,,
44506,,860
44506,1,590
44506,2,210
44506,3,60
44506,4,**
44506,5,**
44506,6,0
,,
44507,,1630
44507,1,1200
44507,2,320
44507,3,80
44507,4,30
44507,5,**
44507,6,**
,,
44509,,4610
44509,1,2700
44509,2,1220
44509,3,430
44509,4,170
44509,5,90
44509,6,**
,,
44510,,820
44510,1,610
44510,2,170
44510,3,40
44510,4,**
44510,5,**
44510,6,0
,,
44511,,9320
44511,1,4030
44511,2,2680
44511,3,1310
44511,4,710
44511,5,520
44511,6,70
,,
44512,,17500
44512,1,6770
44512,2,4510
44512,3,2660
44512,4,1600
44512,5,1640
44512,6,320
,,
44514,,11850
44514,1,3820
44514,2,2830
44514,3,1890
44514,4,1180
44514,5,1570
44514,6,560
,,
44515,,13940
44515,1,5380
44515,2,4140
44515,3,2130
44515,4,1150
44515,5,1040
44515,6,100
,,
44601,,15080
44601,1,6540
44601,2,4310
44601,3,2140
44601,4,1030
44601,5,900
44601,6,160
,,
44606,,3010
44606,1,980
44606,2,1010
44606,3,500
44606,4,250
44606,5,220
44606,6,50
,,
44608,,1260
44608,1,470
44608,2,380
44608,3,210
44608,4,100
44608,5,100
44608,6,**
,,
44609,,1760
44609,1,680
44609,2,470
44609,3,290
44609,4,160
44609,5,140
44609,6,20
,,
44611,,860
44611,1,270
44611,2,310
44611,3,140
44611,4,80
44611,5,60
44611,6,**
,,
44612,,2700
44612,1,850
44612,2,670
44612,3,450
44612,4,310
44612,5,350
44612,6,70
,,
44613,,970
44613,1,360
44613,2,310
44613,3,150
44613,4,90
44613,5,60
44613,6,**
,,
44614,,6420
44614,1,1970
44614,2,1550
44614,3,1050
44614,4,770
44614,5,910
44614,6,170
,,
44615,,4860
44615,1,1770
44615,2,1350
44615,3,800
44615,4,470
44615,5,400
44615,6,70
,,
44618,,3100
44618,1,1010
44618,2,910
44618,3,510
44618,4,320
44618,5,270
44618,6,80
,,
44620,,730
44620,1,250
44620,2,200
44620,3,130
44620,4,80
44620,5,70
44620,6,**
,,
44621,,2000
44621,1,810
44621,2,560
44621,3,310
44621,4,170
44621,5,150
44621,6,**
,,
44622,,8820
44622,1,2940
44622,2,2450
44622,3,1510
44622,4,860
44622,5,830
44622,6,230
,,
44624,,2260
44624,1,690
44624,2,820
44624,3,380
44624,4,190
44624,5,130
44624,6,50
,,
44625,,630
44625,1,230
44625,2,180
44625,3,110
44625,4,60
44625,5,50
44625,6,**
,,
44626,,1510
44626,1,520
44626,2,450
44626,3,260
44626,4,150
44626,5,110
44626,6,20
,,
44627,,2520
44627,1,790
44627,2,1020
44627,3,390
44627,4,130
44627,5,150
44627,6,40
,,
44628,,490
44628,1,150
44628,2,170
44628,3,80
44628,4,50
44628,5,40
44628,6,**
,,
44629,,1030
44629,1,340
44629,2,290
44629,3,200
44629,4,120
44629,5,80
44629,6,**
,,
44632,,4890
44632,1,1620
44632,2,1180
44632,3,790
44632,4,520
44632,5,580
44632,6,200
,,
44633,,1050
44633,1,390
44633,2,370
44633,3,160
44633,4,70
44633,5,60
44633,6,**
,,
44634,,990
44634,1,330
44634,2,290
44634,3,160
44634,4,120
44634,5,90
44634,6,**
,,
44637,,1230
44637,1,520
44637,2,390
44637,3,180
44637,4,80
44637,5,60
44637,6,**
,,
44638,,720
44638,1,260
44638,2,210
44638,3,110
44638,4,70
44638,5,70
44638,6,**
,,
44641,,10140
44641,1,3420
44641,2,2750
44641,3,1710
44641,4,1080
44641,5,1040
44641,6,140
,,
44643,,1510
44643,1,530
44643,2,440
44643,3,260
44643,4,150
44643,5,110
44643,6,20
,,
44644,,2170
44644,1,790
44644,2,580
44644,3,360
44644,4,180
44644,5,220
44644,6,40
,,
44645,,1250
44645,1,380
44645,2,350
44645,3,220
44645,4,160
44645,5,120
44645,6,20
,,
44646,,23180
44646,1,8590
44646,2,6260
44646,3,3470
44646,4,2020
44646,5,2190
44646,6,650
,,
44647,,8890
44647,1,3370
44647,2,2570
44647,3,1450
44647,4,800
44647,5,630
44647,6,70
,,
44651,,350
44651,1,130
44651,2,100
44651,3,60
44651,4,30
44651,5,30
44651,6,**
,,
44654,,8750
44654,1,3010
44654,2,2990
44654,3,1340
44654,4,620
44654,5,540
44654,6,250
,,
44656,,1250
44656,1,460
44656,2,330
44656,3,220
44656,4,120
44656,5,120
44656,6,**
,,
44657,,4650
44657,1,1780
44657,2,1290
44657,3,790
44657,4,410
44657,5,320
44657,6,60
,,
44662,,4680
44662,1,1670
44662,2,1390
44662,3,760
44662,4,450
44662,5,350
44662,6,60
,,
44663,,12050
44663,1,4590
44663,2,3440
44663,3,1940
44663,4,970
44663,5,910
44663,6,200
,,
44666,,1530
44666,1,500
44666,2,360
44666,3,260
44666,4,170
44666,5,190
44666,6,50
,,
44667,,6260
44667,1,2140
44667,2,1980
44667,3,1020
44667,4,560
44667,5,470
44667,6,90
,,
44669,,690
44669,1,220
44669,2,180
44669,3,130
44669,4,80
44669,5,80
44669,6,**
,,
44672,,2160
44672,1,950
44672,2,680
44672,3,310
44672,4,130
44672,5,90
44672,6,**
,,
44675,,900
44675,1,300
44675,2,270
44675,3,150
44675,4,100
44675,5,80
44675,6,**
,,
44676,,2300
44676,1,800
44676,2,740
44676,3,390
44676,4,210
44676,5,130
44676,6,30
,,
44677,,1400
44677,1,490
44677,2,380
44677,3,250
44677,4,120
44677,5,160
44677,6,**
,,
44680,,2060
44680,1,660
44680,2,550
44680,3,390
44680,4,220
44680,5,200
44680,6,40
,,
44681,,3670
44681,1,1170
44681,2,1280
44681,3,640
44681,4,270
44681,5,210
44681,6,100
,,
44683,,3470
44683,1,1530
44683,2,1020
44683,3,490
44683,4,270
44683,5,160
44683,6,**
,,
44685,,14060
44685,1,4140
44685,2,2770
44685,3,2230
44685,4,1780
44685,5,2510
44685,6,630
,,
44688,,1380
44688,1,550
44688,2,410
44688,3,210
44688,4,120
44688,5,90
44688,6,**
,,
44689,,300
44689,1,110
44689,2,120
44689,3,50
44689,4,20
44689,5,**
44689,6,**
,,
44691,,20360
44691,1,7100
44691,2,5640
44691,3,3180
44691,4,1890
44691,5,2020
44691,6,530
,,
44695,,570
44695,1,190
44695,2,180
44695,3,90
44695,4,50
44695,5,60
44695,6,**
,,
44699,,390
44699,1,130
44699,2,120
44699,3,80
44699,4,30
44699,5,30
44699,6,**
,,
44702,,280
44702,1,170
44702,2,50
44702,3,30
44702,4,**
44702,5,30
44702,6,**
,,
44703,,3240
44703,1,1930
44703,2,860
44703,3,290
44703,4,110
44703,5,50
44703,6,**
,,
44704,,1530
44704,1,1000
44704,2,360
44704,3,100
44704,4,40
44704,5,30
44704,6,0
,,
44705,,7500
44705,1,4050
44705,2,2090
44705,3,770
44705,4,320
44705,5,230
44705,6,40
,,
44706,,8250
44706,1,3640
44706,2,2460
44706,3,1120
44706,4,580
44706,5,410
44706,6,40
,,
44707,,3800
44707,1,2150
44707,2,970
44707,3,380
44707,4,160
44707,5,140
44707,6,**
,,
44708,,12710
44708,1,4810
44708,2,3600
44708,3,1900
44708,4,1070
44708,5,1010
44708,6,320
,,
44709,,9080
44709,1,3550
44709,2,2640
44709,3,1370
44709,4,680
44709,5,650
44709,6,190
,,
44710,,4190
44710,1,2060
44710,2,1310
44710,3,520
44710,4,190
44710,5,110
44710,6,**
,,
44714,,4300
44714,1,1850
44714,2,1240
44714,3,630
44714,4,280
44714,5,250
44714,6,50
,,
44718,,6670
44718,1,2090
44718,2,1350
44718,3,880
44718,4,620
44718,5,1060
44718,6,670
,,
44720,,20580
44720,1,6360
44720,2,4770
44720,3,3450
44720,4,2270
44720,5,2910
44720,6,820
,,
44721,,6970
44721,1,2050
44721,2,1570
44721,3,1220
44721,4,910
44721,5,1030
44721,6,190
,,
44730,,2950
44730,1,1070
44730,2,890
44730,3,510
44730,4,270
44730,5,210
44730,6,**
,,
44802,,500
44802,1,160
44802,2,120
44802,3,90
44802,4,60
44802,5,70
44802,6,**
,,
44804,,600
44804,1,190
44804,2,190
44804,3,100
44804,4,60
44804,5,60
44804,6,**
,,
44805,,14740
44805,1,5610
44805,2,4180
44805,3,2260
44805,4,1310
44805,5,1150
44805,6,230
,,
44807,,1160
44807,1,370
44807,2,360
44807,3,210
44807,4,120
44807,5,100
44807,6,**
,,
44811,,6340
44811,1,2210
44811,2,1820
44811,3,1100
44811,4,590
44811,5,560
44811,6,60
,,
44813,,3690
44813,1,1310
44813,2,970
44813,3,570
44813,4,420
44813,5,360
44813,6,60
,,
44814,,1500
44814,1,500
44814,2,360
44814,3,250
44814,4,170
44814,5,220
44814,6,**
,,
44817,,680
44817,1,200
44817,2,240
44817,3,110
44817,4,60
44817,5,70
44817,6,**
,,
44818,,1210
44818,1,430
44818,2,340
44818,3,220
44818,4,120
44818,5,100
44818,6,**
,,
44820,,8240
44820,1,3340
44820,2,2580
44820,3,1170
44820,4,580
44820,5,500
44820,6,70
,,
44822,,1540
44822,1,520
44822,2,480
44822,3,250
44822,4,150
44822,5,120
44822,6,20
,,
44824,,2120
44824,1,660
44824,2,640
44824,3,350
44824,4,230
44824,5,240
44824,6,**
,,
44826,,880
44826,1,270
44826,2,260
44826,3,180
44826,4,100
44826,5,70
44826,6,**
,,
44827,,3270
44827,1,1320
44827,2,1000
44827,3,490
44827,4,260
44827,5,170
44827,6,30
,,
44830,,8570
44830,1,3570
44830,2,2690
44830,3,1230
44830,4,590
44830,5,430
44830,6,60
,,
44833,,7680
44833,1,3030
44833,2,2430
44833,3,1120
44833,4,590
44833,5,450
44833,6,60
,,
44836,,1210
44836,1,360
44836,2,420
44836,3,210
44836,4,120
44836,5,100
44836,6,**
,,
44837,,1860
44837,1,730
44837,2,560
44837,3,300
44837,4,150
44837,5,120
44837,6,**
,,
44839,,6750
44839,1,2230
44839,2,1560
44839,3,1070
44839,4,690
44839,5,940
44839,6,260
,,
44840,,1370
44840,1,410
44840,2,400
44840,3,270
44840,4,150
44840,5,140
44840,6,**
,,
44841,,420
44841,1,120
44841,2,130
44841,3,80
44841,4,50
44841,5,40
44841,6,**
,,
44842,,2770
44842,1,1030
44842,2,850
44842,3,450
44842,4,230
44842,5,190
44842,6,20
,,
44843,,1270
44843,1,420
44843,2,380
44843,3,220
44843,4,120
44843,5,110
44843,6,20
,,
44844,,380
44844,1,130
44844,2,100
44844,3,70
44844,4,40
44844,5,40
44844,6,**
,,
44846,,1770
44846,1,570
44846,2,370
44846,3,290
44846,4,210
44846,5,260
44846,6,70
,,
44847,,1810
44847,1,610
44847,2,480
44847,3,330
44847,4,190
44847,5,200
44847,6,**
,,
44849,,1070
44849,1,370
44849,2,350
44849,3,170
44849,4,100
44849,5,80
44849,6,**
,,
44851,,2510
44851,1,920
44851,2,730
44851,3,410
44851,4,250
44851,5,200
44851,6,**
,,
44853,,740
44853,1,240
44853,2,230
44853,3,120
44853,4,60
44853,5,90
44853,6,**
,,
44854,,910
44854,1,320
44854,2,280
44854,3,150
44854,4,80
44854,5,80
44854,6,**
,,
44855,,610
44855,1,220
44855,2,170
44855,3,110
44855,4,60
44855,5,50
44855,6,**
,,
44857,,11620
44857,1,4490
44857,2,3250
44857,3,1730
44857,4,1060
44857,5,910
44857,6,180
,,
44859,,860
44859,1,290
44859,2,270
44859,3,150
44859,4,80
44859,5,70
44859,6,**
,,
44864,,1550
44864,1,570
44864,2,460
44864,3,230
44864,4,150
44864,5,120
44864,6,20
,,
44865,,1450
44865,1,550
44865,2,440
44865,3,240
44865,4,130
44865,5,90
44865,6,**
,,
44866,,880
44866,1,300
44866,2,260
44866,3,150
44866,4,90
44866,5,80
44866,6,**
,,
44867,,1070
44867,1,350
44867,2,310
44867,3,170
44867,4,120
44867,5,120
44867,6,**
,,
44870,,19870
44870,1,8780
44870,2,5560
44870,3,2520
44870,4,1370
44870,5,1310
44870,6,330
,,
44875,,6530
44875,1,2500
44875,2,1860
44875,3,1080
44875,4,590
44875,5,440
44875,6,60
,,
44878,,1220
44878,1,450
44878,2,380
44878,3,190
44878,4,110
44878,5,90
44878,6,**
,,
44880,,1310
44880,1,470
44880,2,400
44880,3,220
44880,4,130
44880,5,90
44880,6,**
,,
44882,,1380
44882,1,460
44882,2,420
44882,3,240
44882,4,150
44882,5,110
44882,6,**
,,
44883,,13560
44883,1,5060
44883,2,4150
44883,3,1930
44883,4,1190
44883,5,1030
44883,6,200
,,
44887,,470
44887,1,150
44887,2,140
44887,3,80
44887,4,60
44887,5,40
44887,6,**
,,
44889,,3270
44889,1,1080
44889,2,790
44889,3,610
44889,4,340
44889,5,390
44889,6,60
,,
44890,,5100
44890,1,1960
44890,2,1530
44890,3,790
44890,4,420
44890,5,340
44890,6,60
,,
44902,,1800
44902,1,1210
44902,2,460
44902,3,90
44902,4,40
44902,5,**
44902,6,**
,,
44903,,11810
44903,1,4800
44903,2,3140
44903,3,1600
44903,4,1010
44903,5,1030
44903,6,230
,,
44904,,7030
44904,1,2270
44904,2,1880
44904,3,1140
44904,4,790
44904,5,800
44904,6,150
,,
44905,,5630
44905,1,2500
44905,2,1830
44905,3,770
44905,4,330
44905,5,200
44905,6,**
,,
44906,,7880
44906,1,3380
44906,2,2260
44906,3,1080
44906,4,530
44906,5,470
44906,6,160
,,
44907,,7070
44907,1,3080
44907,2,2120
44907,3,950
44907,4,470
44907,5,380
44907,6,70
,,
45002,,6680
45002,1,2170
45002,2,1490
45002,3,900
45002,4,620
45002,5,1140
45002,6,360
,,
45003,,470
45003,1,180
45003,2,160
45003,3,80
45003,4,20
45003,5,30
45003,6,**
,,
45005,,14780
45005,1,5320
45005,2,3980
45005,3,2430
45005,4,1490
45005,5,1410
45005,6,150
,,
45011,,31680
45011,1,11240
45011,2,6990
45011,3,3960
45011,4,3110
45011,5,5160
45011,6,1220
,,
45013,,25130
45013,1,8690
45013,2,6830
45013,3,3980
45013,4,2440
45013,5,2700
45013,6,490
,,
45014,,23200
45014,1,7610
45014,2,7110
45014,3,3640
45014,4,2120
45014,5,2300
45014,6,420
,,
45015,,5450
45015,1,2400
45015,2,1860
45015,3,730
45015,4,290
45015,5,170
45015,6,**
,,
45030,,9630
45030,1,2980
45030,2,2360
45030,3,1620
45030,4,1100
45030,5,1380
45030,6,190
,,
45033,,130
45033,1,60
45033,2,40
45033,3,30
45033,4,**
45033,5,**
45033,6,**
,,
45034,,600
45034,1,170
45034,2,90
45034,3,80
45034,4,70
45034,5,140
45034,6,50
,,
45036,,17180
45036,1,5300
45036,2,3560
45036,3,2400
45036,4,1970
45036,5,3110
45036,6,840
,,
45039,,12880
45039,1,3120
45039,2,2300
45039,3,2120
45039,4,1730
45039,5,2770
45039,6,840
,,
45040,,26130
45040,1,7200
45040,2,3780
45040,3,3130
45040,4,2830
45040,5,5970
45040,6,3220
,,
45042,,12770
45042,1,4600
45042,2,3530
45042,3,2030
45042,4,1210
45042,5,1200
45042,6,200
,,
45044,,23790
45044,1,9510
45044,2,5590
45044,3,2950
45044,4,1940
45044,5,2960
45044,6,840
,,
45050,,5340
45050,1,1430
45050,2,1190
45050,3,1010
45050,4,770
45050,5,850
45050,6,90
,,
45052,,2170
45052,1,650
45052,2,430
45052,3,290
45052,4,240
45052,5,410
45052,6,150
,,
45053,,1650
45053,1,430
45053,2,350
45053,3,300
45053,4,230
45053,5,290
45053,6,50
,,
45054,,1140
45054,1,320
45054,2,230
45054,3,210
45054,4,130
45054,5,200
45054,6,50
,,
45056,,7250
45056,1,2540
45056,2,1570
45056,3,1060
45056,4,690
45056,5,1110
45056,6,280
,,
45064,,1340
45064,1,410
45064,2,310
45064,3,280
45064,4,170
45064,5,170
45064,6,**
,,
45065,,2560
45065,1,900
45065,2,610
45065,3,320
45065,4,220
45065,5,350
45065,6,160
,,
45066,,12270
45066,1,3220
45066,2,1650
45066,3,1690
45066,4,1550
45066,5,2980
45066,6,1180
,,
45067,,6700
45067,1,2070
45067,2,2020
45067,3,1220
45067,4,770
45067,5,590
45067,6,30
,,
45068,,5520
45068,1,1630
45068,2,1000
45068,3,800
45068,4,630
45068,5,1060
45068,6,400
,,
45069,,25850
45069,1,7110
45069,2,4810
45069,3,3530
45069,4,2920
45069,5,5480
45069,6,2000
,,
45101,,880
45101,1,370
45101,2,260
45101,3,100
45101,4,70
45101,5,80
45101,6,**
,,
45102,,11010
45102,1,3750
45102,2,2890
45102,3,1770
45102,4,1220
45102,5,1260
45102,6,120
,,
45103,,16280
45103,1,5350
45103,2,4160
45103,3,2580
45103,4,1730
45103,5,2100
45103,6,360
,,
45106,,5430
45106,1,1970
45106,2,1470
45106,3,920
45106,4,510
45106,5,480
45106,6,80
,,
45107,,4420
45107,1,1510
45107,2,1300
45107,3,740
45107,4,430
45107,5,380
45107,6,60
,,
45111,,210
45111,1,60
45111,2,70
45111,3,50
45111,4,**
45111,5,30
45111,6,**
,,
45113,,1960
45113,1,640
45113,2,460
45113,3,290
45113,4,210
45113,5,290
45113,6,70
,,
45118,,1790
45118,1,580
45118,2,530
45118,3,310
45118,4,180
45118,5,190
45118,6,**
,,
45120,,1460
45120,1,580
45120,2,400
45120,3,210
45120,4,150
45120,5,120
45120,6,**
,,
45121,,3730
45121,1,1410
45121,2,1100
45121,3,560
45121,4,340
45121,5,270
45121,6,50
,,
45122,,5000
45122,1,1780
45122,2,1410
45122,3,770
45122,4,450
45122,5,510
45122,6,80
,,
45123,,3570
45123,1,1510
45123,2,1080
45123,3,450
45123,4,270
45123,5,220
45123,6,40
,,
45130,,1550
45130,1,580
45130,2,460
45130,3,260
45130,4,130
45130,5,120
45130,6,**
,,
45133,,9860
45133,1,4120
45133,2,2760
45133,3,1490
45133,4,760
45133,5,630
45133,6,100
,,
45135,,2070
45135,1,720
45135,2,620
45135,3,350
45135,4,190
45135,5,170
45135,6,20
,,
45140,,26250
45140,1,7370
45140,2,4840
45140,3,3430
45140,4,2670
45140,5,5330
45140,6,2610
,,
45142,,1950
45142,1,670
45142,2,620
45142,3,330
45142,4,190
45142,5,140
45142,6,**
,,
45144,,1470
45144,1,620
45144,2,440
45144,3,190
45144,4,120
45144,5,100
45144,6,**
,,
45146,,660
45146,1,260
45146,2,180
45146,3,100
45146,4,60
45146,5,60
45146,6,**
,,
45148,,720
45148,1,270
45148,2,200
45148,3,120
45148,4,70
45148,5,60
45148,6,**
,,
45150,,16240
45150,1,5210
45150,2,3700
45150,3,2460
45150,4,1740
45150,5,2540
45150,6,590
,,
45152,,5920
45152,1,1600
45152,2,1220
45152,3,930
45152,4,770
45152,5,1160
45152,6,240
,,
45153,,780
45153,1,260
45153,2,220
45153,3,110
45153,4,80
45153,5,110
45153,6,**
,,
45154,,4140
45154,1,1510
45154,2,1240
45154,3,700
45154,4,360
45154,5,300
45154,6,30
,,
45157,,4440
45157,1,1540
45157,2,1060
45157,3,650
45157,4,450
45157,5,590
45157,6,150
,,
45159,,1570
45159,1,570
45159,2,480
45159,3,250
45159,4,130
45159,5,140
45159,6,**
,,
45160,,350
45160,1,150
45160,2,100
45160,3,70
45160,4,**
45160,5,30
45160,6,**
,,
45162,,1240
45162,1,360
45162,2,340
45162,3,220
45162,4,150
45162,5,170
45162,6,**
,,
45167,,1430
45167,1,570
45167,2,430
45167,3,200
45167,4,130
45167,5,100
45167,6,**
,,
45168,,680
45168,1,260
45168,2,210
45168,3,100
45168,4,50
45168,5,60
45168,6,**
,,
45169,,2160
45169,1,850
45169,2,680
45169,3,320
45169,4,160
45169,5,120
45169,6,30
,,
45171,,2740
45171,1,1010
45171,2,730
45171,3,460
45171,4,270
45171,5,240
45171,6,30
,,
45174,,1100
45174,1,280
45174,2,80
45174,3,100
45174,4,80
45174,5,240
45174,6,320
,,
45176,,4110
45176,1,1450
45176,2,1140
45176,3,660
45176,4,450
45176,5,370
45176,6,40
,,
45177,,10240
45177,1,3760
45177,2,2720
45177,3,1540
45177,4,1010
45177,5,1020
45177,6,190
,,
45202,,8550
45202,1,2380
45202,2,1900
45202,3,1320
45202,4,840
45202,5,1210
45202,6,900
,,
45203,,970
45203,1,560
45203,2,180
45203,3,100
45203,4,50
45203,5,80
45203,6,**
,,
45204,,2360
45204,1,1280
45204,2,690
45204,3,220
45204,4,80
45204,5,70
45204,6,20
,,
45205,,7300
45205,1,4210
45205,2,2120
45205,3,580
45205,4,230
45205,5,140
45205,6,20
,,
45206,,5050
45206,1,2040
45206,2,1280
45206,3,700
45206,4,320
45206,5,410
45206,6,300
,,
45207,,2430
45207,1,1440
45207,2,670
45207,3,180
45207,4,70
45207,5,70
45207,6,**
,,
45208,,9820
45208,1,1940
45208,2,1750
45208,3,1350
45208,4,900
45208,5,1910
45208,6,1970
,,
45209,,6070
45209,1,1280
45209,2,1760
45209,3,1200
45209,4,680
45209,5,920
45209,6,230
,,
45211,,17740
45211,1,7530
45211,2,5440
45211,3,2380
45211,4,1150
45211,5,1120
45211,6,120
,,
45212,,10440
45212,1,4110
45212,2,3240
45212,3,1540
45212,4,730
45212,5,730
45212,6,90
,,
45213,,6230
45213,1,2140
45213,2,1790
45213,3,880
45213,4,540
45213,5,700
45213,6,180
,,
45214,,3110
45214,1,2080
45214,2,710
45214,3,170
45214,4,70
45214,5,80
45214,6,**
,,
45215,,14720
45215,1,5620
45215,2,3960
45215,3,1710
45215,4,1070
45215,5,1540
45215,6,820
,,
45216,,4120
45216,1,1900
45216,2,1390
45216,3,460
45216,4,220
45216,5,150
45216,6,**
,,
45217,,3100
45217,1,1280
45217,2,960
45217,3,420
45217,4,220
45217,5,190
45217,6,30
,,
45218,,2040
45218,1,680
45218,2,560
45218,3,360
45218,4,220
45218,5,200
45218,6,20
,,
45219,,4550
45219,1,2840
45219,2,1070
45219,3,340
45219,4,140
45219,5,130
45219,6,30
,,
45220,,5370
45220,1,2310
45220,2,1260
45220,3,560
45220,4,290
45220,5,550
45220,6,400
,,
45223,,6210
45223,1,3040
45223,2,1670
45223,3,750
45223,4,350
45223,5,340
45223,6,60
,,
45224,,10130
45224,1,3890
45224,2,2900
45224,3,1460
45224,4,820
45224,5,880
45224,6,180
,,
45225,,2970
45225,1,2250
45225,2,570
45225,3,110
45225,4,40
45225,5,**
45225,6,**
,,
45226,,3250
45226,1,750
45226,2,760
45226,3,500
45226,4,280
45226,5,490
45226,6,470
,,
45227,,9280
45227,1,3100
45227,2,2550
45227,3,1360
45227,4,780
45227,5,970
45227,6,520
,,
45229,,5000
45229,1,2810
45229,2,1150
45229,3,370
45229,4,210
45229,5,300
45229,6,160
,,
45230,,14010
45230,1,4100
45230,2,3250
45230,3,2150
45230,4,1470
45230,5,2140
45230,6,900
,,
45231,,20990
45231,1,8000
45231,2,6280
45231,3,3040
45231,4,1750
45231,5,1680
45231,6,240
,,
45232,,2600
45232,1,1780
45232,2,560
45232,3,150
45232,4,60
45232,5,50
45232,6,**
,,
45233,,7930
45233,1,2420
45233,2,1530
45233,3,1060
45233,4,870
45233,5,1500
45233,6,550
,,
45236,,12830
45236,1,3750
45236,2,3530
45236,3,2210
45236,4,1360
45236,5,1450
45236,6,530
,,
45237,,9800
45237,1,4560
45237,2,2900
45237,3,1130
45237,4,480
45237,5,490
45237,6,240
,,
45238,,23420
45238,1,8630
45238,2,7060
45238,3,3440
45238,4,2080
45238,5,1930
45238,6,280
,,
45239,,14460
45239,1,5780
45239,2,4470
45239,3,2120
45239,4,1070
45239,5,950
45239,6,70
,,
45240,,14230
45240,1,5540
45240,2,4380
45240,3,2020
45240,4,1140
45240,5,1060
45240,6,90
,,
45241,,12960
45241,1,3740
45241,2,2700
45241,3,1930
45241,4,1300
45241,5,2210
45241,6,1080
,,
45242,,11580
45242,1,3090
45242,2,1860
45242,3,1500
45242,4,1140
45242,5,2310
45242,6,1680
,,
45243,,7560
45243,1,1860
45243,2,900
45243,3,730
45243,4,660
45243,5,1470
45243,6,1940
,,
45244,,14010
45244,1,4200
45244,2,2580
45244,3,1670
45244,4,1260
45244,5,2630
45244,6,1670
,,
45245,,9940
45245,1,3060
45245,2,2580
45245,3,1530
45245,4,1030
45245,5,1340
45245,6,400
,,
45246,,7870
45246,1,2730
45246,2,2370
45246,3,1190
45246,4,620
45246,5,690
45246,6,270
,,
45247,,12710
45247,1,3570
45247,2,2790
45247,3,1910
45247,4,1460
45247,5,2240
45247,6,740
,,
45248,,13180
45248,1,3830
45248,2,3300
45248,3,2230
45248,4,1470
45248,5,1850
45248,6,500
,,
45249,,6770
45249,1,1880
45249,2,1100
45249,3,840
45249,4,650
45249,5,1260
45249,6,1040
,,
45251,,11310
45251,1,4090
45251,2,3410
45251,3,1720
45251,4,990
45251,5,1000
45251,6,100
,,
45252,,2630
45252,1,710
45252,2,550
45252,3,410
45252,4,310
45252,5,490
45252,6,160
,,
45255,,11300
45255,1,3310
45255,2,2380
45255,3,1660
45255,4,1200
45255,5,1970
45255,6,780
,,
45302,,2130
45302,1,620
45302,2,470
45302,3,400
45302,4,280
45302,5,320
45302,6,40
,,
45303,,1030
45303,1,380
45303,2,320
45303,3,160
45303,4,90
45303,5,80
45303,6,**
,,
45304,,3430
45304,1,1120
45304,2,920
45304,3,640
45304,4,360
45304,5,350
45304,6,40
,,
45305,,5630
45305,1,1600
45305,2,980
45305,3,830
45305,4,650
45305,5,1210
45305,6,360
,,
45306,,1120
45306,1,320
45306,2,310
45306,3,220
45306,4,140
45306,5,110
45306,6,20
,,
45308,,2160
45308,1,720
45308,2,700
45308,3,350
45308,4,210
45308,5,150
45308,6,30
,,
45309,,5920
45309,1,1930
45309,2,1510
45309,3,1000
45309,4,620
45309,5,730
45309,6,130
,,
45311,,2610
45311,1,970
45311,2,740
45311,3,400
45311,4,250
45311,5,220
45311,6,30
,,
45312,,780
45312,1,230
45312,2,190
45312,3,140
45312,4,100
45312,5,120
45312,6,**
,,
45314,,1620
45314,1,600
45314,2,310
45314,3,230
45314,4,190
45314,5,260
45314,6,30
,,
45315,,2420
45315,1,700
45315,2,480
45315,3,400
45315,4,340
45315,5,410
45315,6,90
,,
45317,,510
45317,1,160
45317,2,150
45317,3,90
45317,4,60
45317,5,50
45317,6,**
,,
45318,,2580
45318,1,820
45318,2,740
45318,3,440
45318,4,280
45318,5,260
45318,6,40
,,
45320,,7220
45320,1,2530
45320,2,1990
45320,3,1210
45320,4,780
45320,5,610
45320,6,100
,,
45321,,420
45321,1,140
45321,2,140
45321,3,80
45321,4,40
45321,5,20
45321,6,**
,,
45322,,10740
45322,1,3420
45322,2,3070
45322,3,1890
45322,4,1190
45322,5,1060
45322,6,110
,,
45323,,2680
45323,1,820
45323,2,700
45323,3,470
45323,4,320
45323,5,330
45323,6,40
,,
45324,,17750
45324,1,7010
45324,2,4720
45324,3,2660
45324,4,1560
45324,5,1650
45324,6,150
,,
45325,,1190
45325,1,340
45325,2,290
45325,3,220
45325,4,150
45325,5,190
45325,6,**
,,
45326,,590
45326,1,210
45326,2,140
45326,3,100
45326,4,70
45326,5,70
45326,6,**
,,
45327,,4340
45327,1,1380
45327,2,1050
45327,3,790
45327,4,500
45327,5,540
45327,6,80
,,
45331,,10970
45331,1,4230
45331,2,3450
45331,3,1590
45331,4,860
45331,5,700
45331,6,140
,,
45332,,250
45332,1,100
45332,2,70
45332,3,40
45332,4,40
45332,5,**
45332,6,**
,,
45333,,700
45333,1,240
45333,2,200
45333,3,110
45333,4,80
45333,5,70
45333,6,**
,,
45334,,980
45334,1,280
45334,2,280
45334,3,190
45334,4,120
45334,5,110
45334,6,**
,,
45335,,3390
45335,1,1080
45335,2,870
45335,3,580
45335,4,410
45335,5,400
45335,6,50
,,
45337,,840
45337,1,260
45337,2,200
45337,3,170
45337,4,110
45337,5,100
45337,6,**
,,
45338,,2530
45338,1,900
45338,2,700
45338,3,430
45338,4,250
45338,5,220
45338,6,30
,,
45339,,630
45339,1,180
45339,2,170
45339,3,120
45339,4,70
45339,5,90
45339,6,**
,,
45340,,400
45340,1,120
45340,2,100
45340,3,80
45340,4,60
45340,5,40
45340,6,**
,,
45341,,1750
45341,1,710
45341,2,490
45341,3,290
45341,4,150
45341,5,110
45341,6,**
,,
45342,,17830
45342,1,5920
45342,2,4540
45342,3,2990
45342,4,1860
45342,5,2200
45342,6,320
,,
45344,,7940
45344,1,2850
45344,2,2250
45344,3,1240
45344,4,760
45344,5,730
45344,6,110
,,
45345,,2800
45345,1,1060
45345,2,830
45345,3,450
45345,4,250
45345,5,210
45345,6,**
,,
45346,,1060
45346,1,360
45346,2,320
45346,3,180
45346,4,110
45346,5,90
45346,6,**
,,
45347,,1970
45347,1,770
45347,2,550
45347,3,320
45347,4,190
45347,5,140
45347,6,**
,,
45348,,420
45348,1,140
45348,2,130
45348,3,70
45348,4,40
45348,5,40
45348,6,**
,,
45356,,12070
45356,1,4750
45356,2,3660
45356,3,1730
45356,4,970
45356,5,800
45356,6,160
,,
45359,,930
45359,1,280
45359,2,260
45359,3,180
45359,4,110
45359,5,100
45359,6,**
,,
45362,,530
45362,1,150
45362,2,180
45362,3,90
45362,4,60
45362,5,50
45362,6,**
,,
45363,,860
45363,1,260
45363,2,220
45363,3,140
45363,4,110
45363,5,100
45363,6,30
,,
45365,,14450
45365,1,5340
45365,2,4400
45365,3,2180
45365,4,1200
45365,5,1110
45365,6,220
,,
45368,,2330
45368,1,780
45368,2,620
45368,3,390
45368,4,240
45368,5,270
45368,6,30
,,
45369,,1730
45369,1,540
45369,2,450
45369,3,280
45369,4,220
45369,5,210
45369,6,30
,,
45370,,1160
45370,1,330
45370,2,210
45370,3,160
45370,4,130
45370,5,200
45370,6,130
,,
45371,,10390
45371,1,3100
45371,2,2180
45371,3,1670
45371,4,1250
45371,5,1800
45371,6,390
,,
45373,,17280
45373,1,5510
45373,2,4400
45373,3,2690
45373,4,1910
45373,5,2260
45373,6,510
,,
45377,,7890
45377,1,2550
45377,2,2140
45377,3,1270
45377,4,770
45377,5,990
45377,6,170
,,
45380,,2680
45380,1,860
45380,2,690
45380,3,480
45380,4,290
45380,5,300
45380,6,60
,,
45381,,2520
45381,1,870
45381,2,690
45381,3,440
45381,4,280
45381,5,220
45381,6,20
,,
45382,,520
45382,1,180
45382,2,140
45382,3,100
45382,4,60
45382,5,40
45382,6,**
,,
45383,,3310
45383,1,1180
45383,2,970
45383,3,540
45383,4,310
45383,5,280
45383,6,30
,,
45385,,18170
45385,1,6600
45385,2,4470
45385,3,2670
45385,4,1660
45385,5,2140
45385,6,630
,,
45387,,2880
45387,1,900
45387,2,600
45387,3,440
45387,4,300
45387,5,500
45387,6,140
,,
45388,,360
45388,1,100
45388,2,100
45388,3,50
45388,4,50
45388,5,60
45388,6,**
,,
45390,,1370
45390,1,600
45390,2,410
45390,3,210
45390,4,70
45390,5,80
45390,6,**
,,
45402,,4350
45402,1,2270
45402,2,1150
45402,3,450
45402,4,190
45402,5,220
45402,6,70
,,
45403,,5570
45403,1,3080
45403,2,1710
45403,3,480
45403,4,180
45403,5,120
45403,6,**
,,
45404,,4090
45404,1,2240
45404,2,1260
45404,3,360
45404,4,130
45404,5,100
45404,6,**
,,
45405,,7750
45405,1,4240
45405,2,2270
45405,3,740
45405,4,270
45405,5,190
45405,6,40
,,
45406,,8970
45406,1,5020
45406,2,2490
45406,3,810
45406,4,360
45406,5,290
45406,6,**
,,
45409,,3070
45409,1,930
45409,2,700
45409,3,480
45409,4,290
45409,5,480
45409,6,190
,,
45410,,6410
45410,1,3140
45410,2,1990
45410,3,770
45410,4,320
45410,5,190
45410,6,**
,,
45414,,9980
45414,1,4150
45414,2,2570
45414,3,1320
45414,4,800
45414,5,890
45414,6,250
,,
45415,,6200
45415,1,2110
45415,2,1680
45415,3,1040
45415,4,620
45415,5,640
45415,6,110
,,
45416,,2550
45416,1,1280
45416,2,860
45416,3,260
45416,4,110
45416,5,40
45416,6,**
,,
45417,,11190
45417,1,6760
45417,2,3110
45417,3,830
45417,4,300
45417,5,190
45417,6,**
,,
45419,,8020
45419,1,2460
45419,2,1690
45419,3,1080
45419,4,800
45419,5,1350
45419,6,640
,,
45420,,12210
45420,1,4760
45420,2,3900
45420,3,2040
45420,4,910
45420,5,580
45420,6,20
,,
45424,,24640
45424,1,8400
45424,2,6770
45424,3,4170
45424,4,2520
45424,5,2560
45424,6,220
,,
45426,,7780
45426,1,3640
45426,2,2460
45426,3,930
45426,4,440
45426,5,280
45426,6,30
,,
45429,,13980
45429,1,4290
45429,2,3360
45429,3,2200
45429,4,1490
45429,5,1950
45429,6,690
,,
45430,,3930
45430,1,1010
45430,2,740
45430,3,670
45430,4,540
45430,5,800
45430,6,170
,,
45431,,12750
45431,1,4020
45431,2,3260
45431,3,2080
45431,4,1370
45431,5,1710
45431,6,310
,,
45432,,7460
45432,1,2480
45432,2,1980
45432,3,1170
45432,4,760
45432,5,940
45432,6,130
,,
45433,,810
45433,1,410
45433,2,160
45433,3,90
45433,4,70
45433,5,80
45433,6,**
,,
45434,,6240
45434,1,1550
45434,2,860
45434,3,840
45434,4,830
45434,5,1680
45434,6,480
,,
45439,,5350
45439,1,2220
45439,2,1750
45439,3,800
45439,4,340
45439,5,240
45439,6,**
,,
45440,,10880
45440,1,3240
45440,2,2420
45440,3,1660
45440,4,1310
45440,5,1820
45440,6,430
,,
45449,,9340
45449,1,3710
45449,2,2950
45449,3,1420
45449,4,710
45449,5,520
45449,6,30
,,
45458,,17150
45458,1,4490
45458,2,2850
45458,3,2460
45458,4,1950
45458,5,3740
45458,6,1660
,,
45459,,15020
45459,1,4140
45459,2,2950
45459,3,2310
45459,4,1810
45459,5,2830
45459,6,980
,,
45502,,8040
45502,1,2360
45502,2,1820
45502,3,1390
45502,4,1030
45502,5,1240
45502,6,200
,,
45503,,15150
45503,1,5980
45503,2,4450
45503,3,2320
45503,4,1220
45503,5,1010
45503,6,170
,,
45504,,7500
45504,1,2770
45504,2,1890
45504,3,1150
45504,4,710
45504,5,780
45504,6,200
,,
45505,,8220
45505,1,4250
45505,2,2440
45505,3,850
45505,4,420
45505,5,230
45505,6,30
,,
45506,,5550
45506,1,2840
45506,2,1600
45506,3,620
45506,4,270
45506,5,200
45506,6,20
,,
45601,,23400
45601,1,8960
45601,2,6410
45601,3,3700
45601,4,2040
45601,5,1950
45601,6,340
,,
45612,,1930
45612,1,830
45612,2,560
45612,3,300
45612,4,130
45612,5,110
45612,6,**
,,
45613,,1360
45613,1,550
45613,2,400
45613,3,190
45613,4,110
45613,5,110
45613,6,**
,,
45614,,1810
45614,1,730
45614,2,480
45614,3,250
45614,4,150
45614,5,170
45614,6,30
,,
45616,,470
45616,1,230
45616,2,130
45616,3,60
45616,4,30
45616,5,20
45616,6,**
,,
45619,,3350
45619,1,1330
45619,2,880
45619,3,520
45619,4,290
45619,5,280
45619,6,50
,,
45620,,390
45620,1,160
45620,2,110
45620,3,60
45620,4,30
45620,5,30
45620,6,**
,,
45622,,190
45622,1,70
45622,2,60
45622,3,30
45622,4,30
45622,5,**
45622,6,**
,,
45623,,1270
45623,1,520
45623,2,340
45623,3,210
45623,4,100
45623,5,100
45623,6,**
,,
45628,,2340
45628,1,820
45628,2,680
45628,3,400
45628,4,210
45628,5,200
45628,6,30
,,
45629,,1180
45629,1,440
45629,2,320
45629,3,190
45629,4,110
45629,5,120
45629,6,**
,,
45631,,6060
45631,1,2450
45631,2,1530
45631,3,890
45631,4,520
45631,5,560
45631,6,110
,,
45634,,740
45634,1,320
45634,2,220
45634,3,120
45634,4,50
45634,5,30
45634,6,**
,,
45638,,8430
45638,1,3640
45638,2,2350
45638,3,1140
45638,4,640
45638,5,580
45638,6,80
,,
45640,,6710
45640,1,2630
45640,2,1790
45640,3,1060
45640,4,590
45640,5,530
45640,6,110
,,
45644,,1980
45644,1,670
45644,2,520
45644,3,360
45644,4,220
45644,5,190
45644,6,20
,,
45645,,1130
45645,1,400
45645,2,300
45645,3,190
45645,4,120
45645,5,120
45645,6,**
,,
45646,,150
45646,1,70
45646,2,40
45646,3,40
45646,4,**
45646,5,**
45646,6,**
,,
45647,,990
45647,1,390
45647,2,280
45647,3,160
45647,4,90
45647,5,70
45647,6,**
,,
45648,,4460
45648,1,1680
45648,2,1190
45648,3,720
45648,4,400
45648,5,420
45648,6,50
,,
45650,,140
45650,1,80
45650,2,30
45650,3,30
45650,4,**
45650,5,.
45650,6,**
,,
45651,,2220
45651,1,870
45651,2,670
45651,3,340
45651,4,170
45651,5,170
45651,6,**
,,
45652,,1260
45652,1,520
45652,2,290
45652,3,200
45652,4,110
45652,5,140
45652,6,**
,,
45653,,1560
45653,1,530
45653,2,390
45653,3,250
45653,4,180
45653,5,190
45653,6,20
,,
45654,,380
45654,1,140
45654,2,120
45654,3,60
45654,4,30
45654,5,30
45654,6,**
,,
45656,,2490
45656,1,1050
45656,2,720
45656,3,360
45656,4,210
45656,5,150
45656,6,**
,,
45657,,910
45657,1,400
45657,2,240
45657,3,130
45657,4,80
45657,5,60
45657,6,**
,,
45658,,910
45658,1,360
45658,2,270
45658,3,140
45658,4,70
45658,5,70
45658,6,**
,,
45659,,1020
45659,1,430
45659,2,310
45659,3,140
45659,4,80
45659,5,60
45659,6,**
,,
45660,,3030
45660,1,1330
45660,2,820
45660,3,400
45660,4,240
45660,5,220
45660,6,20
,,
45661,,2860
45661,1,1210
45661,2,740
45661,3,420
45661,4,230
45661,5,230
45661,6,30
,,
45662,,10280
45662,1,4870
45662,2,2560
45662,3,1320
45662,4,720
45662,5,650
45662,6,160
,,
45663,,2490
45663,1,1100
45663,2,700
45663,3,340
45663,4,180
45663,5,170
45663,6,**
,,
45669,,4710
45669,1,1650
45669,2,1220
45669,3,710
45669,4,480
45669,5,550
45669,6,100
,,
45671,,180
45671,1,90
45671,2,50
45671,3,40
45671,4,**
45671,5,**
45671,6,0
,,
45672,,690
45672,1,250
45672,2,220
45672,3,110
45672,4,60
45672,5,50
45672,6,**
,,
45673,,180
45673,1,80
45673,2,50
45673,3,50
45673,4,**
45673,5,**
45673,6,**
,,
45678,,470
45678,1,180
45678,2,150
45678,3,70
45678,4,30
45678,5,40
45678,6,**
,,
45679,,1230
45679,1,490
45679,2,360
45679,3,190
45679,4,110
45679,5,80
45679,6,**
,,
45680,,5250
45680,1,2220
45680,2,1450
45680,3,730
45680,4,430
45680,5,370
45680,6,50
,,
45681,,630
45681,1,250
45681,2,200
45681,3,110
45681,4,30
45681,5,40
45681,6,**
,,
45682,,830
45682,1,310
45682,2,260
45682,3,130
45682,4,70
45682,5,60
45682,6,**
,,
45684,,730
45684,1,280
45684,2,180
45684,3,110
45684,4,70
45684,5,90
45684,6,**
,,
45685,,500
45685,1,200
45685,2,130
45685,3,70
45685,4,40
45685,5,60
45685,6,**
,,
45686,,1190
45686,1,550
45686,2,320
45686,3,210
45686,4,60
45686,5,50
45686,6,**
,,
45688,,160
45688,1,70
45688,2,50
45688,3,20
45688,4,20
45688,5,**
45688,6,**
,,
45690,,5750
45690,1,2230
45690,2,1480
45690,3,950
45690,4,500
45690,5,530
45690,6,60
,,
45692,,3330
45692,1,1410
45692,2,960
45692,3,500
45692,4,260
45692,5,180
45692,6,20
,,
45693,,3460
45693,1,1490
45693,2,950
45693,3,490
45693,4,260
45693,5,230
45693,6,40
,,
45694,,4990
45694,1,1840
45694,2,1200
45694,3,820
45694,4,490
45694,5,540
45694,6,100
,,
45695,,230
45695,1,90
45695,2,70
45695,3,40
45695,4,30
45695,5,**
45695,6,**
,,
45696,,550
45696,1,200
45696,2,160
45696,3,80
45696,4,50
45696,5,60
45696,6,**
,,
45697,,2020
45697,1,700
45697,2,570
45697,3,360
45697,4,210
45697,5,180
45697,6,**
,,
45701,,9800
45701,1,4000
45701,2,2150
45701,3,1310
45701,4,840
45701,5,1130
45701,6,370
,,
45710,,2460
45710,1,860
45710,2,710
45710,3,390
45710,4,240
45710,5,230
45710,6,30
,,
45711,,390
45711,1,160
45711,2,120
45711,3,60
45711,4,30
45711,5,20
45711,6,**
,,
45714,,4870
45714,1,2020
45714,2,1300
45714,3,690
45714,4,420
45714,5,390
45714,6,50
,,
45715,,1210
45715,1,470
45715,2,340
45715,3,200
45715,4,100
45715,5,100
45715,6,**
,,
45723,,1530
45723,1,570
45723,2,410
45723,3,260
45723,4,150
45723,5,140
45723,6,**
,,
45724,,700
45724,1,250
45724,2,190
45724,3,110
45724,4,80
45724,5,70
45724,6,**
,,
45727,,230
45727,1,100
45727,2,60
45727,3,40
45727,4,30
45727,5,**
45727,6,**
,,
45729,,730
45729,1,260
45729,2,180
45729,3,110
45729,4,80
45729,5,100
45729,6,**
,,
45732,,1900
45732,1,760
45732,2,630
45732,3,280
45732,4,130
45732,5,100
45732,6,**
,,
45734,,220
45734,1,110
45734,2,70
45734,3,40
45734,4,**
45734,5,**
45734,6,**
,,
45735,,750
45735,1,260
45735,2,230
45735,3,100
45735,4,80
45735,5,80
45735,6,**
,,
45741,,290
45741,1,120
45741,2,90
45741,3,30
45741,4,50
45741,5,**
45741,6,**
,,
45742,,1430
45742,1,480
45742,2,330
45742,3,250
45742,4,170
45742,5,170
45742,6,30
,,
45743,,540
45743,1,210
45743,2,130
45743,3,100
45743,4,60
45743,5,40
45743,6,**
,,
45744,,1330
45744,1,540
45744,2,350
45744,3,200
45744,4,120
45744,5,120
45744,6,**
,,
45745,,480
45745,1,220
45745,2,120
45745,3,70
45745,4,30
45745,5,40
45745,6,**
,,
45746,,170
45746,1,80
45746,2,60
45746,3,30
45746,4,**
45746,5,**
45746,6,0
,,
45750,,12250
45750,1,4890
45750,2,3120
45750,3,1740
45750,4,1070
45750,5,1110
45750,6,320
,,
45760,,1240
45760,1,590
45760,2,320
45760,3,170
45760,4,90
45760,5,70
45760,6,**
,,
45761,,700
45761,1,300
45761,2,220
45761,3,80
45761,4,50
45761,5,50
45761,6,**
,,
45764,,2950
45764,1,1390
45764,2,880
45764,3,380
45764,4,170
45764,5,130
45764,6,**
,,
45766,,610
45766,1,250
45766,2,180
45766,3,100
45766,4,40
45766,5,40
45766,6,**
,,
45767,,1040
45767,1,480
45767,2,260
45767,3,150
45767,4,80
45767,5,70
45767,6,**
,,
45768,,820
45768,1,300
45768,2,220
45768,3,130
45768,4,90
45768,5,80
45768,6,**
,,
45769,,2440
45769,1,1030
45769,2,620
45769,3,380
45769,4,220
45769,5,190
45769,6,**
,,
45770,,220
45770,1,100
45770,2,60
45770,3,30
45770,4,30
45770,5,**
45770,6,**
,,
45771,,1500
45771,1,570
45771,2,450
45771,3,210
45771,4,130
45771,5,140
45771,6,**
,,
45772,,700
45772,1,260
45772,2,180
45772,3,110
45772,4,80
45772,5,70
45772,6,**
,,
45773,,310
45773,1,130
45773,2,90
45773,3,50
45773,4,20
45773,5,20
45773,6,**
,,
45775,,550
45775,1,230
45775,2,160
45775,3,90
45775,4,30
45775,5,40
45775,6,**
,,
45776,,310
45776,1,120
45776,2,100
45776,3,50
45776,4,20
45776,5,20
45776,6,**
,,
45778,,360
45778,1,160
45778,2,110
45778,3,50
45778,4,40
45778,5,**
45778,6,**
,,
45780,,1350
45780,1,570
45780,2,360
45780,3,210
45780,4,90
45780,5,120
45780,6,**
,,
45784,,1500
45784,1,490
45784,2,340
45784,3,240
45784,4,180
45784,5,220
45784,6,30
,,
45786,,1430
45786,1,540
45786,2,360
45786,3,240
45786,4,150
45786,5,140
45786,6,**
,,
45788,,470
45788,1,160
45788,2,140
45788,3,80
45788,4,40
45788,5,50
45788,6,**
,,
45801,,9530
45801,1,4350
45801,2,2700
45801,3,1230
45801,4,640
45801,5,540
45801,6,70
,,
45804,,6200
45804,1,3310
45804,2,1690
45804,3,650
45804,4,290
45804,5,230
45804,6,30
,,
45805,,10850
45805,1,4290
45805,2,2810
45805,3,1490
45805,4,940
45805,5,1010
45805,6,310
,,
45806,,5480
45806,1,1760
45806,2,1390
45806,3,920
45806,4,640
45806,5,640
45806,6,130
,,
45807,,6060
45807,1,1850
45807,2,1560
45807,3,1030
45807,4,670
45807,5,790
45807,6,160
,,
45808,,140
45808,1,60
45808,2,40
45808,3,40
45808,4,**
45808,5,**
45808,6,0
,,
45810,,2880
45810,1,1050
45810,2,790
45810,3,420
45810,4,280
45810,5,310
45810,6,30
,,
45812,,840
45812,1,320
45812,2,280
45812,3,140
45812,4,60
45812,5,40
45812,6,**
,,
45813,,1700
45813,1,570
45813,2,480
45813,3,320
45813,4,180
45813,5,150
45813,6,**
,,
45814,,1290
45814,1,390
45814,2,360
45814,3,220
45814,4,150
45814,5,150
45814,6,20
,,
45817,,2920
45817,1,840
45817,2,660
45817,3,520
45817,4,380
45817,5,440
45817,6,80
,,
45819,,100
45819,1,40
45819,2,30
45819,3,30
45819,4,**
45819,5,**
45819,6,0
,,
45821,,630
45821,1,230
45821,2,210
45821,3,80
45821,4,70
45821,5,40
45821,6,**
,,
45822,,9900
45822,1,3620
45822,2,2830
45822,3,1580
45822,4,900
45822,5,800
45822,6,170
,,
45827,,1070
45827,1,310
45827,2,320
45827,3,190
45827,4,120
45827,5,130
45827,6,**
,,
45828,,3200
45828,1,1000
45828,2,850
45828,3,560
45828,4,360
45828,5,350
45828,6,80
,,
45830,,2970
45830,1,960
45830,2,770
45830,3,480
45830,4,320
45830,5,400
45830,6,40
,,
45831,,1470
45831,1,480
45831,2,440
45831,3,250
45831,4,140
45831,5,160
45831,6,**
,,
45832,,1370
45832,1,420
45832,2,420
45832,3,220
45832,4,160
45832,5,150
45832,6,**
,,
45833,,5190
45833,1,1780
45833,2,1460
45833,3,840
45833,4,550
45833,5,470
45833,6,90
,,
45835,,220
45835,1,80
45835,2,60
45835,3,40
45835,4,40
45835,5,**
45835,6,**
,,
45836,,640
45836,1,220
45836,2,180
45836,3,130
45836,4,70
45836,5,40
45836,6,**
,,
45840,,27000
45840,1,9330
45840,2,7060
45840,3,3960
45840,4,2610
45840,5,3080
45840,6,960
,,
45841,,480
45841,1,150
45841,2,130
45841,3,70
45841,4,70
45841,5,60
45841,6,**
,,
45843,,1690
45843,1,550
45843,2,510
45843,3,300
45843,4,180
45843,5,150
45843,6,**
,,
45844,,1590
45844,1,460
45844,2,390
45844,3,290
45844,4,210
45844,5,210
45844,6,30
,,
45845,,1670
45845,1,490
45845,2,410
45845,3,300
45845,4,180
45845,5,240
45845,6,50
,,
45846,,2140
45846,1,670
45846,2,610
45846,3,330
45846,4,230
45846,5,240
45846,6,60
,,
45849,,500
45849,1,180
45849,2,150
45849,3,90
45849,4,40
45849,5,40
45849,6,**
,,
45850,,1700
45850,1,510
45850,2,440
45850,3,310
45850,4,220
45850,5,200
45850,6,20
,,
45851,,290
45851,1,100
45851,2,80
45851,3,40
45851,4,20
45851,5,50
45851,6,**
,,
45856,,2470
45856,1,820
45856,2,730
45856,3,380
45856,4,260
45856,5,240
45856,6,40
,,
45858,,1520
45858,1,500
45858,2,460
45858,3,240
45858,4,160
45858,5,160
45858,6,**
,,
45860,,1120
45860,1,330
45860,2,260
45860,3,190
45860,4,140
45860,5,170
45860,6,30
,,
45862,,650
45862,1,230
45862,2,200
45862,3,120
45862,4,60
45862,5,40
45862,6,**
,,
45863,,550
45863,1,200
45863,2,180
45863,3,80
45863,4,50
45863,5,40
45863,6,**
,,
45865,,2590
45865,1,740
45865,2,560
45865,3,400
45865,4,350
45865,5,410
45865,6,130
,,
45867,,600
45867,1,190
45867,2,170
45867,3,110
45867,4,60
45867,5,70
45867,6,**
,,
45868,,320
45868,1,90
45868,2,90
45868,3,70
45868,4,40
45868,5,30
45868,6,**
,,
45869,,2360
45869,1,660
45869,2,550
45869,3,410
45869,4,290
45869,5,380
45869,6,70
,,
45871,,1050
45871,1,340
45871,2,310
45871,3,180
45871,4,110
45871,5,90
45871,6,20
,,
45872,,2000
45872,1,760
45872,2,650
45872,3,280
45872,4,170
45872,5,140
45872,6,**
,,
45873,,1100
45873,1,410
45873,2,370
45873,3,150
45873,4,90
45873,5,80
45873,6,**
,,
45874,,1030
45874,1,360
45874,2,330
45874,3,170
45874,4,80
45874,5,90
45874,6,**
,,
45875,,5630
45875,1,1760
45875,2,1440
45875,3,930
45875,4,620
45875,5,750
45875,6,130
,,
45877,,1080
45877,1,330
45877,2,310
45877,3,180
45877,4,120
45877,5,140
45877,6,**
,,
45879,,2900
45879,1,1070
45879,2,920
45879,3,450
45879,4,240
45879,5,190
45879,6,30
,,
45880,,1110
45880,1,350
45880,2,320
45880,3,190
45880,4,130
45880,5,120
45880,6,**
,,
45881,,710
45881,1,200
45881,2,200
45881,3,120
45881,4,80
45881,5,110
45881,6,**
,,
45882,,1430
45882,1,470
45882,2,440
45882,3,240
45882,4,150
45882,5,130
45882,6,**
,,
45883,,2000
45883,1,570
45883,2,490
45883,3,340
45883,4,240
45883,5,280
45883,6,80
,,
45885,,6460
45885,1,2170
45885,2,1870
45885,3,1160
45885,4,660
45885,5,540
45885,6,60
,,
45886,,240
45886,1,90
45886,2,70
45886,3,50
45886,4,30
45886,5,**
45886,6,**
,,
45887,,2160
45887,1,720
45887,2,590
45887,3,400
45887,4,240
45887,5,210
45887,6,**
,,
45889,,750
45889,1,200
45889,2,170
45889,3,110
45889,4,100
45889,5,140
45889,6,30
,,
45890,,310
45890,1,100
45890,2,100
45890,3,50
45890,4,30
45890,5,30
45890,6,**
,,
45891,,7450
45891,1,2810
45891,2,2270
45891,3,1090
45891,4,590
45891,5,570
45891,6,120
,,
45894,,340
45894,1,100
45894,2,110
45894,3,70
45894,4,30
45894,5,30
45894,6,**
,,
45895,,8930
45895,1,2980
45895,2,2360
45895,3,1540
45895,4,990
45895,5,940
45895,6,120
,,
45896,,970
45896,1,330
45896,2,280
45896,3,160
45896,4,100
45896,5,100
45896,6,**
,,
45898,,560
45898,1,210
45898,2,180
45898,3,80
45898,4,60
45898,5,30
45898,6,**
