29001,,860
29001,1,450
29001,2,210
29001,3,90
29001,4,60
29001,5,50
29001,6,**
,,
29003,,2480
29003,1,1240
29003,2,650
29003,3,250
29003,4,140
29003,5,170
29003,6,30
,,
29006,,3830
29006,1,1700
29006,2,1110
29006,3,490
29006,4,250
29006,5,250
29006,6,30
,,
29009,,950
29009,1,400
29009,2,290
29009,3,130
29009,4,70
29009,5,60
29009,6,**
,,
29010,,4410
29010,1,2310
29010,2,1200
29010,3,450
29010,4,210
29010,5,210
29010,6,30
,,
29014,,760
29014,1,280
29014,2,250
29014,3,110
29014,4,60
29014,5,60
29014,6,**
,,
29015,,670
29015,1,310
29015,2,220
29015,3,70
29015,4,40
29015,5,30
29015,6,**
,,
29016,,10460
29016,1,3120
29016,2,2160
29016,3,1430
29016,4,1090
29016,5,2040
29016,6,620
,,
29018,,1520
29018,1,800
29018,2,420
29018,3,160
29018,4,50
29018,5,90
29018,6,**
,,
29020,,9850
29020,1,4080
29020,2,2530
29020,3,1210
29020,4,810
29020,5,970
29020,6,250
,,
29030,,790
29030,1,320
29030,2,210
29030,3,80
29030,4,60
29030,5,80
29030,6,40
,,
29031,,560
29031,1,270
29031,2,200
29031,3,50
29031,4,40
29031,5,**
29031,6,**
,,
29032,,1720
29032,1,850
29032,2,490
29032,3,190
29032,4,100
29032,5,90
29032,6,**
,,
29033,,5750
29033,1,2380
29033,2,1640
29033,3,810
29033,4,450
29033,5,420
29033,6,50
,,
29036,,10980
29036,1,2780
29036,2,1880
29036,3,1420
29036,4,1340
29036,5,2620
29036,6,940
,,
29037,,340
29037,1,150
29037,2,90
29037,3,50
29037,4,30
29037,5,20
29037,6,**
,,
29038,,1060
29038,1,440
29038,2,310
29038,3,120
29038,4,90
29038,5,100
29038,6,**
,,
29039,,1570
29039,1,800
29039,2,450
29039,3,160
29039,4,90
29039,5,70
29039,6,**
,,
29040,,3940
29040,1,1670
29040,2,1200
29040,3,550
29040,4,290
29040,5,230
29040,6,**
,,
29042,,1720
29042,1,970
29042,2,460
29042,3,160
29042,4,50
29042,5,80
29042,6,**
,,
29044,,2300
29044,1,1140
29044,2,640
29044,3,230
29044,4,150
29044,5,140
29044,6,**
,,
29045,,11210
29045,1,3870
29045,2,2730
29045,3,1710
29045,4,1120
29045,5,1410
29045,6,370
,,
29047,,1460
29047,1,690
29047,2,380
29047,3,190
29047,4,90
29047,5,110
29047,6,**
,,
29048,,1910
29048,1,970
29048,2,490
29048,3,210
29048,4,120
29048,5,120
29048,6,**
,,
29051,,370
29051,1,190
29051,2,100
29051,3,30
29051,4,30
29051,5,20
29051,6,**
,,
29052,,900
29052,1,480
29052,2,280
29052,3,80
29052,4,30
29052,5,30
29052,6,**
,,
29053,,7500
29053,1,3590
29053,2,2200
29053,3,950
29053,4,410
29053,5,320
29053,6,30
,,
29054,,4570
29054,1,1460
29054,2,1100
29054,3,660
29054,4,500
29054,5,670
29054,6,180
,,
29055,,1670
29055,1,850
29055,2,450
29055,3,200
29055,4,80
29055,5,90
29055,6,**
,,
29056,,920
29056,1,520
29056,2,240
29056,3,90
29056,4,30
29056,5,40
29056,6,**
,,
29058,,1990
29058,1,890
29058,2,510
29058,3,260
29058,4,150
29058,5,180
29058,6,**
,,
29059,,2450
29059,1,1270
29059,2,620
29059,3,250
29059,4,150
29059,5,140
29059,6,20
,,
29061,,6470
29061,1,2850
29061,2,2020
29061,3,770
29061,4,420
29061,5,360
29061,6,50
,,
29063,,17550
29063,1,5450
29063,2,4130
29063,3,2550
29063,4,1830
29063,5,2890
29063,6,700
,,
29065,,360
29065,1,140
29065,2,120
29065,3,50
29065,4,20
29065,5,30
29065,6,**
,,
29067,,3530
29067,1,1540
29067,2,1000
29067,3,480
29067,4,240
29067,5,240
29067,6,30
,,
29069,,2030
29069,1,1010
29069,2,520
29069,3,210
29069,4,120
29069,5,170
29069,6,**
,,
29070,,6740
29070,1,2550
29070,2,1850
29070,3,950
29070,4,610
29070,5,660
29070,6,120
,,
29072,,26670
29072,1,7300
29072,2,4950
29072,3,3860
29072,4,3200
29072,5,5620
29072,6,1740
,,
29073,,20260
29073,1,7190
29073,2,5510
29073,3,3380
29073,4,2030
29073,5,1960
29073,6,190
,,
29075,,1430
29075,1,500
29075,2,310
29075,3,190
29075,4,190
29075,5,200
29075,6,40
,,
29078,,7240
29078,1,2650
29078,2,1930
29078,3,1100
29078,4,700
29078,5,760
29078,6,100
,,
29080,,1240
29080,1,680
29080,2,350
29080,3,110
29080,4,50
29080,5,50
29080,6,**
,,
29081,,480
29081,1,210
29081,2,130
29081,3,50
29081,4,40
29081,5,50
29081,6,**
,,
29082,,210
29082,1,100
29082,2,50
29082,3,20
29082,4,40
29082,5,**
29082,6,**
,,
29101,,1250
29101,1,630
29101,2,300
29101,3,150
29101,4,80
29101,5,90
29101,6,**
,,
29102,,7250
29102,1,3690
29102,2,1870
29102,3,740
29102,4,420
29102,5,450
29102,6,80
,,
29104,,640
29104,1,320
29104,2,190
29104,3,70
29104,4,30
29104,5,30
29104,6,**
,,
29105,,640
29105,1,320
29105,2,150
29105,3,90
29105,4,40
29105,5,40
29105,6,**
,,
29107,,1200
29107,1,550
29107,2,340
29107,3,140
29107,4,80
29107,5,90
29107,6,**
,,
29108,,8360
29108,1,3790
29108,2,2560
29108,3,940
29108,4,490
29108,5,470
29108,6,110
,,
29111,,580
29111,1,290
29111,2,140
29111,3,60
29111,4,30
29111,5,60
29111,6,**
,,
29112,,1860
29112,1,860
29112,2,540
29112,3,220
29112,4,140
29112,5,100
29112,6,**
,,
29113,,590
29113,1,290
29113,2,150
29113,3,80
29113,4,30
29113,5,40
29113,6,**
,,
29114,,790
29114,1,420
29114,2,210
29114,3,70
29114,4,50
29114,5,40
29114,6,**
,,
29115,,10910
29115,1,6160
29115,2,2880
29115,3,960
29115,4,450
29115,5,380
29115,6,80
,,
29118,,6640
29118,1,2810
29118,2,1710
29118,3,830
29118,4,470
29118,5,640
29118,6,180
,,
29123,,2980
29123,1,1320
29123,2,840
29123,3,420
29123,4,210
29123,5,190
29123,6,**
,,
29125,,1160
29125,1,610
29125,2,340
29125,3,100
29125,4,50
29125,5,60
29125,6,**
,,
29126,,1110
29126,1,350
29126,2,290
29126,3,200
29126,4,110
29126,5,140
29126,6,20
,,
29127,,4200
29127,1,1470
29127,2,1000
29127,3,570
29127,4,440
29127,5,590
29127,6,130
,,
29128,,1970
29128,1,1000
29128,2,580
29128,3,190
29128,4,90
29128,5,90
29128,6,20
,,
29129,,1240
29129,1,580
29129,2,340
29129,3,140
29129,4,80
29129,5,100
29129,6,**
,,
29130,,2870
29130,1,1130
29130,2,740
29130,3,330
29130,4,240
29130,5,330
29130,6,100
,,
29133,,370
29133,1,190
29133,2,90
29133,3,50
29133,4,20
29133,5,20
29133,6,**
,,
29135,,3690
29135,1,1610
29135,2,1050
29135,3,450
29135,4,270
29135,5,250
29135,6,60
,,
29137,,990
29137,1,440
29137,2,300
29137,3,120
29137,4,70
29137,5,60
29137,6,**
,,
29138,,4150
29138,1,1840
29138,2,1330
29138,3,450
29138,4,270
29138,5,260
29138,6,**
,,
29142,,2140
29142,1,1150
29142,2,510
29142,3,220
29142,4,110
29142,5,120
29142,6,30
,,
29145,,360
29145,1,150
29145,2,110
29145,3,50
29145,4,30
29145,5,20
29145,6,**
,,
29146,,660
29146,1,280
29146,2,200
29146,3,80
29146,4,50
29146,5,50
29146,6,**
,,
29148,,2460
29148,1,1230
29148,2,650
29148,3,240
29148,4,150
29148,5,160
29148,6,30
,,
29150,,16480
29150,1,8230
29150,2,4150
29150,3,1620
29150,4,920
29150,5,1170
29150,6,390
,,
29152,,1020
29152,1,520
29152,2,290
29152,3,110
29152,4,50
29152,5,50
29152,6,**
,,
29153,,6580
29153,1,3200
29153,2,1860
29153,3,710
29153,4,390
29153,5,370
29153,6,50
,,
29154,,12890
29154,1,5290
29154,2,3520
29154,3,1870
29154,4,1070
29154,5,1040
29154,6,100
,,
29160,,3390
29160,1,1440
29160,2,910
29160,3,510
29160,4,260
29160,5,240
29160,6,30
,,
29161,,4590
29161,1,2310
29161,2,1130
29161,3,510
29161,4,310
29161,5,290
29161,6,40
,,
29162,,1010
29162,1,450
29162,2,280
29162,3,110
29162,4,80
29162,5,90
29162,6,**
,,
29163,,840
29163,1,490
29163,2,220
29163,3,80
29163,4,20
29163,5,30
29163,6,**
,,
29164,,1830
29164,1,800
29164,2,470
29164,3,230
29164,4,150
29164,5,150
29164,6,30
,,
29166,,350
29166,1,140
29166,2,100
29166,3,50
29166,4,30
29166,5,30
29166,6,**
,,
29168,,1310
29168,1,710
29168,2,360
29168,3,130
29168,4,50
29168,5,60
29168,6,**
,,
29169,,9930
29169,1,4040
29169,2,2790
29169,3,1320
29169,4,680
29169,5,860
29169,6,240
,,
29170,,10000
29170,1,3590
29170,2,2730
29170,3,1620
29170,4,980
29170,5,980
29170,6,100
,,
29172,,3970
29172,1,1730
29172,2,1110
29172,3,520
29172,4,300
29172,5,280
29172,6,30
,,
29175,,140
29175,1,70
29175,2,30
29175,3,20
29175,4,20
29175,5,**
29175,6,**
,,
29178,,1280
29178,1,530
29178,2,420
29178,3,170
29178,4,90
29178,5,70
29178,6,**
,,
29180,,5960
29180,1,2950
29180,2,1610
29180,3,640
29180,4,340
29180,5,340
29180,6,80
,,
29201,,6330
29201,1,3090
29201,2,1480
29201,3,680
29201,4,390
29201,5,460
29201,6,230
,,
29203,,16950
29203,1,10010
29203,2,4500
29203,3,1360
29203,4,560
29203,5,470
29203,6,50
,,
29204,,8080
29204,1,3910
29204,2,2020
29204,3,810
29204,4,480
29204,5,620
29204,6,240
,,
29205,,10430
29205,1,3950
29205,2,2360
29205,3,1150
29205,4,730
29205,5,1410
29205,6,830
,,
29206,,9150
29206,1,2560
29206,2,2060
29206,3,1220
29206,4,860
29206,5,1530
29206,6,920
,,
29209,,15870
29209,1,6450
29209,2,4370
29209,3,2010
29209,4,1060
29209,5,1340
29209,6,640
,,
29210,,16540
29210,1,8080
29210,2,5040
29210,3,1690
29210,4,850
29210,5,790
29210,6,90
,,
29212,,14100
29212,1,4560
29212,2,3290
29212,3,2070
29212,4,1530
29212,5,2150
29212,6,500
,,
29223,,24170
29223,1,9920
29223,2,7010
29223,3,2900
29223,4,1590
29223,5,1990
29223,6,760
,,
29229,,23480
29229,1,7680
29229,2,6490
29229,3,3590
29229,4,2380
29229,5,2910
29229,6,430
,,
29301,,14370
29301,1,6340
29301,2,4010
29301,3,1670
29301,4,870
29301,5,1130
29301,6,350
,,
29302,,7430
29302,1,2580
29302,2,1850
29302,3,930
29302,4,590
29302,5,910
29302,6,570
,,
29303,,8960
29303,1,4500
29303,2,2760
29303,3,950
29303,4,410
29303,5,280
29303,6,60
,,
29306,,6450
29306,1,3510
29306,2,1700
29306,3,520
29306,4,260
29306,5,290
29306,6,170
,,
29307,,8370
29307,1,3240
29307,2,2180
29307,3,1140
29307,4,680
29307,5,880
29307,6,250
,,
29316,,12240
29316,1,4200
29316,2,3360
29316,3,2010
29316,4,1200
29316,5,1300
29316,6,170
,,
29321,,1000
29321,1,440
29321,2,310
29321,3,140
29321,4,60
29321,5,50
29321,6,**
,,
29322,,3720
29322,1,1350
29322,2,950
29322,3,560
29322,4,370
29322,5,400
29322,6,90
,,
29323,,6420
29323,1,2590
29323,2,1690
29323,3,920
29323,4,560
29323,5,560
29323,6,100
,,
29325,,5550
29325,1,2620
29325,2,1520
29325,3,660
29325,4,360
29325,5,340
29325,6,50
,,
29330,,3370
29330,1,1450
29330,2,990
29330,3,420
29330,4,250
29330,5,230
29330,6,30
,,
29332,,1070
29332,1,490
29332,2,250
29332,3,150
29332,4,70
29332,5,90
29332,6,20
,,
29334,,6090
29334,1,2040
29334,2,1650
29334,3,910
29334,4,570
29334,5,760
29334,6,160
,,
29335,,1990
29335,1,1010
29335,2,480
29335,3,260
29335,4,130
29335,5,110
29335,6,**
,,
29340,,8140
29340,1,3820
29340,2,2360
29340,3,1000
29340,4,490
29340,5,400
29340,6,70
,,
29341,,8260
29341,1,3540
29341,2,2250
29341,3,1030
29341,4,710
29341,5,630
29341,6,100
,,
29349,,14030
29349,1,5110
29349,2,3720
29349,3,2040
29349,4,1300
29349,5,1550
29349,6,310
,,
29351,,580
29351,1,300
29351,2,170
29351,3,70
29351,4,40
29351,5,**
29351,6,0
,,
29353,,1650
29353,1,700
29353,2,500
29353,3,240
29353,4,110
29353,5,100
29353,6,**
,,
29355,,320
29355,1,110
29355,2,100
29355,3,40
29355,4,30
29355,5,40
29355,6,**
,,
29356,,3780
29356,1,1410
29356,2,910
29356,3,490
29356,4,340
29356,5,430
29356,6,200
,,
29360,,8610
29360,1,3750
29360,2,2470
29360,3,1090
29360,4,600
29360,5,590
29360,6,110
,,
29365,,5380
29365,1,1860
29365,2,1440
29365,3,910
29365,4,560
29365,5,540
29365,6,70
,,
29369,,7000
29369,1,2260
29369,2,1570
29369,3,1090
29369,4,780
29369,5,1080
29369,6,220
,,
29370,,420
29370,1,210
29370,2,110
29370,3,50
29370,4,20
29370,5,30
29370,6,**
,,
29372,,1810
29372,1,770
29372,2,550
29372,3,230
29372,4,160
29372,5,100
29372,6,**
,,
29374,,1540
29374,1,530
29374,2,390
29374,3,220
29374,4,150
29374,5,210
29374,6,40
,,
29376,,3400
29376,1,1230
29376,2,880
29376,3,480
29376,4,350
29376,5,400
29376,6,60
,,
29379,,7180
29379,1,3240
29379,2,2240
29379,3,890
29379,4,420
29379,5,350
29379,6,40
,,
29384,,1600
29384,1,670
29384,2,440
29384,3,210
29384,4,140
29384,5,140
29384,6,**
,,
29385,,3440
29385,1,1470
29385,2,1040
29385,3,480
29385,4,240
29385,5,190
29385,6,20
,,
29388,,6350
29388,1,2400
29388,2,1690
29388,3,950
29388,4,580
29388,5,640
29388,6,90
,,
29401,,3970
29401,1,1160
29401,2,620
29401,3,390
29401,4,260
29401,5,580
29401,6,960
,,
29403,,9190
29403,1,4390
29403,2,2440
29403,3,870
29403,4,450
29403,5,640
29403,6,400
,,
29404,,870
29404,1,450
29404,2,280
29404,3,80
29404,4,30
29404,5,30
29404,6,**
,,
29405,,11260
29405,1,6240
29405,2,2970
29405,3,950
29405,4,490
29405,5,510
29405,6,100
,,
29406,,12740
29406,1,6610
29406,2,3800
29406,3,1330
29406,4,560
29406,5,400
29406,6,40
,,
29407,,18390
29407,1,6590
29407,2,5100
29407,3,2510
29407,4,1410
29407,5,1990
29407,6,790
,,
29410,,8780
29410,1,2960
29410,2,2350
29410,3,1240
29410,4,850
29410,5,1210
29410,6,170
,,
29412,,20000
29412,1,5980
29412,2,4850
29412,3,2870
29412,4,1940
29412,5,3210
29412,6,1150
,,
29414,,20930
29414,1,5700
29414,2,5490
29414,3,3460
29414,4,2410
29414,5,3310
29414,6,560
,,
29418,,11250
29418,1,4990
29418,2,3500
29418,3,1320
29418,4,660
29418,5,690
29418,6,90
,,
29420,,10570
29420,1,4150
29420,2,2770
29420,3,1390
29420,4,830
29420,5,1200
29420,6,230
,,
29426,,790
29426,1,390
29426,2,240
29426,3,70
29426,4,40
29426,5,50
29426,6,**
,,
29429,,1840
29429,1,640
29429,2,410
29429,3,180
29429,4,160
29429,5,310
29429,6,140
,,
29431,,2620
29431,1,1020
29431,2,720
29431,3,380
29431,4,250
29431,5,220
29431,6,30
,,
29432,,1070
29432,1,460
29432,2,290
29432,3,150
29432,4,80
29432,5,90
29432,6,**
,,
29434,,220
29434,1,100
29434,2,60
29434,3,30
29434,4,30
29434,5,**
29434,6,0
,,
29435,,1690
29435,1,710
29435,2,490
29435,3,250
29435,4,130
29435,5,110
29435,6,**
,,
29436,,1890
29436,1,930
29436,2,530
29436,3,240
29436,4,100
29436,5,90
29436,6,**
,,
29437,,1010
29437,1,380
29437,2,300
29437,3,150
29437,4,80
29437,5,100
29437,6,**
,,
29438,,1380
29438,1,470
29438,2,300
29438,3,140
29438,4,120
29438,5,240
29438,6,110
,,
29440,,11390
29440,1,5810
29440,2,2640
29440,3,1200
29440,4,660
29440,5,820
29440,6,260
,,
29445,,27530
29445,1,10740
29445,2,7580
29445,3,4070
29445,4,2420
29445,5,2470
29445,6,250
,,
29446,,480
29446,1,250
29446,2,120
29446,3,40
29446,4,30
29446,5,40
29446,6,**
,,
29448,,1010
29448,1,430
29448,2,270
29448,3,140
29448,4,80
29448,5,90
29448,6,**
,,
29449,,3820
29449,1,1560
29449,2,960
29449,3,450
29449,4,270
29449,5,420
29449,6,160
,,
29450,,1450
29450,1,710
29450,2,390
29450,3,150
29450,4,90
29450,5,90
29450,6,20
,,
29451,,2330
29451,1,550
29451,2,320
29451,3,210
29451,4,200
29451,5,510
29451,6,540
,,
29453,,530
29453,1,210
29453,2,150
29453,3,90
29453,4,40
29453,5,40
29453,6,**
,,
29455,,11760
29455,1,3580
29455,2,2670
29455,3,1540
29455,4,1020
29455,5,1790
29455,6,1160
,,
29456,,15020
29456,1,5700
29456,2,4600
29456,3,2340
29456,4,1300
29456,5,1000
29456,6,80
,,
29458,,1160
29458,1,540
29458,2,300
29458,3,110
29458,4,70
29458,5,110
29458,6,30
,,
29461,,16670
29461,1,5940
29461,2,4480
29461,3,2610
29461,4,1660
29461,5,1790
29461,6,190
,,
29464,,25160
29464,1,6450
29464,2,4960
29464,3,3380
29464,4,2330
29464,5,4850
29464,6,3190
,,
29466,,16890
29466,1,4290
29466,2,2260
29466,3,1860
29466,4,1720
29466,5,4420
29466,6,2340
,,
29468,,820
29468,1,440
29468,2,230
29468,3,90
29468,4,30
29468,5,30
29468,6,0
,,
29469,,390
29469,1,80
29469,2,100
29469,3,60
29469,4,50
29469,5,80
29469,6,20
,,
29470,,1980
29470,1,780
29470,2,520
29470,3,240
29470,4,140
29470,5,230
29470,6,70
,,
29471,,650
29471,1,300
29471,2,180
29471,3,80
29471,4,40
29471,5,50
29471,6,**
,,
29472,,3740
29472,1,1550
29472,2,980
29472,3,540
29472,4,320
29472,5,310
29472,6,40
,,
29474,,940
29474,1,440
29474,2,240
29474,3,130
29474,4,60
29474,5,70
29474,6,**
,,
29475,,1030
29475,1,500
29475,2,270
29475,3,130
29475,4,70
29475,5,60
29475,6,**
,,
29477,,2710
29477,1,1220
29477,2,710
29477,3,320
29477,4,190
29477,5,220
29477,6,50
,,
29479,,2750
29479,1,1370
29479,2,760
29479,3,310
29479,4,170
29479,5,140
29479,6,**
,,
29481,,730
29481,1,380
29481,2,210
29481,3,80
29481,4,30
29481,5,30
29481,6,**
,,
29482,,1030
29482,1,280
29482,2,110
29482,3,90
29482,4,60
29482,5,160
29482,6,330
,,
29483,,23660
29483,1,8410
29483,2,5920
29483,3,3460
29483,4,2350
29483,5,3040
29483,6,480
,,
29485,,25350
29485,1,8280
29485,2,6100
29485,3,3990
29485,4,2820
29485,5,3700
29485,6,460
,,
29486,,13720
29486,1,4600
29486,2,3630
29486,3,2150
29486,4,1500
29486,5,1670
29486,6,170
,,
29487,,1290
29487,1,530
29487,2,300
29487,3,140
29487,4,80
29487,5,160
29487,6,80
,,
29488,,9300
29488,1,4830
29488,2,2390
29488,3,980
29488,4,510
29488,5,480
29488,6,110
,,
29492,,7480
29492,1,1520
29492,2,1310
29492,3,940
29492,4,740
29492,5,1580
29492,6,1390
,,
29501,,19730
29501,1,7880
29501,2,4510
29501,3,2350
29501,4,1680
29501,5,2340
29501,6,970
,,
29505,,10760
29505,1,4160
29505,2,2680
29505,3,1470
29505,4,990
29505,5,1230
29505,6,230
,,
29506,,7920
29506,1,4780
29506,2,1810
29506,3,610
29506,4,290
29506,5,340
29506,6,90
,,
29510,,4250
29510,1,2180
29510,2,1040
29510,3,470
29510,4,260
29510,5,280
29510,6,20
,,
29511,,2310
29511,1,970
29511,2,610
29511,3,340
29511,4,170
29511,5,190
29511,6,30
,,
29512,,6520
29512,1,3460
29512,2,1910
29512,3,610
29512,4,260
29512,5,240
29512,6,40
,,
29516,,360
29516,1,180
29516,2,110
29516,3,30
29516,4,20
29516,5,20
29516,6,**
,,
29518,,530
29518,1,250
29518,2,140
29518,3,70
29518,4,30
29518,5,40
29518,6,**
,,
29520,,5690
29520,1,2650
29520,2,1580
29520,3,680
29520,4,360
29520,5,350
29520,6,70
,,
29525,,860
29525,1,480
29525,2,250
29525,3,70
29525,4,30
29525,5,30
29525,6,**
,,
29526,,18930
29526,1,8750
29526,2,4710
29526,3,2400
29526,4,1400
29526,5,1380
29526,6,290
,,
29527,,10600
29527,1,5250
29527,2,2880
29527,3,1230
29527,4,650
29527,5,510
29527,6,80
,,
29530,,1090
29530,1,530
29530,2,320
29530,3,120
29530,4,70
29530,5,50
29530,6,**
,,
29532,,8190
29532,1,4420
29532,2,2020
29532,3,790
29532,4,440
29532,5,430
29532,6,90
,,
29536,,6530
29536,1,3600
29536,2,1700
29536,3,610
29536,4,280
29536,5,270
29536,6,70
,,
29540,,2480
29540,1,1200
29540,2,660
29540,3,280
29540,4,150
29540,5,160
29540,6,30
,,
29541,,3910
29541,1,1810
29541,2,1030
29541,3,490
29541,4,270
29541,5,270
29541,6,40
,,
29543,,200
29543,1,80
29543,2,70
29543,3,20
29543,4,30
29543,5,**
29543,6,0
,,
29544,,2360
29544,1,1030
29544,2,610
29544,3,330
29544,4,170
29544,5,200
29544,6,20
,,
29545,,720
29545,1,380
29545,2,180
29545,3,100
29545,4,30
29545,5,30
29545,6,**
,,
29546,,1050
29546,1,590
29546,2,310
29546,3,90
29546,4,30
29546,5,30
29546,6,**
,,
29547,,1070
29547,1,560
29547,2,320
29547,3,100
29547,4,40
29547,5,50
29547,6,**
,,
29550,,12280
29550,1,5480
29550,2,2830
29550,3,1470
29550,4,950
29550,5,1270
29550,6,280
,,
29554,,3710
29554,1,1920
29554,2,970
29554,3,390
29554,4,200
29554,5,200
29554,6,30
,,
29555,,2410
29555,1,1130
29555,2,620
29555,3,280
29555,4,170
29555,5,170
29555,6,40
,,
29556,,4920
29556,1,2830
29556,2,1230
29556,3,420
29556,4,200
29556,5,200
29556,6,40
,,
29560,,5380
29560,1,3000
29560,2,1310
29560,3,510
29560,4,240
29560,5,260
29560,6,60
,,
29563,,1030
29563,1,500
29563,2,310
29563,3,100
29563,4,60
29563,5,60
29563,6,**
,,
29564,,370
29564,1,210
29564,2,110
29564,3,30
29564,4,20
29564,5,**
29564,6,0
,,
29565,,2630
29565,1,1310
29565,2,770
29565,3,240
29565,4,150
29565,5,160
29565,6,**
,,
29566,,9800
29566,1,4300
29566,2,2400
29566,3,1300
29566,4,850
29566,5,780
29566,6,170
,,
29567,,310
29567,1,170
29567,2,90
29567,3,30
29567,4,20
29567,5,**
29567,6,**
,,
29568,,6820
29568,1,3270
29568,2,1690
29568,3,870
29568,4,490
29568,5,420
29568,6,80
,,
29569,,7260
29569,1,3850
29569,2,1860
29569,3,710
29569,4,410
29569,5,370
29569,6,60
,,
29570,,1470
29570,1,800
29570,2,400
29570,3,160
29570,4,70
29570,5,40
29570,6,**
,,
29571,,6300
29571,1,3470
29571,2,1640
29571,3,570
29571,4,300
29571,5,270
29571,6,50
,,
29572,,5540
29572,1,2230
29572,2,1180
29572,3,580
29572,4,400
29572,5,640
29572,6,510
,,
29574,,4520
29574,1,2610
29574,2,1170
29574,3,360
29574,4,180
29574,5,170
29574,6,30
,,
29575,,9020
29575,1,3810
29575,2,2180
29575,3,1140
29575,4,750
29575,5,890
29575,6,250
,,
29576,,15320
29576,1,5440
29576,2,3370
29576,3,2230
29576,4,1610
29576,5,2090
29576,6,580
,,
29577,,15620
29577,1,8040
29577,2,3550
29577,3,1450
29577,4,870
29577,5,1200
29577,6,510
,,
29579,,21160
29579,1,8250
29579,2,5110
29579,3,2840
29579,4,1880
29579,5,2420
29579,6,660
,,
29580,,560
29580,1,320
29580,2,160
29580,3,50
29580,4,30
29580,5,**
29580,6,**
,,
29581,,1710
29581,1,840
29581,2,460
29581,3,190
29581,4,90
29581,5,130
29581,6,**
,,
29582,,9050
29582,1,3440
29582,2,1970
29582,3,1140
29582,4,810
29582,5,1270
29582,6,420
,,
29583,,2030
29583,1,940
29583,2,540
29583,3,240
29583,4,130
29583,5,180
29583,6,**
,,
29584,,920
29584,1,410
29584,2,270
29584,3,120
29584,4,70
29584,5,50
29584,6,**
,,
29585,,8090
29585,1,2490
29585,2,1430
29585,3,1010
29585,4,910
29585,5,1550
29585,6,700
,,
29588,,21520
29588,1,9390
29588,2,5640
29588,3,2900
29588,4,1780
29588,5,1540
29588,6,270
,,
29590,,950
29590,1,560
29590,2,250
29590,3,80
29590,4,40
29590,5,20
29590,6,**
,,
29591,,1890
29591,1,910
29591,2,530
29591,3,220
29591,4,110
29591,5,120
29591,6,**
,,
29592,,470
29592,1,250
29592,2,140
29592,3,50
29592,4,30
29592,5,**
29592,6,0
,,
29593,,770
29593,1,370
29593,2,230
29593,3,100
29593,4,40
29593,5,30
29593,6,**
,,
29596,,950
29596,1,440
29596,2,280
29596,3,150
29596,4,50
29596,5,30
29596,6,**
,,
29601,,5060
29601,1,1680
29601,2,1180
29601,3,660
29601,4,380
29601,5,600
29601,6,560
,,
29605,,15700
29605,1,6660
29605,2,4010
29605,3,1690
29605,4,890
29605,5,1360
29605,6,1090
,,
29607,,19340
29607,1,6790
29607,2,4910
29607,3,2540
29607,4,1550
29607,5,2520
29607,6,1030
,,
29609,,13200
29609,1,5090
29609,2,3220
29609,3,1620
29609,4,1040
29609,5,1590
29609,6,640
,,
29611,,12330
29611,1,6720
29611,2,3550
29611,3,1140
29611,4,470
29611,5,380
29611,6,70
,,
29615,,18700
29615,1,5950
29615,2,4720
29615,3,2600
29615,4,1670
29615,5,2570
29615,6,1190
,,
29617,,11190
29617,1,4930
29617,2,3240
29617,3,1370
29617,4,710
29617,5,780
29617,6,160
,,
29620,,5250
29620,1,2250
29620,2,1500
29620,3,650
29620,4,400
29620,5,390
29620,6,60
,,
29621,,18120
29621,1,6480
29621,2,4360
29621,3,2450
29621,4,1730
29621,5,2380
29621,6,720
,,
29624,,5790
29624,1,3370
29624,2,1750
29624,3,430
29624,4,140
29624,5,100
29624,6,**
,,
29625,,12100
29625,1,5050
29625,2,3260
29625,3,1690
29625,4,960
29625,5,950
29625,6,190
,,
29626,,5540
29626,1,2290
29626,2,1600
29626,3,720
29626,4,430
29626,5,410
29626,6,90
,,
29627,,7480
29627,1,3090
29627,2,2080
29627,3,1020
29627,4,610
29627,5,570
29627,6,110
,,
29628,,910
29628,1,480
29628,2,280
29628,3,90
29628,4,60
29628,5,**
29628,6,**
,,
29630,,5320
29630,1,2430
29630,2,1280
29630,3,640
29630,4,380
29630,5,500
29630,6,90
,,
29631,,4440
29631,1,1800
29631,2,700
29631,3,440
29631,4,360
29631,5,850
29631,6,290
,,
29635,,630
29635,1,230
29635,2,160
29635,3,90
29635,4,60
29635,5,90
29635,6,**
,,
29638,,1140
29638,1,440
29638,2,320
29638,3,170
29638,4,100
29638,5,110
29638,6,**
,,
29639,,540
29639,1,190
29639,2,160
29639,3,80
29639,4,50
29639,5,60
29639,6,**
,,
29640,,13010
29640,1,5420
29640,2,3630
29640,3,1820
29640,4,1040
29640,5,970
29640,6,130
,,
29642,,14910
29642,1,4900
29642,2,3340
29642,3,2180
29642,4,1650
29642,5,2360
29642,6,480
,,
29643,,1190
29643,1,410
29643,2,280
29643,3,190
29643,4,120
29643,5,150
29643,6,40
,,
29644,,8980
29644,1,3280
29644,2,2470
29644,3,1300
29644,4,770
29644,5,970
29644,6,190
,,
29645,,4330
29645,1,1790
29645,2,1270
29645,3,590
29645,4,340
29645,5,290
29645,6,50
,,
29646,,10740
29646,1,5380
29646,2,2850
29646,3,1140
29646,4,590
29646,5,610
29646,6,170
,,
29649,,11450
29649,1,4450
29649,2,2980
29649,3,1570
29649,4,960
29649,5,1180
29649,6,310
,,
29650,,16240
29650,1,4830
29650,2,3340
29650,3,2170
29650,4,1720
29650,5,2980
29650,6,1200
,,
29651,,20280
29651,1,7180
29651,2,4820
29651,3,2840
29651,4,1910
29651,5,2750
29651,6,780
,,
29653,,2000
29653,1,830
29653,2,570
29653,3,250
29653,4,160
29653,5,160
29653,6,30
,,
29654,,3950
29654,1,1560
29654,2,1090
29654,3,630
29654,4,330
29654,5,300
29654,6,40
,,
29655,,2790
29655,1,1210
29655,2,830
29655,3,360
29655,4,210
29655,5,180
29655,6,**
,,
29657,,6240
29657,1,2540
29657,2,1780
29657,3,910
29657,4,510
29657,5,450
29657,6,50
,,
29658,,150
29658,1,70
29658,2,60
29658,3,**
29658,4,20
29658,5,**
29658,6,**
,,
29661,,2240
29661,1,970
29661,2,610
29661,3,300
29661,4,160
29661,5,150
29661,6,50
,,
29662,,7450
29662,1,2630
29662,2,2070
29662,3,1230
29662,4,710
29662,5,740
29662,6,70
,,
29664,,670
29664,1,260
29664,2,180
29664,3,110
29664,4,60
29664,5,60
29664,6,**
,,
29666,,2840
29666,1,1140
29666,2,770
29666,3,350
29666,4,240
29666,5,280
29666,6,60
,,
29667,,170
29667,1,60
29667,2,50
29667,3,40
29667,4,**
29667,5,20
29667,6,**
,,
29669,,5220
29669,1,2060
29669,2,1460
29669,3,740
29669,4,430
29669,5,460
29669,6,70
,,
29670,,3920
29670,1,1580
29670,2,1020
29670,3,500
29670,4,340
29670,5,400
29670,6,80
,,
29671,,7720
29671,1,3030
29671,2,2120
29671,3,1100
29671,4,680
29671,5,690
29671,6,100
,,
29672,,5430
29672,1,1560
29672,2,1050
29672,3,670
29672,4,600
29672,5,1060
29672,6,490
,,
29673,,12130
29673,1,4570
29673,2,3390
29673,3,1740
29673,4,1000
29673,5,1130
29673,6,300
,,
29676,,2610
29676,1,700
29676,2,460
29676,3,340
29676,4,300
29676,5,570
29676,6,240
,,
29678,,9060
29678,1,3920
29678,2,2340
29678,3,1190
29678,4,670
29678,5,790
29678,6,150
,,
29680,,14910
29680,1,4540
29680,2,3540
29680,3,2400
29680,4,1730
29680,5,2290
29680,6,410
,,
29681,,25800
29681,1,7140
29681,2,4670
29681,3,3580
29681,4,2880
29681,5,5590
29681,6,1940
,,
29682,,1670
29682,1,640
29682,2,390
29682,3,230
29682,4,150
29682,5,200
29682,6,60
,,
29684,,1910
29684,1,790
29684,2,570
29684,3,270
29684,4,150
29684,5,130
29684,6,**
,,
29685,,700
29685,1,160
29685,2,130
29685,3,60
29685,4,50
29685,5,140
29685,6,160
,,
29686,,420
29686,1,150
29686,2,110
29686,3,50
29686,4,50
29686,5,60
29686,6,**
,,
29687,,19560
29687,1,7270
29687,2,5280
29687,3,2870
29687,4,1810
29687,5,1980
29687,6,350
,,
29689,,1850
29689,1,680
29689,2,420
29689,3,280
29689,4,170
29689,5,240
29689,6,60
,,
29690,,9250
29690,1,3420
29690,2,2290
29690,3,1310
29690,4,840
29690,5,1070
29690,6,320
,,
29691,,4300
29691,1,1810
29691,2,1240
29691,3,580
29691,4,310
29691,5,320
29691,6,40
,,
29692,,1850
29692,1,810
29692,2,530
29692,3,250
29692,4,140
29692,5,120
29692,6,**
,,
29693,,5790
29693,1,2350
29693,2,1630
29693,3,830
29693,4,450
29693,5,460
29693,6,70
,,
29696,,2030
29696,1,710
29696,2,510
29696,3,270
29696,4,210
29696,5,270
29696,6,60
,,
29697,,5470
29697,1,2090
29697,2,1440
29697,3,810
29697,4,520
29697,5,510
29697,6,100
,,
29702,,3820
29702,1,1710
29702,2,1120
29702,3,500
29702,4,280
29702,5,190
29702,6,20
,,
29704,,1610
29704,1,610
29704,2,410
29704,3,240
29704,4,170
29704,5,180
29704,6,**
,,
29706,,8330
29706,1,4020
29706,2,2370
29706,3,920
29706,4,500
29706,5,450
29706,6,70
,,
29707,,13400
29707,1,2860
29707,2,2500
29707,3,1980
29707,4,1840
29707,5,3330
29707,6,890
,,
29708,,15020
29708,1,3430
29708,2,2210
29708,3,1870
29708,4,1680
29708,5,4070
29708,6,1760
,,
29709,,2600
29709,1,1070
29709,2,740
29709,3,370
29709,4,210
29709,5,190
29709,6,20
,,
29710,,15830
29710,1,4920
29710,2,3520
29710,3,2370
29710,4,1620
29710,5,2530
29710,6,870
,,
29712,,1060
29712,1,400
29712,2,300
29712,3,140
29712,4,110
29712,5,110
29712,6,**
,,
29714,,1230
29714,1,520
29714,2,370
29714,3,170
29714,4,90
29714,5,80
29714,6,**
,,
29715,,15000
29715,1,4310
29715,2,2940
29715,3,1970
29715,4,1610
29715,5,3100
29715,6,1070
,,
29717,,590
29717,1,220
29717,2,180
29717,3,70
29717,4,60
29717,5,60
29717,6,**
,,
29718,,1450
29718,1,680
29718,2,430
29718,3,170
29718,4,100
29718,5,70
29718,6,**
,,
29720,,19630
29720,1,8510
29720,2,5450
29720,3,2420
29720,4,1410
29720,5,1610
29720,6,230
,,
29726,,750
29726,1,270
29726,2,220
29726,3,100
29726,4,90
29726,5,70
29726,6,**
,,
29727,,590
29727,1,290
29727,2,170
29727,3,70
29727,4,30
29727,5,30
29727,6,**
,,
29728,,3770
29728,1,1930
29728,2,1080
29728,3,390
29728,4,220
29728,5,120
29728,6,30
,,
29729,,1040
29729,1,420
29729,2,290
29729,3,160
29729,4,80
29729,5,90
29729,6,**
,,
29730,,24980
29730,1,10840
29730,2,7140
29730,3,3060
29730,4,1700
29730,5,1900
29730,6,340
,,
29732,,27340
29732,1,9020
29732,2,7100
29732,3,3910
29732,4,2740
29732,5,3680
29732,6,890
,,
29741,,710
29741,1,290
29741,2,220
29741,3,110
29741,4,50
29741,5,40
29741,6,0
,,
29742,,1080
29742,1,430
29742,2,340
29742,3,140
29742,4,80
29742,5,90
29742,6,**
,,
29743,,530
29743,1,210
29743,2,140
29743,3,80
29743,4,50
29743,5,50
29743,6,**
,,
29745,,13540
29745,1,5050
29745,2,3300
29745,3,1850
29745,4,1260
29745,5,1700
29745,6,380
,,
29801,,10810
29801,1,5090
29801,2,2470
29801,3,1280
29801,4,730
29801,5,970
29801,6,270
,,
29803,,18230
29803,1,5570
29803,2,3490
29803,3,2480
29803,4,2010
29803,5,3770
29803,6,910
,,
29805,,2400
29805,1,930
29805,2,600
29805,3,340
29805,4,210
29805,5,280
29805,6,40
,,
29809,,1070
29809,1,460
29809,2,290
29809,3,140
29809,4,90
29809,5,90
29809,6,**
,,
29810,,1700
29810,1,1040
29810,2,440
29810,3,120
29810,4,40
29810,5,60
29810,6,**
,,
29812,,4510
29812,1,2090
29812,2,1150
29812,3,530
29812,4,350
29812,5,340
29812,6,50
,,
29817,,1640
29817,1,830
29817,2,490
29817,3,170
29817,4,60
29817,5,90
29817,6,**
,,
29819,,620
29819,1,280
29819,2,180
29819,3,80
29819,4,50
29819,5,30
29819,6,**
,,
29821,,600
29821,1,210
29821,2,150
29821,3,80
29821,4,60
29821,5,100
29821,6,**
,,
29824,,2590
29824,1,1070
29824,2,670
29824,3,310
29824,4,220
29824,5,260
29824,6,60
,,
29827,,1170
29827,1,660
29827,2,330
29827,3,80
29827,4,50
29827,5,50
29827,6,**
,,
29828,,390
29828,1,200
29828,2,110
29828,3,30
29828,4,50
29828,5,**
29828,6,0
,,
29829,,4620
29829,1,1610
29829,2,1090
29829,3,730
29829,4,560
29829,5,590
29829,6,40
,,
29831,,1630
29831,1,620
29831,2,420
29831,3,270
29831,4,150
29831,5,170
29831,6,**
,,
29832,,2200
29832,1,1090
29832,2,610
29832,3,230
29832,4,140
29832,5,130
29832,6,**
,,
29835,,2830
29835,1,1060
29835,2,760
29835,3,370
29835,4,280
29835,5,320
29835,6,40
,,
29836,,190
29836,1,80
29836,2,70
29836,3,40
29836,4,**
29836,5,**
29836,6,0
,,
29838,,240
29838,1,70
29838,2,40
29838,3,50
29838,4,20
29838,5,60
29838,6,**
,,
29841,,14030
29841,1,5320
29841,2,3490
29841,3,1880
29841,4,1300
29841,5,1670
29841,6,370
,,
29842,,3080
29842,1,1440
29842,2,750
29842,3,370
29842,4,230
29842,5,260
29842,6,30
,,
29843,,430
29843,1,190
29843,2,120
29843,3,70
29843,4,20
29843,5,30
29843,6,**
,,
29845,,490
29845,1,210
29845,2,150
29845,3,80
29845,4,30
29845,5,20
29845,6,**
,,
29847,,2040
29847,1,880
29847,2,560
29847,3,260
29847,4,160
29847,5,150
29847,6,30
,,
29848,,340
29848,1,140
29848,2,100
29848,3,50
29848,4,20
29848,5,30
29848,6,**
,,
29849,,120
29849,1,50
29849,2,40
29849,3,**
29849,4,30
29849,5,**
29849,6,**
,,
29851,,3070
29851,1,1390
29851,2,780
29851,3,410
29851,4,240
29851,5,230
29851,6,20
,,
29853,,2510
29853,1,1150
29853,2,680
29853,3,300
29853,4,190
29853,5,170
29853,6,20
,,
29856,,1070
29856,1,490
29856,2,320
29856,3,110
29856,4,80
29856,5,70
29856,6,**
,,
29860,,6860
29860,1,2140
29860,2,1330
29860,3,980
29860,4,830
29860,5,1350
29860,6,230
,,
29902,,6310
29902,1,2240
29902,2,1610
29902,3,910
29902,4,580
29902,5,730
29902,6,240
,,
29904,,520
29904,1,360
29904,2,160
29904,3,**
29904,4,**
29904,5,**
29904,6,0
,,
29905,,290
29905,1,180
29905,2,110
29905,3,**
29905,4,**
29905,5,**
29905,6,0
,,
29906,,8700
29906,1,3750
29906,2,2650
29906,3,1120
29906,4,470
29906,5,590
29906,6,120
,,
29907,,5990
29907,1,1820
29907,2,1290
29907,3,840
29907,4,630
29907,5,1040
29907,6,370
,,
29909,,10570
29909,1,2270
29909,2,2050
29909,3,1700
29909,4,1480
29909,5,2360
29909,6,710
,,
29910,,20710
29910,1,6750
29910,2,4900
29910,3,2690
29910,4,1900
29910,5,3170
29910,6,1300
,,
29911,,630
29911,1,280
29911,2,160
29911,3,100
29911,4,40
29911,5,50
29911,6,**
,,
29915,,210
29915,1,50
29915,2,30
29915,3,40
29915,4,**
29915,5,40
29915,6,50
,,
29916,,600
29916,1,260
29916,2,190
29916,3,70
29916,4,40
29916,5,40
29916,6,**
,,
29918,,1700
29918,1,920
29918,2,450
29918,3,190
29918,4,60
29918,5,80
29918,6,**
,,
29920,,4520
29920,1,1870
29920,2,1050
29920,3,450
29920,4,310
29920,5,610
29920,6,230
,,
29922,,410
29922,1,230
29922,2,130
29922,3,50
29922,4,**
29922,5,**
29922,6,**
,,
29924,,1720
29924,1,770
29924,2,470
29924,3,220
29924,4,120
29924,5,110
29924,6,30
,,
29926,,11750
29926,1,3610
29926,2,2260
29926,3,1280
29926,4,1070
29926,5,2340
29926,6,1190
,,
29927,,3440
29927,1,1640
29927,2,960
29927,3,360
29927,4,180
29927,5,250
29927,6,50
,,
29928,,8170
29928,1,2280
29928,2,1420
29928,3,920
29928,4,680
29928,5,1570
29928,6,1300
,,
29929,,470
29929,1,220
29929,2,110
29929,3,70
29929,4,40
29929,5,30
29929,6,**
,,
29932,,110
29932,1,60
29932,2,50
29932,3,**
29932,4,**
29932,5,**
29932,6,**
,,
29934,,420
29934,1,230
29934,2,120
29934,3,40
29934,4,30
29934,5,**
29934,6,0
,,
29935,,1840
29935,1,760
29935,2,610
29935,3,240
29935,4,110
29935,5,120
29935,6,**
,,
29936,,5400
29936,1,2690
29936,2,1470
29936,3,590
29936,4,300
29936,5,290
29936,6,60
,,
29940,,1490
29940,1,790
29940,2,380
29940,3,120
29940,4,70
29940,5,100
29940,6,30
,,
29941,,340
29941,1,120
29941,2,70
29941,3,40
29941,4,**
29941,5,40
29941,6,70
,,
29943,,240
29943,1,140
29943,2,60
29943,3,20
29943,4,20
29943,5,**
29943,6,**
,,
29944,,1970
29944,1,970
29944,2,550
29944,3,220
29944,4,120
29944,5,110
29944,6,**
,,
29945,,1910
29945,1,1060
29945,2,540
29945,3,150
29945,4,80
29945,5,80
29945,6,**
