37010,,2470
37010,1,820
37010,2,470
37010,3,360
37010,4,310
37010,5,420
37010,6,90
,,
37012,,960
37012,1,380
37012,2,270
37012,3,140
37012,4,100
37012,5,70
37012,6,**
,,
37013,,42350
37013,1,16260
37013,2,14900
37013,3,6040
37013,4,2670
37013,5,2270
37013,6,210
,,
37014,,1080
37014,1,270
37014,2,170
37014,3,130
37014,4,80
37014,5,230
37014,6,200
,,
37015,,8360
37015,1,2960
37015,2,2460
37015,3,1350
37015,4,770
37015,5,700
37015,6,120
,,
37016,,380
37016,1,130
37016,2,100
37016,3,60
37016,4,40
37016,5,50
37016,6,**
,,
37018,,840
37018,1,350
37018,2,210
37018,3,110
37018,4,70
37018,5,80
37018,6,20
,,
37019,,420
37019,1,160
37019,2,130
37019,3,70
37019,4,60
37019,5,**
37019,6,**
,,
37020,,2280
37020,1,740
37020,2,600
37020,3,420
37020,4,240
37020,5,230
37020,6,50
,,
37022,,2540
37022,1,970
37022,2,710
37022,3,380
37022,4,240
37022,5,210
37022,6,30
,,
37023,,670
37023,1,280
37023,2,170
37023,3,110
37023,4,60
37023,5,50
37023,6,**
,,
37025,,2740
37025,1,1070
37025,2,740
37025,3,450
37025,4,250
37025,5,200
37025,6,30
,,
37026,,940
37026,1,390
37026,2,230
37026,3,160
37026,4,100
37026,5,60
37026,6,**
,,
37027,,26890
37027,1,6420
37027,2,3240
37027,3,2590
37027,4,2160
37027,5,5970
37027,6,6510
,,
37028,,260
37028,1,110
37028,2,60
37028,3,40
37028,4,20
37028,5,30
37028,6,**
,,
37029,,2690
37029,1,790
37029,2,560
37029,3,430
37029,4,340
37029,5,480
37029,6,90
,,
37030,,3000
37030,1,1170
37030,2,860
37030,3,450
37030,4,270
37030,5,210
37030,6,40
,,
37031,,1900
37031,1,610
37031,2,470
37031,3,350
37031,4,250
37031,5,220
37031,6,**
,,
37032,,2100
37032,1,730
37032,2,550
37032,3,330
37032,4,220
37032,5,240
37032,6,30
,,
37033,,2990
37033,1,1250
37033,2,860
37033,3,430
37033,4,240
37033,5,180
37033,6,30
,,
37034,,3280
37034,1,960
37034,2,850
37034,3,620
37034,4,410
37034,5,390
37034,6,50
,,
37035,,1680
37035,1,560
37035,2,450
37035,3,280
37035,4,200
37035,5,170
37035,6,20
,,
37036,,2510
37036,1,920
37036,2,670
37036,3,420
37036,4,250
37036,5,220
37036,6,30
,,
37037,,3760
37037,1,1070
37037,2,910
37037,3,750
37037,4,480
37037,5,460
37037,6,90
,,
37040,,22540
37040,1,8920
37040,2,6720
37040,3,3430
37040,4,1760
37040,5,1530
37040,6,180
,,
37042,,32350
37042,1,13480
37042,2,10910
37042,3,4500
37042,4,2060
37042,5,1310
37042,6,90
,,
37043,,21480
37043,1,6770
37043,2,5000
37043,3,3380
37043,4,2410
37043,5,3160
37043,6,760
,,
37046,,2150
37046,1,580
37046,2,380
37046,3,240
37046,4,210
37046,5,420
37046,6,320
,,
37047,,1130
37047,1,440
37047,2,310
37047,3,170
37047,4,100
37047,5,110
37047,6,**
,,
37048,,2850
37048,1,910
37048,2,570
37048,3,450
37048,4,370
37048,5,460
37048,6,90
,,
37049,,1670
37049,1,600
37049,2,420
37049,3,250
37049,4,180
37049,5,190
37049,6,30
,,
37050,,730
37050,1,300
37050,2,180
37050,3,120
37050,4,70
37050,5,60
37050,6,**
,,
37051,,1540
37051,1,620
37051,2,410
37051,3,230
37051,4,140
37051,5,140
37051,6,**
,,
37052,,1150
37052,1,420
37052,2,270
37052,3,180
37052,4,140
37052,5,140
37052,6,**
,,
37055,,12500
37055,1,5100
37055,2,3360
37055,3,1810
37055,4,1080
37055,5,960
37055,6,190
,,
37057,,330
37057,1,120
37057,2,90
37057,3,50
37057,4,40
37057,5,30
37057,6,**
,,
37058,,2920
37058,1,1130
37058,2,750
37058,3,460
37058,4,290
37058,5,250
37058,6,40
,,
37059,,680
37059,1,290
37059,2,200
37059,3,90
37059,4,50
37059,5,50
37059,6,**
,,
37060,,1220
37060,1,380
37060,2,290
37060,3,200
37060,4,140
37060,5,170
37060,6,40
,,
37061,,1970
37061,1,830
37061,2,550
37061,3,270
37061,4,150
37061,5,170
37061,6,**
,,
37062,,5300
37062,1,1790
37062,2,1170
37062,3,820
37062,4,600
37062,5,790
37062,6,130
,,
37064,,26360
37064,1,7240
37064,2,4550
37064,3,2960
37064,4,2480
37064,5,5900
37064,6,3230
,,
37066,,23970
37066,1,8200
37066,2,5890
37066,3,3290
37066,4,2290
37066,5,3160
37066,6,1140
,,
37067,,13190
37067,1,2970
37067,2,2090
37067,3,1610
37067,4,1400
37067,5,3210
37067,6,1910
,,
37069,,9080
37069,1,2440
37069,2,990
37069,3,890
37069,4,810
37069,5,2170
37069,6,1780
,,
37072,,14840
37072,1,4890
37072,2,4120
37072,3,2270
37072,4,1440
37072,5,1730
37072,6,390
,,
37073,,6540
37073,1,2150
37073,2,1630
37073,3,1070
37073,4,750
37073,5,820
37073,6,120
,,
37074,,3190
37074,1,1290
37074,2,920
37074,3,480
37074,4,250
37074,5,220
37074,6,30
,,
37075,,31710
37075,1,9850
37075,2,7000
37075,3,4540
37075,4,3360
37075,5,5380
37075,6,1580
,,
37076,,19910
37076,1,6670
37076,2,5830
37076,3,3160
37076,4,1800
37076,5,2120
37076,6,330
,,
37078,,320
37078,1,150
37078,2,80
37078,3,50
37078,4,**
37078,5,40
37078,6,**
,,
37079,,1070
37079,1,410
37079,2,300
37079,3,160
37079,4,110
37079,5,90
37079,6,**
,,
37080,,3640
37080,1,1220
37080,2,960
37080,3,560
37080,4,400
37080,5,400
37080,6,100
,,
37082,,3040
37082,1,950
37082,2,690
37082,3,430
37082,4,360
37082,5,510
37082,6,100
,,
37083,,6050
37083,1,2630
37083,2,1730
37083,3,860
37083,4,440
37083,5,330
37083,6,60
,,
37085,,2110
37085,1,570
37085,2,410
37085,3,360
37085,4,290
37085,5,400
37085,6,80
,,
37086,,16430
37086,1,6230
37086,2,5610
37086,3,2430
37086,4,1220
37086,5,870
37086,6,70
,,
37087,,21100
37087,1,7550
37087,2,5420
37087,3,2840
37087,4,2050
37087,5,2580
37087,6,660
,,
37090,,7670
37090,1,2400
37090,2,2010
37090,3,1190
37090,4,820
37090,5,1050
37090,6,200
,,
37091,,9770
37091,1,3920
37091,2,2800
37091,3,1420
37091,4,810
37091,5,720
37091,6,100
,,
37095,,800
37095,1,340
37095,2,210
37095,3,140
37095,4,60
37095,5,50
37095,6,**
,,
37096,,2240
37096,1,1060
37096,2,600
37096,3,280
37096,4,160
37096,5,120
37096,6,20
,,
37097,,840
37097,1,380
37097,2,220
37097,3,120
37097,4,50
37097,5,70
37097,6,**
,,
37098,,2220
37098,1,920
37098,2,690
37098,3,310
37098,4,160
37098,5,140
37098,6,**
,,
37101,,2680
37101,1,1080
37101,2,710
37101,3,410
37101,4,210
37101,5,240
37101,6,30
,,
37110,,12920
37110,1,5810
37110,2,3650
37110,3,1730
37110,4,900
37110,5,690
37110,6,140
,,
37115,,18110
37115,1,7980
37115,2,6280
37115,3,2180
37115,4,900
37115,5,670
37115,6,100
,,
37118,,610
37118,1,180
37118,2,120
37118,3,90
37118,4,80
37118,5,100
37118,6,40
,,
37122,,27210
37122,1,7420
37122,2,5250
37122,3,4090
37122,4,3420
37122,5,5760
37122,6,1270
,,
37127,,8720
37127,1,2780
37127,2,2210
37127,3,1400
37127,4,1000
37127,5,1140
37127,6,190
,,
37128,,26590
37128,1,7400
37128,2,6730
37128,3,4530
37128,4,3200
37128,5,4100
37128,6,630
,,
37129,,25520
37129,1,7940
37129,2,6260
37129,3,3870
37129,4,2870
37129,5,3750
37129,6,830
,,
37130,,25670
37130,1,11840
37130,2,6880
37130,3,2660
37130,4,1450
37130,5,2150
37130,6,690
,,
37134,,1340
37134,1,450
37134,2,340
37134,3,200
37134,4,170
37134,5,180
37134,6,**
,,
37135,,7050
37135,1,1590
37135,2,820
37135,3,780
37135,4,810
37135,5,2240
37135,6,810
,,
37137,,1120
37137,1,530
37137,2,300
37137,3,130
37137,4,80
37137,5,80
37137,6,**
,,
37138,,11340
37138,1,3650
37138,2,2850
37138,3,1870
37138,4,1140
37138,5,1380
37138,6,450
,,
37141,,550
37141,1,200
37141,2,150
37141,3,90
37141,4,60
37141,5,50
37141,6,**
,,
37142,,760
37142,1,270
37142,2,210
37142,3,130
37142,4,70
37142,5,80
37142,6,**
,,
37143,,1960
37143,1,670
37143,2,440
37143,3,310
37143,4,220
37143,5,270
37143,6,50
,,
37144,,1380
37144,1,510
37144,2,410
37144,3,200
37144,4,130
37144,5,110
37144,6,20
,,
37145,,950
37145,1,340
37145,2,280
37145,3,150
37145,4,100
37145,5,80
37145,6,**
,,
37146,,3450
37146,1,1000
37146,2,810
37146,3,550
37146,4,430
37146,5,560
37146,6,100
,,
37148,,10680
37148,1,3890
37148,2,3030
37148,3,1790
37148,4,1020
37148,5,820
37148,6,130
,,
37149,,1070
37149,1,360
37149,2,260
37149,3,190
37149,4,110
37149,5,130
37149,6,20
,,
37150,,1820
37150,1,900
37150,2,510
37150,3,220
37150,4,120
37150,5,70
37150,6,**
,,
37151,,240
37151,1,100
37151,2,50
37151,3,40
37151,4,30
37151,5,20
37151,6,**
,,
37153,,2600
37153,1,810
37153,2,500
37153,3,410
37153,4,380
37153,5,440
37153,6,60
,,
37160,,14660
37160,1,6170
37160,2,4560
37160,3,1850
37160,4,990
37160,5,920
37160,6,170
,,
37166,,5650
37166,1,2410
37166,2,1680
37166,3,720
37166,4,410
37166,5,350
37166,6,80
,,
37167,,26990
37167,1,9000
37167,2,7920
37167,3,4290
37167,4,2590
37167,5,2790
37167,6,400
,,
37171,,440
37171,1,180
37171,2,120
37171,3,60
37171,4,40
37171,5,40
37171,6,**
,,
37172,,13920
37172,1,5250
37172,2,4240
37172,3,1920
37172,4,1170
37172,5,1110
37172,6,230
,,
37174,,17670
37174,1,4400
37174,2,3670
37174,3,2920
37174,4,2430
37174,5,3630
37174,6,620
,,
37175,,390
37175,1,160
37175,2,100
37175,3,70
37175,4,60
37175,5,**
37175,6,**
,,
37178,,910
37178,1,360
37178,2,240
37178,3,130
37178,4,90
37178,5,90
37178,6,**
,,
37179,,6630
37179,1,1600
37179,2,1080
37179,3,910
37179,4,890
37179,5,1670
37179,6,480
,,
37180,,1470
37180,1,540
37180,2,410
37180,3,250
37180,4,140
37180,5,130
37180,6,**
,,
37181,,610
37181,1,240
37181,2,160
37181,3,100
37181,4,60
37181,5,50
37181,6,**
,,
37183,,1400
37183,1,480
37183,2,350
37183,3,230
37183,4,150
37183,5,160
37183,6,30
,,
37184,,2650
37184,1,960
37184,2,750
37184,3,410
37184,4,250
37184,5,240
37184,6,40
,,
37185,,3610
37185,1,1520
37185,2,900
37185,3,500
37185,4,290
37185,5,340
37185,6,60
,,
37186,,3930
37186,1,1730
37186,2,1100
37186,3,570
37186,4,320
37186,5,210
37186,6,**
,,
37187,,3190
37187,1,1130
37187,2,920
37187,3,520
37187,4,300
37187,5,290
37187,6,30
,,
37188,,7300
37188,1,2250
37188,2,1750
37188,3,1270
37188,4,910
37188,5,1020
37188,6,100
,,
37189,,1840
37189,1,650
37189,2,520
37189,3,270
37189,4,160
37189,5,200
37189,6,40
,,
37190,,3800
37190,1,1510
37190,2,1060
37190,3,580
37190,4,340
37190,5,270
37190,6,40
,,
37191,,1770
37191,1,620
37191,2,490
37191,3,300
37191,4,180
37191,5,180
37191,6,**
,,
37201,,720
37201,1,130
37201,2,150
37201,3,140
37201,4,90
37201,5,140
37201,6,70
,,
37203,,9100
37203,1,3140
37203,2,2170
37203,3,1290
37203,4,670
37203,5,1010
37203,6,820
,,
37204,,7100
37204,1,1850
37204,2,1630
37204,3,980
37204,4,560
37204,5,1150
37204,6,930
,,
37205,,12590
37205,1,2870
37205,2,2000
37205,3,1460
37205,4,1030
37205,5,2290
37205,6,2940
,,
37206,,13740
37206,1,5200
37206,2,3630
37206,3,1760
37206,4,980
37206,5,1640
37206,6,530
,,
37207,,18600
37207,1,9170
37207,2,5740
37207,3,2060
37207,4,840
37207,5,720
37207,6,70
,,
37208,,8530
37208,1,4260
37208,2,2300
37208,3,900
37208,4,400
37208,5,500
37208,6,170
,,
37209,,18270
37209,1,6510
37209,2,5560
37209,3,2600
37209,4,1300
37209,5,1730
37209,6,570
,,
37210,,7030
37210,1,3560
37210,2,2120
37210,3,770
37210,4,320
37210,5,220
37210,6,40
,,
37211,,36700
37211,1,14040
37211,2,11500
37211,3,5160
37211,4,2730
37211,5,2800
37211,6,470
,,
37212,,7190
37212,1,2160
37212,2,1820
37212,3,900
37212,4,490
37212,5,920
37212,6,900
,,
37214,,16770
37214,1,5340
37214,2,5480
37214,3,2880
37214,4,1450
37214,5,1430
37214,6,190
,,
37215,,11930
37215,1,2600
37215,2,1900
37215,3,1260
37215,4,870
37215,5,2080
37215,6,3220
,,
37216,,9730
37216,1,3330
37216,2,2900
37216,3,1510
37216,4,840
37216,5,1000
37216,6,150
,,
37217,,15710
37217,1,6910
37217,2,5570
37217,3,1950
37217,4,700
37217,5,530
37217,6,50
,,
37218,,6980
37218,1,3220
37218,2,2090
37218,3,820
37218,4,420
37218,5,370
37218,6,60
,,
37219,,1080
37219,1,240
37219,2,280
37219,3,230
37219,4,110
37219,5,150
37219,6,70
,,
37220,,3290
37220,1,760
37220,2,400
37220,3,380
37220,4,320
37220,5,780
37220,6,650
,,
37221,,20510
37221,1,5620
37221,2,4580
37221,3,3230
37221,4,2210
37221,5,3640
37221,6,1230
,,
37228,,970
37228,1,400
37228,2,330
37228,3,140
37228,4,40
37228,5,60
37228,6,**
,,
37301,,640
37301,1,300
37301,2,180
37301,3,90
37301,4,40
37301,5,30
37301,6,**
,,
37302,,1890
37302,1,600
37302,2,360
37302,3,220
37302,4,190
37302,5,380
37302,6,140
,,
37303,,10190
37303,1,4300
37303,2,2690
37303,3,1390
37303,4,860
37303,5,800
37303,6,150
,,
37305,,260
37305,1,140
37305,2,70
37305,3,30
37305,4,20
37305,5,**
37305,6,**
,,
37306,,1150
37306,1,460
37306,2,300
37306,3,160
37306,4,110
37306,5,120
37306,6,**
,,
37307,,2100
37307,1,840
37307,2,570
37307,3,320
37307,4,200
37307,5,150
37307,6,20
,,
37308,,1190
37308,1,430
37308,2,330
37308,3,190
37308,4,120
37308,5,120
37308,6,**
,,
37309,,860
37309,1,320
37309,2,260
37309,3,120
37309,4,90
37309,5,70
37309,6,**
,,
37310,,1950
37310,1,680
37310,2,480
37310,3,290
37310,4,170
37310,5,260
37310,6,70
,,
37311,,10750
37311,1,5270
37311,2,3070
37311,3,1140
37311,4,560
37311,5,560
37311,6,150
,,
37312,,15120
37312,1,5570
37312,2,3710
37312,3,2140
37312,4,1470
37312,5,1800
37312,6,430
,,
37313,,490
37313,1,210
37313,2,140
37313,3,70
37313,4,40
37313,5,30
37313,6,**
,,
37317,,1000
37317,1,510
37317,2,230
37317,3,120
37317,4,70
37317,5,70
37317,6,**
,,
37318,,820
37318,1,400
37318,2,220
37318,3,110
37318,4,50
37318,5,40
37318,6,**
,,
37321,,7980
37321,1,3330
37321,2,2270
37321,3,1130
37321,4,600
37321,5,550
37321,6,100
,,
37322,,3410
37322,1,1450
37322,2,870
37322,3,490
37322,4,290
37322,5,290
37322,6,20
,,
37323,,13220
37323,1,5280
37323,2,3710
37323,3,1980
37323,4,1190
37323,5,960
37323,6,100
,,
37324,,2160
37324,1,960
37324,2,620
37324,3,260
37324,4,160
37324,5,140
37324,6,20
,,
37325,,720
37325,1,270
37325,2,210
37325,3,100
37325,4,70
37325,5,70
37325,6,**
,,
37327,,4850
37327,1,2050
37327,2,1290
37327,3,640
37327,4,410
37327,5,380
37327,6,80
,,
37328,,570
37328,1,230
37328,2,150
37328,3,90
37328,4,60
37328,5,40
37328,6,**
,,
37329,,2260
37329,1,930
37329,2,550
37329,3,360
37329,4,210
37329,5,180
37329,6,30
,,
37330,,3150
37330,1,1160
37330,2,840
37330,3,480
37330,4,340
37330,5,290
37330,6,40
,,
37331,,3170
37331,1,1370
37331,2,840
37331,3,450
37331,4,260
37331,5,220
37331,6,30
,,
37332,,1080
37332,1,430
37332,2,300
37332,3,170
37332,4,90
37332,5,90
37332,6,**
,,
37333,,180
37333,1,100
37333,2,50
37333,3,30
37333,4,**
37333,5,**
37333,6,**
,,
37334,,10010
37334,1,3820
37334,2,2780
37334,3,1430
37334,4,870
37334,5,950
37334,6,160
,,
37335,,1080
37335,1,420
37335,2,290
37335,3,180
37335,4,90
37335,5,100
37335,6,**
,,
37336,,1920
37336,1,650
37336,2,490
37336,3,290
37336,4,230
37336,5,210
37336,6,50
,,
37337,,530
37337,1,220
37337,2,160
37337,3,80
37337,4,40
37337,5,30
37337,6,**
,,
37338,,1290
37338,1,560
37338,2,360
37338,3,180
37338,4,90
37338,5,100
37338,6,**
,,
37339,,720
37339,1,330
37339,2,180
37339,3,130
37339,4,50
37339,5,30
37339,6,0
,,
37340,,280
37340,1,120
37340,2,90
37340,3,40
37340,4,30
37340,5,**
37340,6,**
,,
37341,,6180
37341,1,2140
37341,2,1510
37341,3,960
37341,4,700
37341,5,730
37341,6,140
,,
37342,,1550
37342,1,600
37342,2,410
37342,3,230
37342,4,160
37342,5,150
37342,6,**
,,
37343,,19970
37343,1,6850
37343,2,4610
37343,3,2830
37343,4,2110
37343,5,2840
37343,6,730
,,
37345,,910
37345,1,330
37345,2,260
37345,3,150
37345,4,90
37345,5,80
37345,6,**
,,
37347,,3560
37347,1,1340
37347,2,970
37347,3,540
37347,4,310
37347,5,360
37347,6,40
,,
37348,,500
37348,1,200
37348,2,130
37348,3,80
37348,4,40
37348,5,50
37348,6,**
,,
37350,,970
37350,1,240
37350,2,90
37350,3,90
37350,4,60
37350,5,190
37350,6,300
,,
37351,,180
37351,1,80
37351,2,60
37351,3,40
37351,4,**
37351,5,**
37351,6,0
,,
37352,,1460
37352,1,510
37352,2,340
37352,3,220
37352,4,150
37352,5,210
37352,6,30
,,
37353,,2170
37353,1,810
37353,2,520
37353,3,330
37353,4,190
37353,5,230
37353,6,90
,,
37354,,6850
37354,1,2820
37354,2,1990
37354,3,980
37354,4,580
37354,5,430
37354,6,50
,,
37355,,11340
37355,1,4550
37355,2,3030
37355,3,1650
37355,4,990
37355,5,960
37355,6,160
,,
37356,,1150
37356,1,510
37356,2,270
37356,3,150
37356,4,80
37356,5,110
37356,6,30
,,
37357,,2340
37357,1,950
37357,2,640
37357,3,350
37357,4,210
37357,5,170
37357,6,20
,,
37359,,300
37359,1,100
37359,2,70
37359,3,50
37359,4,40
37359,5,40
37359,6,**
,,
37360,,720
37360,1,250
37360,2,180
37360,3,100
37360,4,70
37360,5,100
37360,6,20
,,
37361,,690
37361,1,290
37361,2,200
37361,3,70
37361,4,60
37361,5,70
37361,6,**
,,
37362,,1450
37362,1,610
37362,2,430
37362,3,210
37362,4,110
37362,5,90
37362,6,**
,,
37363,,16750
37363,1,4850
37363,2,3260
37363,3,2460
37363,4,1970
37363,5,3230
37363,6,980
,,
37365,,520
37365,1,260
37365,2,130
37365,3,80
37365,4,30
37365,5,20
37365,6,**
,,
37366,,430
37366,1,160
37366,2,130
37366,3,60
37366,4,30
37366,5,50
37366,6,**
,,
37367,,3490
37367,1,1510
37367,2,1040
37367,3,450
37367,4,250
37367,5,210
37367,6,30
,,
37369,,360
37369,1,150
37369,2,100
37369,3,50
37369,4,30
37369,5,30
37369,6,**
,,
37370,,1960
37370,1,760
37370,2,490
37370,3,300
37370,4,200
37370,5,210
37370,6,**
,,
37373,,1300
37373,1,450
37373,2,350
37373,3,220
37373,4,130
37373,5,130
37373,6,20
,,
37374,,670
37374,1,300
37374,2,180
37374,3,100
37374,4,40
37374,5,50
37374,6,**
,,
37375,,1130
37375,1,370
37375,2,220
37375,3,160
37375,4,130
37375,5,180
37375,6,70
,,
37376,,180
37376,1,80
37376,2,50
37376,3,30
37376,4,20
37376,5,**
37376,6,0
,,
37377,,7340
37377,1,1950
37377,2,1080
37377,3,870
37377,4,760
37377,5,1680
37377,6,1000
,,
37379,,11920
37379,1,4000
37379,2,2700
37379,3,1770
37379,4,1320
37379,5,1730
37379,6,400
,,
37380,,2720
37380,1,1080
37380,2,750
37380,3,390
37380,4,210
37380,5,240
37380,6,50
,,
37381,,3590
37381,1,1430
37381,2,930
37381,3,520
37381,4,310
37381,5,340
37381,6,60
,,
37385,,3070
37385,1,1350
37385,2,840
37385,3,420
37385,4,260
37385,5,200
37385,6,**
,,
37387,,1610
37387,1,790
37387,2,440
37387,3,200
37387,4,100
37387,5,80
37387,6,**
,,
37388,,11620
37388,1,4570
37388,2,2930
37388,3,1600
37388,4,1000
37388,5,1260
37388,6,260
,,
37391,,580
37391,1,280
37391,2,160
37391,3,60
37391,4,40
37391,5,40
37391,6,**
,,
37396,,160
37396,1,80
37396,2,40
37396,3,40
37396,4,**
37396,5,**
37396,6,**
,,
37397,,3840
37397,1,1590
37397,2,1040
37397,3,580
37397,4,310
37397,5,290
37397,6,30
,,
37398,,6540
37398,1,2520
37398,2,1590
37398,3,960
37398,4,630
37398,5,680
37398,6,160
,,
37402,,1480
37402,1,780
37402,2,300
37402,3,120
37402,4,70
37402,5,110
37402,6,100
,,
37403,,1320
37403,1,610
37403,2,290
37403,3,150
37403,4,70
37403,5,110
37403,6,90
,,
37404,,5520
37404,1,3000
37404,2,1540
37404,3,410
37404,4,200
37404,5,230
37404,6,140
,,
37405,,8130
37405,1,2700
37405,2,1960
37405,3,1070
37405,4,650
37405,5,1060
37405,6,690
,,
37406,,5340
37406,1,3130
37406,2,1440
37406,3,420
37406,4,190
37406,5,140
37406,6,20
,,
37407,,3100
37407,1,1920
37407,2,970
37407,3,150
37407,4,40
37407,5,20
37407,6,**
,,
37408,,1040
37408,1,350
37408,2,250
37408,3,140
37408,4,80
37408,5,140
37408,6,80
,,
37409,,1490
37409,1,550
37409,2,450
37409,3,210
37409,4,110
37409,5,140
37409,6,30
,,
37410,,1530
37410,1,1150
37410,2,320
37410,3,60
37410,4,**
37410,5,**
37410,6,0
,,
37411,,8440
37411,1,4120
37411,2,2530
37411,3,920
37411,4,390
37411,5,410
37411,6,70
,,
37412,,10450
37412,1,4390
37412,2,3310
37412,3,1420
37412,4,700
37412,5,550
37412,6,80
,,
37415,,11550
37415,1,4190
37415,2,3280
37415,3,1650
37415,4,960
37415,5,1070
37415,6,400
,,
37416,,7420
37416,1,3040
37416,2,2280
37416,3,1000
37416,4,480
37416,5,480
37416,6,140
,,
37419,,2960
37419,1,1040
37419,2,650
37419,3,390
37419,4,260
37419,5,380
37419,6,240
,,
37421,,23540
37421,1,8140
37421,2,5810
37421,3,3550
37421,4,2200
37421,5,2940
37421,6,900
,,
37601,,15340
37601,1,7170
37601,2,3870
37601,3,1840
37601,4,960
37601,5,1150
37601,6,350
,,
37604,,15200
37604,1,6700
37604,2,3540
37604,3,1790
37604,4,1110
37604,5,1480
37604,6,580
,,
37615,,9940
37615,1,3360
37615,2,2280
37615,3,1420
37615,4,980
37615,5,1420
37615,6,480
,,
37616,,2130
37616,1,900
37616,2,580
37616,3,290
37616,4,180
37616,5,180
37616,6,**
,,
37617,,6340
37617,1,2550
37617,2,1570
37617,3,880
37617,4,570
37617,5,590
37617,6,180
,,
37618,,5630
37618,1,2310
37618,2,1480
37618,3,850
37618,4,460
37618,5,450
37618,6,80
,,
37620,,16570
37620,1,7360
37620,2,4400
37620,3,2170
37620,4,1130
37620,5,1190
37620,6,320
,,
37640,,1310
37640,1,570
37640,2,370
37640,3,200
37640,4,80
37640,5,70
37640,6,20
,,
37641,,3710
37641,1,1670
37641,2,990
37641,3,510
37641,4,260
37641,5,250
37641,6,30
,,
37642,,6310
37642,1,2700
37642,2,1580
37642,3,970
37642,4,560
37642,5,450
37642,6,50
,,
37643,,13060
37643,1,5860
37643,2,3730
37643,3,1760
37643,4,910
37643,5,680
37643,6,120
,,
37645,,2400
37645,1,860
37645,2,600
37645,3,410
37645,4,310
37645,5,220
37645,6,**
,,
37650,,5020
37650,1,2230
37650,2,1300
37650,3,750
37650,4,400
37650,5,290
37650,6,50
,,
37656,,1610
37656,1,680
37656,2,370
37656,3,220
37656,4,190
37656,5,130
37656,6,20
,,
37657,,330
37657,1,150
37657,2,80
37657,3,50
37657,4,30
37657,5,20
37657,6,**
,,
37658,,1700
37658,1,790
37658,2,480
37658,3,230
37658,4,120
37658,5,80
37658,6,**
,,
37659,,12480
37659,1,4620
37659,2,3020
37659,3,1960
37659,4,1260
37659,5,1280
37659,6,340
,,
37660,,16460
37660,1,7420
37660,2,4040
37660,3,2000
37660,4,1190
37660,5,1310
37660,6,500
,,
37663,,7020
37663,1,2480
37663,2,1510
37663,3,1040
37663,4,770
37663,5,1010
37663,6,210
,,
37664,,12470
37664,1,4990
37664,2,2680
37664,3,1650
37664,4,1110
37664,5,1570
37664,6,470
,,
37665,,2100
37665,1,1120
37665,2,530
37665,3,280
37665,4,110
37665,5,60
37665,6,**
,,
37680,,250
37680,1,120
37680,2,80
37680,3,30
37680,4,20
37680,5,**
37680,6,0
,,
37681,,2560
37681,1,1040
37681,2,720
37681,3,370
37681,4,220
37681,5,180
37681,6,30
,,
37683,,4180
37683,1,1840
37683,2,1290
37683,3,530
37683,4,260
37683,5,220
37683,6,40
,,
37686,,3640
37686,1,1290
37686,2,830
37686,3,570
37686,4,340
37686,5,450
37686,6,160
,,
37687,,1800
37687,1,870
37687,2,490
37687,3,220
37687,4,130
37687,5,90
37687,6,**
,,
37688,,380
37688,1,140
37688,2,110
37688,3,60
37688,4,30
37688,5,40
37688,6,**
,,
37690,,1810
37690,1,740
37690,2,480
37690,3,290
37690,4,150
37690,5,130
37690,6,20
,,
37691,,290
37691,1,120
37691,2,90
37691,3,40
37691,4,20
37691,5,20
37691,6,**
,,
37692,,2050
37692,1,810
37692,2,540
37692,3,300
37692,4,180
37692,5,190
37692,6,30
,,
37694,,740
37694,1,310
37694,2,220
37694,3,120
37694,4,60
37694,5,30
37694,6,**
,,
37701,,3880
37701,1,1480
37701,2,1090
37701,3,520
37701,4,320
37701,5,370
37701,6,100
,,
37705,,2080
37705,1,720
37705,2,460
37705,3,310
37705,4,250
37705,5,280
37705,6,60
,,
37708,,2750
37708,1,1290
37708,2,750
37708,3,340
37708,4,210
37708,5,130
37708,6,30
,,
37709,,1620
37709,1,640
37709,2,410
37709,3,240
37709,4,160
37709,5,140
37709,6,30
,,
37710,,390
37710,1,200
37710,2,110
37710,3,40
37710,4,40
37710,5,**
37710,6,0
,,
37711,,1980
37711,1,870
37711,2,610
37711,3,290
37711,4,120
37711,5,90
37711,6,**
,,
37713,,570
37713,1,280
37713,2,170
37713,3,50
37713,4,40
37713,5,30
37713,6,**
,,
37714,,1660
37714,1,730
37714,2,440
37714,3,240
37714,4,120
37714,5,100
37714,6,30
,,
37715,,280
37715,1,160
37715,2,70
37715,3,50
37715,4,**
37715,5,**
37715,6,**
,,
37716,,11070
37716,1,4350
37716,2,2770
37716,3,1600
37716,4,990
37716,5,1190
37716,6,170
,,
37721,,5670
37721,1,1900
37721,2,1520
37721,3,970
37721,4,680
37721,5,550
37721,6,50
,,
37722,,2530
37722,1,1360
37722,2,630
37722,3,280
37722,4,140
37722,5,120
37722,6,**
,,
37723,,420
37723,1,200
37723,2,120
37723,3,40
37723,4,30
37723,5,30
37723,6,**
,,
37724,,860
37724,1,400
37724,2,250
37724,3,100
37724,4,60
37724,5,50
37724,6,**
,,
37725,,7720
37725,1,3120
37725,2,1890
37725,3,1120
37725,4,710
37725,5,720
37725,6,160
,,
37726,,630
37726,1,310
37726,2,170
37726,3,80
37726,4,40
37726,5,30
37726,6,**
,,
37727,,840
37727,1,390
37727,2,240
37727,3,110
37727,4,60
37727,5,40
37727,6,**
,,
37729,,410
37729,1,200
37729,2,110
37729,3,70
37729,4,30
37729,5,**
37729,6,**
,,
37731,,240
37731,1,120
37731,2,60
37731,3,30
37731,4,30
37731,5,**
37731,6,**
,,
37737,,2640
37737,1,930
37737,2,630
37737,3,420
37737,4,260
37737,5,330
37737,6,70
,,
37738,,3140
37738,1,1560
37738,2,820
37738,3,290
37738,4,160
37738,5,200
37738,6,110
,,
37742,,2690
37742,1,910
37742,2,670
37742,3,430
37742,4,320
37742,5,300
37742,6,60
,,
37743,,10380
37743,1,4580
37743,2,2920
37743,3,1380
37743,4,750
37743,5,620
37743,6,130
,,
37745,,7640
37745,1,3330
37745,2,2050
37745,3,1000
37745,4,560
37745,5,530
37745,6,170
,,
37748,,7030
37748,1,2970
37748,2,1690
37748,3,950
37748,4,640
37748,5,680
37748,6,100
,,
37752,,2430
37752,1,970
37752,2,690
37752,3,330
37752,4,200
37752,5,190
37752,6,50
,,
37753,,300
37753,1,160
37753,2,80
37753,3,30
37753,4,30
37753,5,**
37753,6,**
,,
37754,,1930
37754,1,790
37754,2,490
37754,3,260
37754,4,180
37754,5,190
37754,6,20
,,
37755,,1160
37755,1,570
37755,2,330
37755,3,140
37755,4,60
37755,5,60
37755,6,**
,,
37756,,1030
37756,1,490
37756,2,280
37756,3,140
37756,4,80
37756,5,40
37756,6,**
,,
37757,,3830
37757,1,1530
37757,2,1010
37757,3,570
37757,4,380
37757,5,290
37757,6,50
,,
37760,,5210
37760,1,2330
37760,2,1340
37760,3,660
37760,4,410
37760,5,380
37760,6,90
,,
37762,,1080
37762,1,540
37762,2,270
37762,3,140
37762,4,70
37762,5,60
37762,6,**
,,
37763,,7070
37763,1,2500
37763,2,1530
37763,3,970
37763,4,800
37763,5,1050
37763,6,220
,,
37764,,4550
37764,1,2030
37764,2,1180
37764,3,600
37764,4,360
37764,5,320
37764,6,60
,,
37765,,170
37765,1,90
37765,2,50
37765,3,30
37765,4,**
37765,5,**
37765,6,0
,,
37766,,6560
37766,1,3240
37766,2,1680
37766,3,820
37766,4,410
37766,5,330
37766,6,80
,,
37769,,2400
37769,1,1150
37769,2,640
37769,3,310
37769,4,160
37769,5,140
37769,6,**
,,
37770,,990
37770,1,420
37770,2,280
37770,3,130
37770,4,80
37770,5,80
37770,6,**
,,
37771,,7270
37771,1,2870
37771,2,1970
37771,3,1020
37771,4,610
37771,5,680
37771,6,120
,,
37772,,5880
37772,1,1750
37772,2,1280
37772,3,870
37772,4,640
37772,5,1010
37772,6,330
,,
37774,,9350
37774,1,2760
37774,2,2010
37774,3,1410
37774,4,1090
37774,5,1630
37774,6,450
,,
37777,,5690
37777,1,2110
37777,2,1500
37777,3,690
37777,4,480
37777,5,630
37777,6,280
,,
37779,,1420
37779,1,680
37779,2,380
37779,3,200
37779,4,80
37779,5,80
37779,6,**
,,
37801,,11900
37801,1,4610
37801,2,3040
37801,3,1760
37801,4,1080
37801,5,1220
37801,6,190
,,
37803,,14530
37803,1,4770
37803,2,3290
37803,3,2210
37803,4,1610
37803,5,2090
37803,6,560
,,
37804,,11250
37804,1,4230
37804,2,2850
37804,3,1760
37804,4,1110
37804,5,1130
37804,6,170
,,
37806,,1260
37806,1,520
37806,2,350
37806,3,180
37806,4,110
37806,5,100
37806,6,**
,,
37807,,3810
37807,1,1670
37807,2,1060
37807,3,560
37807,4,290
37807,5,200
37807,6,30
,,
37809,,850
37809,1,380
37809,2,280
37809,3,90
37809,4,50
37809,5,50
37809,6,**
,,
37810,,750
37810,1,320
37810,2,220
37810,3,100
37810,4,60
37810,5,50
37810,6,**
,,
37811,,1360
37811,1,600
37811,2,380
37811,3,170
37811,4,110
37811,5,100
37811,6,**
,,
37813,,6980
37813,1,3410
37813,2,2000
37813,3,840
37813,4,370
37813,5,290
37813,6,70
,,
37814,,13610
37814,1,5780
37814,2,3730
37814,3,1750
37814,4,1030
37814,5,1070
37814,6,250
,,
37818,,2120
37818,1,930
37818,2,620
37818,3,320
37818,4,150
37818,5,100
37818,6,**
,,
37819,,200
37819,1,110
37819,2,50
37819,3,40
37819,4,**
37819,5,**
37819,6,0
,,
37820,,3290
37820,1,1390
37820,2,880
37820,3,490
37820,4,270
37820,5,220
37820,6,40
,,
37821,,8990
37821,1,4700
37821,2,2280
37821,3,1050
37821,4,520
37821,5,380
37821,6,60
,,
37825,,2800
37825,1,1220
37825,2,790
37825,3,390
37825,4,200
37825,5,160
37825,6,40
,,
37826,,1880
37826,1,770
37826,2,510
37826,3,300
37826,4,150
37826,5,150
37826,6,**
,,
37829,,680
37829,1,280
37829,2,170
37829,3,90
37829,4,80
37829,5,60
37829,6,**
,,
37830,,14230
37830,1,5290
37830,2,3150
37830,3,1800
37830,4,1280
37830,5,2080
37830,6,630
,,
37840,,3860
37840,1,1610
37840,2,960
37840,3,560
37840,4,360
37840,5,340
37840,6,30
,,
37841,,3380
37841,1,1530
37841,2,900
37841,3,480
37841,4,260
37841,5,180
37841,6,30
,,
37843,,1600
37843,1,720
37843,2,420
37843,3,230
37843,4,130
37843,5,100
37843,6,**
,,
37846,,1970
37846,1,850
37846,2,550
37846,3,290
37846,4,150
37846,5,130
37846,6,**
,,
37847,,940
37847,1,430
37847,2,280
37847,3,140
37847,4,50
37847,5,40
37847,6,**
,,
37848,,110
37848,1,50
37848,2,30
37848,3,30
37848,4,**
37848,5,**
37848,6,**
,,
37849,,12100
37849,1,4160
37849,2,3020
37849,3,1890
37849,4,1320
37849,5,1490
37849,6,220
,,
37852,,880
37852,1,420
37852,2,250
37852,3,130
37852,4,50
37852,5,30
37852,6,**
,,
37853,,1650
37853,1,690
37853,2,480
37853,3,200
37853,4,110
37853,5,140
37853,6,30
,,
37854,,5110
37854,1,2280
37854,2,1290
37854,3,640
37854,4,400
37854,5,430
37854,6,70
,,
37857,,8080
37857,1,3600
37857,2,2140
37857,3,1210
37857,4,630
37857,5,420
37857,6,80
,,
37860,,1820
37860,1,660
37860,2,500
37860,3,310
37860,4,180
37860,5,150
37860,6,20
,,
37861,,3330
37861,1,1460
37861,2,840
37861,3,490
37861,4,270
37861,5,230
37861,6,40
,,
37862,,10240
37862,1,4950
37862,2,2760
37862,3,1090
37862,4,620
37862,5,600
37862,6,220
,,
37863,,3470
37863,1,2030
37863,2,900
37863,3,260
37863,4,130
37863,5,110
37863,6,40
,,
37865,,10220
37865,1,3970
37865,2,2500
37865,3,1580
37865,4,990
37865,5,1010
37865,6,170
,,
37866,,730
37866,1,270
37866,2,190
37866,3,100
37866,4,70
37866,5,100
37866,6,**
,,
37869,,1700
37869,1,880
37869,2,450
37869,3,210
37869,4,90
37869,5,70
37869,6,**
,,
37870,,1500
37870,1,660
37870,2,420
37870,3,220
37870,4,110
37870,5,90
37870,6,**
,,
37871,,3890
37871,1,1590
37871,2,1050
37871,3,610
37871,4,330
37871,5,260
37871,6,50
,,
37872,,760
37872,1,330
37872,2,200
37872,3,100
37872,4,70
37872,5,60
37872,6,**
,,
37873,,1620
37873,1,690
37873,2,470
37873,3,230
37873,4,130
37873,5,100
37873,6,**
,,
37874,,6180
37874,1,2630
37874,2,1780
37874,3,800
37874,4,490
37874,5,410
37874,6,70
,,
37876,,13980
37876,1,6460
37876,2,3640
37876,3,1820
37876,4,950
37876,5,900
37876,6,210
,,
37877,,3870
37877,1,1510
37877,2,980
37877,3,630
37877,4,370
37877,5,320
37877,6,60
,,
37878,,200
37878,1,80
37878,2,60
37878,3,30
37878,4,30
37878,5,**
37878,6,**
,,
37879,,3830
37879,1,1750
37879,2,1100
37879,3,540
37879,4,240
37879,5,170
37879,6,30
,,
37880,,1470
37880,1,550
37880,2,370
37880,3,200
37880,4,130
37880,5,180
37880,6,40
,,
37881,,750
37881,1,350
37881,2,220
37881,3,90
37881,4,40
37881,5,50
37881,6,**
,,
37882,,1420
37882,1,570
37882,2,310
37882,3,190
37882,4,120
37882,5,170
37882,6,60
,,
37885,,2430
37885,1,720
37885,2,600
37885,3,330
37885,4,230
37885,5,380
37885,6,170
,,
37886,,1950
37886,1,740
37886,2,470
37886,3,290
37886,4,190
37886,5,210
37886,6,50
,,
37887,,2010
37887,1,770
37887,2,600
37887,3,280
37887,4,190
37887,5,170
37887,6,**
,,
37888,,980
37888,1,380
37888,2,310
37888,3,170
37888,4,70
37888,5,50
37888,6,**
,,
37890,,2750
37890,1,1170
37890,2,750
37890,3,380
37890,4,220
37890,5,180
37890,6,50
,,
37891,,1500
37891,1,630
37891,2,440
37891,3,200
37891,4,150
37891,5,80
37891,6,**
,,
37892,,690
37892,1,330
37892,2,200
37892,3,90
37892,4,40
37892,5,30
37892,6,**
,,
37902,,1070
37902,1,310
37902,2,250
37902,3,140
37902,4,110
37902,5,160
37902,6,100
,,
37909,,7270
37909,1,2710
37909,2,2040
37909,3,990
37909,4,570
37909,5,750
37909,6,210
,,
37912,,10260
37912,1,4710
37912,2,3300
37912,3,1270
37912,4,540
37912,5,390
37912,6,50
,,
37914,,9240
37914,1,4520
37914,2,2440
37914,3,1070
37914,4,540
37914,5,550
37914,6,120
,,
37915,,1890
37915,1,1280
37915,2,400
37915,3,110
37915,4,40
37915,5,60
37915,6,**
,,
37916,,1240
37916,1,1000
37916,2,150
37916,3,60
37916,4,**
37916,5,30
37916,6,**
,,
37917,,10580
37917,1,5130
37917,2,3250
37917,3,1180
37917,4,500
37917,5,450
37917,6,70
,,
37918,,19770
37918,1,7390
37918,2,5150
37918,3,2940
37918,4,1860
37918,5,2030
37918,6,400
,,
37919,,13910
37919,1,4600
37919,2,2800
37919,3,1560
37919,4,1090
37919,5,2130
37919,6,1730
,,
37920,,17260
37920,1,7430
37920,2,4590
37920,3,2230
37920,4,1270
37920,5,1400
37920,6,340
,,
37921,,12620
37921,1,5650
37921,2,3610
37921,3,1700
37921,4,860
37921,5,710
37921,6,90
,,
37922,,16700
37922,1,4270
37922,2,2260
37922,3,1830
37922,4,1830
37922,5,4020
37922,6,2490
,,
37923,,14200
37923,1,4910
37923,2,3610
37923,3,2090
37923,4,1360
37923,5,1850
37923,6,380
,,
37924,,5450
37924,1,2080
37924,2,1500
37924,3,860
37924,4,520
37924,5,450
37924,6,40
,,
37931,,13510
37931,1,4120
37931,2,2910
37931,3,2080
37931,4,1580
37931,5,2440
37931,6,380
,,
37932,,8090
37932,1,2290
37932,2,1500
37932,3,1110
37932,4,900
37932,5,1780
37932,6,510
,,
37934,,12130
37934,1,3150
37934,2,1740
37934,3,1360
37934,4,1280
37934,5,3100
37934,6,1500
,,
37938,,8420
37938,1,2660
37938,2,1850
37938,3,1290
37938,4,1030
37938,5,1340
37938,6,250
,,
38001,,1850
38001,1,840
38001,2,510
38001,3,260
38001,4,120
38001,5,120
38001,6,**
,,
38002,,18700
38002,1,5130
38002,2,3090
38002,3,2560
38002,4,2360
38002,5,4430
38002,6,1130
,,
38004,,4930
38004,1,1370
38004,2,1020
38004,3,850
38004,4,690
38004,5,900
38004,6,100
,,
38006,,2180
38006,1,850
38006,2,640
38006,3,330
38006,4,170
38006,5,160
38006,6,30
,,
38008,,3960
38008,1,1890
38008,2,1200
38008,3,450
38008,4,210
38008,5,180
38008,6,30
,,
38011,,4200
38011,1,1530
38011,2,1090
38011,3,630
38011,4,400
38011,5,500
38011,6,50
,,
38012,,6230
38012,1,2930
38012,2,1900
38012,3,690
38012,4,330
38012,5,320
38012,6,60
,,
38015,,1100
38015,1,410
38015,2,270
38015,3,170
38015,4,120
38015,5,110
38015,6,20
,,
38016,,22780
38016,1,7660
38016,2,6300
38016,3,3800
38016,4,2020
38016,5,2460
38016,6,540
,,
38017,,23890
38017,1,5950
38017,2,3490
38017,3,2810
38017,4,2510
38017,5,5900
38017,6,3230
,,
38018,,17730
38018,1,5670
38018,2,4670
38018,3,2810
38018,4,1740
38018,5,2250
38018,6,590
,,
38019,,6400
38019,1,2980
38019,2,1720
38019,3,710
38019,4,430
38019,5,480
38019,6,80
,,
38023,,2300
38023,1,820
38023,2,620
38023,3,370
38023,4,230
38023,5,260
38023,6,**
,,
38024,,10710
38024,1,4820
38024,2,2720
38024,3,1320
38024,4,790
38024,5,850
38024,6,210
,,
38028,,3430
38028,1,940
38028,2,530
38028,3,380
38028,4,310
38028,5,670
38028,6,600
,,
38030,,350
38030,1,130
38030,2,110
38030,3,50
38030,4,30
38030,5,30
38030,6,**
,,
38034,,1130
38034,1,480
38034,2,300
38034,3,180
38034,4,100
38034,5,70
38034,6,**
,,
38037,,670
38037,1,270
38037,2,230
38037,3,80
38037,4,50
38037,5,40
38037,6,**
,,
38039,,870
38039,1,450
38039,2,290
38039,3,70
38039,4,30
38039,5,30
38039,6,**
,,
38040,,2030
38040,1,820
38040,2,600
38040,3,280
38040,4,150
38040,5,150
38040,6,30
,,
38041,,960
38041,1,430
38041,2,340
38041,3,110
38041,4,50
38041,5,30
38041,6,**
,,
38042,,310
38042,1,140
38042,2,80
38042,3,60
38042,4,**
38042,5,30
38042,6,**
,,
38044,,360
38044,1,130
38044,2,100
38044,3,60
38044,4,40
38044,5,30
38044,6,**
,,
38049,,1780
38049,1,790
38049,2,520
38049,3,220
38049,4,120
38049,5,100
38049,6,30
,,
38052,,1500
38052,1,590
38052,2,430
38052,3,250
38052,4,130
38052,5,100
38052,6,**
,,
38053,,12200
38053,1,4700
38053,2,3250
38053,3,1810
38053,4,1080
38053,5,1190
38053,6,170
,,
38057,,1690
38057,1,730
38057,2,450
38057,3,200
38057,4,110
38057,5,150
38057,6,50
,,
38058,,4820
38058,1,1630
38058,2,1260
38058,3,810
38058,4,520
38058,5,540
38058,6,60
,,
38059,,3220
38059,1,1240
38059,2,880
38059,3,480
38059,4,290
38059,5,300
38059,6,30
,,
38060,,5270
38060,1,1520
38060,2,1290
38060,3,900
38060,4,630
38060,5,810
38060,6,120
,,
38061,,340
38061,1,140
38061,2,100
38061,3,60
38061,4,40
38061,5,**
38061,6,**
,,
38063,,6340
38063,1,3010
38063,2,1860
38063,3,770
38063,4,350
38063,5,300
38063,6,50
,,
38066,,1470
38066,1,510
38066,2,310
38066,3,160
38066,4,120
38066,5,260
38066,6,110
,,
38067,,530
38067,1,220
38067,2,140
38067,3,80
38067,4,40
38067,5,50
38067,6,**
,,
38068,,4620
38068,1,1950
38068,2,1210
38068,3,530
38068,4,370
38068,5,460
38068,6,100
,,
38069,,1090
38069,1,490
38069,2,330
38069,3,130
38069,4,80
38069,5,60
38069,6,**
,,
38075,,1550
38075,1,710
38075,2,500
38075,3,180
38075,4,90
38075,5,70
38075,6,**
,,
38076,,360
38076,1,130
38076,2,80
38076,3,60
38076,4,30
38076,5,40
38076,6,20
,,
38079,,1250
38079,1,640
38079,2,340
38079,3,140
38079,4,60
38079,5,70
38079,6,**
,,
38080,,960
38080,1,470
38080,2,270
38080,3,110
38080,4,50
38080,5,60
38080,6,**
,,
38103,,6250
38103,1,1200
38103,2,1440
38103,3,1260
38103,4,680
38103,5,1030
38103,6,640
,,
38104,,10520
38104,1,3870
38104,2,2890
38104,3,1320
38104,4,750
38104,5,1060
38104,6,630
,,
38105,,2340
38105,1,1450
38105,2,630
38105,3,160
38105,4,70
38105,5,30
38105,6,**
,,
38106,,10070
38106,1,6860
38106,2,2410
38106,3,550
38106,4,160
38106,5,90
38106,6,**
,,
38107,,6810
38107,1,4110
38107,2,1650
38107,3,550
38107,4,240
38107,5,230
38107,6,30
,,
38108,,6770
38108,1,4520
38108,2,1730
38108,3,360
38108,4,110
38108,5,50
38108,6,**
,,
38109,,20310
38109,1,12370
38109,2,5600
38109,3,1490
38109,4,480
38109,5,340
38109,6,30
,,
38111,,17720
38111,1,8850
38111,2,4470
38111,3,1700
38111,4,790
38111,5,1120
38111,6,790
,,
38112,,6690
38112,1,3450
38112,2,1490
38112,3,600
38112,4,330
38112,5,530
38112,6,290
,,
38114,,10900
38114,1,7220
38114,2,2600
38114,3,630
38114,4,240
38114,5,180
38114,6,30
,,
38115,,18410
38115,1,10820
38115,2,5420
38115,3,1360
38115,4,440
38115,5,350
38115,6,20
,,
38116,,18480
38116,1,10500
38116,2,4960
38116,3,1730
38116,4,670
38116,5,580
38116,6,40
,,
38117,,13510
38117,1,3950
38117,2,2950
38117,3,1950
38117,4,1200
38117,5,1920
38117,6,1540
,,
38118,,18130
38118,1,11080
38118,2,5200
38118,3,1150
38118,4,380
38118,5,230
38118,6,90
,,
38119,,11560
38119,1,3750
38119,2,2960
38119,3,1670
38119,4,980
38119,5,1490
38119,6,710
,,
38120,,7200
38120,1,1700
38120,2,1250
38120,3,970
38120,4,620
38120,5,1320
38120,6,1340
,,
38122,,10460
38122,1,5430
38122,2,3170
38122,3,1110
38122,4,400
38122,5,310
38122,6,40
,,
38125,,20710
38125,1,7800
38125,2,6000
38125,3,3230
38125,4,1660
38125,5,1610
38125,6,410
,,
38126,,1860
38126,1,1430
38126,2,350
38126,3,60
38126,4,20
38126,5,**
38126,6,**
,,
38127,,17330
38127,1,11390
38127,2,4270
38127,3,1080
38127,4,360
38127,5,230
38127,6,**
,,
38128,,19000
38128,1,11210
38128,2,5160
38128,3,1610
38128,4,590
38128,5,400
38128,6,30
,,
38133,,10370
38133,1,3520
38133,2,2720
38133,3,1580
38133,4,970
38133,5,1290
38133,6,290
,,
38134,,18050
38134,1,7840
38134,2,5440
38134,3,2430
38134,4,1150
38134,5,1090
38134,6,100
,,
38135,,14270
38135,1,4540
38135,2,3340
38135,3,2260
38135,4,1650
38135,5,2170
38135,6,310
,,
38138,,11880
38138,1,2630
38138,2,1700
38138,3,1520
38138,4,1300
38138,5,3030
38138,6,1700
,,
38139,,7560
38139,1,1680
38139,2,660
38139,3,580
38139,4,610
38139,5,2010
38139,6,2020
,,
38141,,11060
38141,1,5250
38141,2,3640
38141,3,1340
38141,4,510
38141,5,320
38141,6,**
,,
38201,,3770
38201,1,1700
38201,2,990
38201,3,490
38201,4,310
38201,5,240
38201,6,40
,,
38220,,810
38220,1,360
38220,2,230
38220,3,120
38220,4,50
38220,5,50
38220,6,**
,,
38221,,1230
38221,1,570
38221,2,320
38221,3,150
38221,4,90
38221,5,80
38221,6,20
,,
38222,,1120
38222,1,440
38222,2,310
38222,3,160
38222,4,100
38222,5,90
38222,6,20
,,
38224,,390
38224,1,160
38224,2,140
38224,3,60
38224,4,**
38224,5,30
38224,6,**
,,
38225,,2320
38225,1,1030
38225,2,630
38225,3,330
38225,4,170
38225,5,140
38225,6,20
,,
38226,,140
38226,1,60
38226,2,40
38226,3,40
38226,4,**
38226,5,**
38226,6,**
,,
38229,,1130
38229,1,450
38229,2,300
38229,3,190
38229,4,100
38229,5,90
38229,6,**
,,
38230,,1390
38230,1,640
38230,2,370
38230,3,180
38230,4,100
38230,5,80
38230,6,20
,,
38231,,730
38231,1,340
38231,2,220
38231,3,90
38231,4,40
38231,5,40
38231,6,**
,,
38232,,750
38232,1,340
38232,2,220
38232,3,90
38232,4,60
38232,5,40
38232,6,**
,,
38233,,1080
38233,1,470
38233,2,280
38233,3,170
38233,4,80
38233,5,80
38233,6,**
,,
38236,,250
38236,1,110
38236,2,70
38236,3,30
38236,4,20
38236,5,20
38236,6,**
,,
38237,,5740
38237,1,2480
38237,2,1370
38237,3,770
38237,4,510
38237,5,500
38237,6,110
,,
38240,,800
38240,1,340
38240,2,240
38240,3,110
38240,4,60
38240,5,50
38240,6,**
,,
38241,,320
38241,1,140
38241,2,90
38241,3,50
38241,4,40
38241,5,**
38241,6,**
,,
38242,,8500
38242,1,3890
38242,2,2250
38242,3,1020
38242,4,610
38242,5,580
38242,6,150
,,
38251,,1190
38251,1,520
38251,2,300
38251,3,170
38251,4,110
38251,5,90
38251,6,**
,,
38253,,440
38253,1,170
38253,2,110
38253,3,70
38253,4,40
38253,5,50
38253,6,**
,,
38255,,960
38255,1,420
38255,2,290
38255,3,140
38255,4,60
38255,5,50
38255,6,**
,,
38256,,1400
38256,1,600
38256,2,360
38256,3,170
38256,4,130
38256,5,120
38256,6,20
,,
38257,,1920
38257,1,840
38257,2,530
38257,3,250
38257,4,150
38257,5,130
38257,6,20
,,
38258,,620
38258,1,280
38258,2,170
38258,3,90
38258,4,50
38258,5,30
38258,6,**
,,
38259,,360
38259,1,150
38259,2,100
38259,3,50
38259,4,30
38259,5,30
38259,6,**
,,
38260,,1710
38260,1,700
38260,2,500
38260,3,260
38260,4,120
38260,5,130
38260,6,**
,,
38261,,6970
38261,1,3310
38261,2,1840
38261,3,850
38261,4,450
38261,5,410
38261,6,110
,,
38301,,13840
38301,1,7440
38301,2,3820
38301,3,1330
38301,4,630
38301,5,510
38301,6,110
,,
38305,,23430
38305,1,8900
38305,2,5960
38305,3,3060
38305,4,1960
38305,5,2550
38305,6,1000
,,
38310,,2290
38310,1,1000
38310,2,600
38310,3,290
38310,4,180
38310,5,180
38310,6,40
,,
38311,,350
38311,1,130
38311,2,80
38311,3,70
38311,4,30
38311,5,40
38311,6,**
,,
38313,,1400
38313,1,540
38313,2,350
38313,3,230
38313,4,130
38313,5,150
38313,6,**
,,
38315,,1360
38315,1,600
38315,2,380
38315,3,190
38315,4,100
38315,5,90
38315,6,**
,,
38316,,1150
38316,1,470
38316,2,320
38316,3,170
38316,4,110
38316,5,80
38316,6,**
,,
38317,,920
38317,1,420
38317,2,260
38317,3,120
38317,4,60
38317,5,60
38317,6,**
,,
38318,,200
38318,1,100
38318,2,50
38318,3,20
38318,4,30
38318,5,**
38318,6,**
,,
38320,,4350
38320,1,1990
38320,2,1100
38320,3,580
38320,4,330
38320,5,300
38320,6,50
,,
38321,,1030
38321,1,410
38321,2,300
38321,3,160
38321,4,100
38321,5,60
38321,6,**
,,
38326,,1070
38326,1,410
38326,2,240
38326,3,160
38326,4,90
38326,5,130
38326,6,40
,,
38327,,230
38327,1,90
38327,2,90
38327,3,30
38327,4,20
38327,5,**
38327,6,**
,,
38328,,350
38328,1,130
38328,2,100
38328,3,60
38328,4,40
38328,5,20
38328,6,**
,,
38329,,1330
38329,1,600
38329,2,340
38329,3,180
38329,4,100
38329,5,110
38329,6,**
,,
38330,,1630
38330,1,680
38330,2,450
38330,3,240
38330,4,150
38330,5,110
38330,6,**
,,
38332,,410
38332,1,180
38332,2,110
38332,3,60
38332,4,30
38332,5,30
38332,6,**
,,
38333,,190
38333,1,70
38333,2,60
38333,3,30
38333,4,30
38333,5,**
38333,6,0
,,
38334,,720
38334,1,310
38334,2,190
38334,3,100
38334,4,70
38334,5,50
38334,6,**
,,
38337,,590
38337,1,240
38337,2,160
38337,3,80
38337,4,60
38337,5,50
38337,6,**
,,
38339,,280
38339,1,120
38339,2,80
38339,3,60
38339,4,**
38339,5,20
38339,6,**
,,
38340,,4850
38340,1,2070
38340,2,1290
38340,3,660
38340,4,420
38340,5,370
38340,6,40
,,
38341,,790
38341,1,350
38341,2,210
38341,3,110
38341,4,60
38341,5,60
38341,6,**
,,
38342,,530
38342,1,260
38342,2,140
38342,3,60
38342,4,30
38342,5,40
38342,6,**
,,
38343,,6580
38343,1,2980
38343,2,1690
38343,3,800
38343,4,490
38343,5,500
38343,6,120
,,
38344,,3570
38344,1,1510
38344,2,850
38344,3,530
38344,4,310
38344,5,310
38344,6,60
,,
38345,,830
38345,1,340
38345,2,240
38345,3,130
38345,4,50
38345,5,70
38345,6,**
,,
38347,,170
38347,1,60
38347,2,50
38347,3,60
38347,4,**
38347,5,**
38347,6,0
,,
38348,,380
38348,1,150
38348,2,110
38348,3,70
38348,4,30
38348,5,20
38348,6,0
,,
38351,,7320
38351,1,3050
38351,2,1960
38351,3,1050
38351,4,620
38351,5,550
38351,6,90
,,
38352,,250
38352,1,80
38352,2,70
38352,3,70
38352,4,**
38352,5,30
38352,6,**
,,
38355,,2900
38355,1,850
38355,2,590
38355,3,490
38355,4,430
38355,5,470
38355,6,70
,,
38356,,1010
38356,1,430
38356,2,240
38356,3,140
38356,4,90
38356,5,110
38356,6,**
,,
38357,,1100
38357,1,490
38357,2,310
38357,3,140
38357,4,70
38357,5,90
38357,6,**
,,
38358,,5180
38358,1,2300
38358,2,1320
38358,3,690
38358,4,390
38358,5,400
38358,6,80
,,
38359,,120
38359,1,50
38359,2,40
38359,3,30
38359,4,**
38359,5,**
38359,6,0
,,
38361,,390
38361,1,190
38361,2,90
38361,3,60
38361,4,30
38361,5,20
38361,6,**
,,
38362,,600
38362,1,210
38362,2,200
38362,3,100
38362,4,50
38362,5,40
38362,6,**
,,
38363,,2180
38363,1,1000
38363,2,560
38363,3,290
38363,4,150
38363,5,180
38363,6,**
,,
38366,,990
38366,1,370
38366,2,290
38366,3,150
38366,4,100
38366,5,80
38366,6,**
,,
38367,,1030
38367,1,420
38367,2,260
38367,3,160
38367,4,100
38367,5,90
38367,6,**
,,
38368,,710
38368,1,300
38368,2,220
38368,3,110
38368,4,50
38368,5,30
38368,6,**
,,
38369,,740
38369,1,300
38369,2,200
38369,3,120
38369,4,60
38369,5,60
38369,6,**
,,
38370,,260
38370,1,110
38370,2,80
38370,3,30
38370,4,40
38370,5,**
38370,6,**
,,
38371,,520
38371,1,260
38371,2,140
38371,3,60
38371,4,30
38371,5,30
38371,6,**
,,
38372,,6970
38372,1,3110
38372,2,1840
38372,3,850
38372,4,500
38372,5,540
38372,6,130
,,
38374,,740
38374,1,310
38374,2,230
38374,3,100
38374,4,50
38374,5,50
38374,6,**
,,
38375,,3680
38375,1,1700
38375,2,970
38375,3,470
38375,4,270
38375,5,240
38375,6,30
,,
38376,,120
38376,1,60
38376,2,40
38376,3,**
38376,4,20
38376,5,**
38376,6,0
,,
38379,,520
38379,1,200
38379,2,130
38379,3,90
38379,4,40
38379,5,60
38379,6,**
,,
38380,,210
38380,1,90
38380,2,50
38380,3,30
38380,4,40
38380,5,**
38380,6,**
,,
38381,,610
38381,1,240
38381,2,200
38381,3,80
38381,4,40
38381,5,50
38381,6,**
,,
38382,,3810
38382,1,1670
38382,2,1060
38382,3,500
38382,4,290
38382,5,250
38382,6,40
,,
38387,,170
38387,1,60
38387,2,50
38387,3,30
38387,4,30
38387,5,**
38387,6,**
,,
38388,,690
38388,1,320
38388,2,180
38388,3,90
38388,4,60
38388,5,40
38388,6,**
,,
38390,,360
38390,1,140
38390,2,110
38390,3,50
38390,4,30
38390,5,30
38390,6,**
,,
38391,,550
38391,1,270
38391,2,160
38391,3,60
38391,4,30
38391,5,30
38391,6,**
,,
38392,,300
38392,1,120
38392,2,90
38392,3,40
38392,4,50
38392,5,**
38392,6,**
,,
38401,,26930
38401,1,10140
38401,2,7570
38401,3,3740
38401,4,2270
38401,5,2650
38401,6,560
,,
38425,,710
38425,1,270
38425,2,210
38425,3,90
38425,4,60
38425,5,80
38425,6,**
,,
38449,,1340
38449,1,510
38449,2,330
38449,3,190
38449,4,140
38449,5,150
38449,6,20
,,
38450,,990
38450,1,460
38450,2,270
38450,3,140
38450,4,50
38450,5,70
38450,6,**
,,
38451,,2190
38451,1,740
38451,2,600
38451,3,340
38451,4,250
38451,5,220
38451,6,40
,,
38452,,390
38452,1,180
38452,2,110
38452,3,60
38452,4,20
38452,5,20
38452,6,**
,,
38453,,170
38453,1,40
38453,2,60
38453,3,50
38453,4,**
38453,5,20
38453,6,**
,,
38454,,440
38454,1,160
38454,2,140
38454,3,60
38454,4,40
38454,5,40
38454,6,**
,,
38456,,1390
38456,1,580
38456,2,410
38456,3,190
38456,4,120
38456,5,90
38456,6,**
,,
38457,,300
38457,1,140
38457,2,70
38457,3,40
38457,4,50
38457,5,**
38457,6,**
,,
38459,,180
38459,1,60
38459,2,50
38459,3,30
38459,4,40
38459,5,**
38459,6,**
,,
38460,,570
38460,1,200
38460,2,180
38460,3,90
38460,4,60
38460,5,40
38460,6,**
,,
38461,,640
38461,1,230
38461,2,160
38461,3,90
38461,4,70
38461,5,90
38461,6,**
,,
38462,,4070
38462,1,1880
38462,2,1140
38462,3,500
38462,4,280
38462,5,230
38462,6,40
,,
38463,,990
38463,1,450
38463,2,250
38463,3,150
38463,4,70
38463,5,70
38463,6,**
,,
38464,,9230
38464,1,3990
38464,2,2600
38464,3,1250
38464,4,700
38464,5,580
38464,6,110
,,
38468,,2130
38468,1,800
38468,2,640
38468,3,330
38468,4,200
38468,5,140
38468,6,20
,,
38469,,1640
38469,1,620
38469,2,440
38469,3,270
38469,4,160
38469,5,130
38469,6,20
,,
38471,,190
38471,1,100
38471,2,70
38471,3,**
38471,4,20
38471,5,**
38471,6,**
,,
38472,,1150
38472,1,380
38472,2,320
38472,3,200
38472,4,120
38472,5,130
38472,6,**
,,
38473,,440
38473,1,180
38473,2,140
38473,3,70
38473,4,30
38473,5,20
38473,6,**
,,
38474,,3450
38474,1,1450
38474,2,1010
38474,3,480
38474,4,260
38474,5,220
38474,6,30
,,
38475,,250
38475,1,120
38475,2,80
38475,3,20
38475,4,30
38475,5,**
38475,6,**
,,
38476,,500
38476,1,170
38476,2,120
38476,3,70
38476,4,60
38476,5,80
38476,6,**
,,
38477,,1090
38477,1,400
38477,2,310
38477,3,190
38477,4,100
38477,5,90
38477,6,**
,,
38478,,7720
38478,1,3160
38478,2,2170
38478,3,1110
38478,4,600
38478,5,570
38478,6,110
,,
38481,,350
38481,1,150
38481,2,100
38481,3,40
38481,4,30
38481,5,30
38481,6,**
,,
38482,,830
38482,1,280
38482,2,220
38482,3,130
38482,4,80
38482,5,100
38482,6,20
,,
38483,,2270
38483,1,910
38483,2,660
38483,3,330
38483,4,210
38483,5,160
38483,6,**
,,
38485,,2450
38485,1,1090
38485,2,690
38485,3,320
38485,4,170
38485,5,150
38485,6,30
,,
38486,,400
38486,1,170
38486,2,120
38486,3,60
38486,4,30
38486,5,20
38486,6,**
,,
38487,,520
38487,1,180
38487,2,140
38487,3,70
38487,4,50
38487,5,80
38487,6,**
,,
38488,,1060
38488,1,390
38488,2,260
38488,3,150
38488,4,100
38488,5,130
38488,6,30
,,
38501,,15260
38501,1,7160
38501,2,3890
38501,3,1780
38501,4,1000
38501,5,1050
38501,6,380
,,
38504,,520
38504,1,240
38504,2,130
38504,3,60
38504,4,40
38504,5,50
38504,6,**
,,
38506,,12310
38506,1,4880
38506,2,2910
38506,3,1790
38506,4,1160
38506,5,1270
38506,6,300
,,
38541,,650
38541,1,250
38541,2,180
38541,3,120
38541,4,50
38541,5,50
38541,6,**
,,
38543,,220
38543,1,100
38543,2,60
38543,3,40
38543,4,20
38543,5,**
38543,6,**
,,
38544,,2850
38544,1,1210
38544,2,770
38544,3,420
38544,4,230
38544,5,190
38544,6,30
,,
38545,,560
38545,1,260
38545,2,160
38545,3,80
38545,4,30
38545,5,30
38545,6,**
,,
38547,,860
38547,1,280
38547,2,250
38547,3,140
38547,4,90
38547,5,100
38547,6,**
,,
38548,,320
38548,1,130
38548,2,100
38548,3,40
38548,4,30
38548,5,20
38548,6,**
,,
38549,,1560
38549,1,700
38549,2,380
38549,3,220
38549,4,130
38549,5,100
38549,6,30
,,
38551,,1560
38551,1,780
38551,2,430
38551,3,190
38551,4,80
38551,5,80
38551,6,**
,,
38552,,170
38552,1,70
38552,2,50
38552,3,50
38552,4,**
38552,5,**
38552,6,**
,,
38553,,940
38553,1,420
38553,2,280
38553,3,140
38553,4,50
38553,5,50
38553,6,**
,,
38554,,320
38554,1,160
38554,2,90
38554,3,40
38554,4,30
38554,5,**
38554,6,0
,,
38555,,7680
38555,1,3370
38555,2,2170
38555,3,970
38555,4,500
38555,5,530
38555,6,140
,,
38556,,4410
38556,1,2160
38556,2,1180
38556,3,550
38556,4,260
38556,5,200
38556,6,60
,,
38558,,4450
38558,1,1150
38558,2,920
38558,3,780
38558,4,640
38558,5,830
38558,6,130
,,
38559,,500
38559,1,250
38559,2,120
38559,3,70
38559,4,30
38559,5,30
38559,6,**
,,
38560,,540
38560,1,200
38560,2,160
38560,3,90
38560,4,50
38560,5,40
38560,6,**
,,
38562,,2400
38562,1,1150
38562,2,610
38562,3,320
38562,4,170
38562,5,150
38562,6,**
,,
38563,,1160
38563,1,410
38563,2,350
38563,3,190
38563,4,110
38563,5,100
38563,6,**
,,
38564,,250
38564,1,100
38564,2,70
38564,3,40
38564,4,40
38564,5,**
38564,6,0
,,
38565,,420
38565,1,200
38565,2,100
38565,3,70
38565,4,50
38565,5,**
38565,6,**
,,
38567,,350
38567,1,120
38567,2,100
38567,3,60
38567,4,70
38567,5,**
38567,6,**
,,
38568,,830
38568,1,390
38568,2,230
38568,3,120
38568,4,50
38568,5,40
38568,6,**
,,
38569,,160
38569,1,60
38569,2,40
38569,3,40
38569,4,**
38569,5,20
38569,6,**
,,
38570,,3840
38570,1,1760
38570,2,1030
38570,3,530
38570,4,260
38570,5,200
38570,6,60
,,
38571,,5770
38571,1,2540
38571,2,1590
38571,3,800
38571,4,440
38571,5,340
38571,6,60
,,
38572,,5120
38572,1,2170
38572,2,1480
38572,3,720
38572,4,380
38572,5,320
38572,6,50
,,
38573,,850
38573,1,370
38573,2,240
38573,3,120
38573,4,60
38573,5,60
38573,6,**
,,
38574,,3410
38574,1,1500
38574,2,970
38574,3,480
38574,4,220
38574,5,210
38574,6,30
,,
38575,,440
38575,1,210
38575,2,120
38575,3,70
38575,4,20
38575,5,20
38575,6,**
,,
38577,,440
38577,1,210
38577,2,110
38577,3,60
38577,4,30
38577,5,30
38577,6,0
,,
38579,,390
38579,1,190
38579,2,90
38579,3,50
38579,4,30
38579,5,30
38579,6,**
,,
38580,,810
38580,1,310
38580,2,220
38580,3,130
38580,4,80
38580,5,70
38580,6,**
,,
38581,,1710
38581,1,770
38581,2,470
38581,3,240
38581,4,130
38581,5,100
38581,6,**
,,
38582,,580
38582,1,210
38582,2,160
38582,3,80
38582,4,60
38582,5,70
38582,6,**
,,
38583,,10040
38583,1,4560
38583,2,2710
38583,3,1390
38583,4,700
38583,5,570
38583,6,110
,,
38585,,1560
38585,1,700
38585,2,440
38585,3,220
38585,4,100
38585,5,100
38585,6,**
,,
38587,,510
38587,1,200
38587,2,140
38587,3,80
38587,4,50
38587,5,40
38587,6,**
,,
38588,,410
38588,1,200
38588,2,110
38588,3,50
38588,4,30
38588,5,20
38588,6,0
