53001,,980
53001,1,290
53001,2,220
53001,3,170
53001,4,140
53001,5,160
53001,6,**
,,
53002,,1200
53002,1,340
53002,2,270
53002,3,200
53002,4,170
53002,5,200
53002,6,20
,,
53004,,1750
53004,1,530
53004,2,380
53004,3,300
53004,4,210
53004,5,280
53004,6,50
,,
53005,,10490
53005,1,2540
53005,2,1550
53005,3,1400
53005,4,1240
53005,5,2690
53005,6,1070
,,
53006,,920
53006,1,280
53006,2,200
53006,3,150
53006,4,130
53006,5,140
53006,6,20
,,
53007,,1020
53007,1,340
53007,2,310
53007,3,170
53007,4,110
53007,5,90
53007,6,**
,,
53010,,3810
53010,1,1150
53010,2,890
53010,3,650
53010,4,480
53010,5,560
53010,6,80
,,
53011,,1150
53011,1,350
53011,2,290
53011,3,180
53011,4,160
53011,5,140
53011,6,30
,,
53012,,9590
53012,1,2740
53012,2,1590
53012,3,1220
53012,4,1050
53012,5,2060
53012,6,930
,,
53013,,1710
53013,1,530
53013,2,370
53013,3,260
53013,4,220
53013,5,270
53013,6,60
,,
53014,,3900
53014,1,1180
53014,2,1060
53014,3,650
53014,4,470
53014,5,450
53014,6,90
,,
53015,,1270
53015,1,340
53015,2,330
53015,3,220
53015,4,190
53015,5,170
53015,6,20
,,
53017,,2850
53017,1,730
53017,2,440
53017,3,330
53017,4,370
53017,5,710
53017,6,270
,,
53018,,3980
53018,1,1140
53018,2,580
53018,3,490
53018,4,350
53018,5,820
53018,6,600
,,
53019,,970
53019,1,290
53019,2,240
53019,3,170
53019,4,120
53019,5,130
53019,6,20
,,
53020,,1840
53020,1,500
53020,2,350
53020,3,300
53020,4,260
53020,5,350
53020,6,80
,,
53021,,2310
53021,1,630
53021,2,510
53021,3,380
53021,4,310
53021,5,420
53021,6,60
,,
53022,,10140
53022,1,2940
53022,2,1950
53022,3,1440
53022,4,1110
53022,5,2130
53022,6,570
,,
53023,,690
53023,1,230
53023,2,130
53023,3,120
53023,4,90
53023,5,120
53023,6,**
,,
53024,,9280
53024,1,2690
53024,2,1850
53024,3,1350
53024,4,1020
53024,5,1800
53024,6,570
,,
53027,,11480
53027,1,3400
53027,2,2520
53027,3,1890
53027,4,1400
53027,5,1910
53027,6,360
,,
53029,,10400
53029,1,2940
53029,2,1710
53029,3,1230
53029,4,1070
53029,5,2100
53029,6,1350
,,
53032,,2480
53032,1,720
53032,2,740
53032,3,420
53032,4,310
53032,5,290
53032,6,**
,,
53033,,2730
53033,1,660
53033,2,450
53033,3,330
53033,4,380
53033,5,690
53033,6,220
,,
53034,,940
53034,1,290
53034,2,270
53034,3,160
53034,4,110
53034,5,110
53034,6,**
,,
53035,,1130
53035,1,310
53035,2,280
53035,3,220
53035,4,150
53035,5,170
53035,6,**
,,
53036,,1580
53036,1,390
53036,2,340
53036,3,260
53036,4,240
53036,5,320
53036,6,30
,,
53037,,5130
53037,1,1440
53037,2,1060
53037,3,860
53037,4,640
53037,5,960
53037,6,170
,,
53038,,2020
53038,1,550
53038,2,480
53038,3,300
53038,4,290
53038,5,350
53038,6,50
,,
53039,,2050
53039,1,640
53039,2,510
53039,3,360
53039,4,270
53039,5,230
53039,6,40
,,
53040,,4130
53040,1,1240
53040,2,910
53040,3,650
53040,4,550
53040,5,690
53040,6,90
,,
53042,,3430
53042,1,1070
53042,2,840
53042,3,560
53042,4,450
53042,5,420
53042,6,90
,,
53044,,1150
53044,1,310
53044,2,130
53044,3,160
53044,4,140
53044,5,260
53044,6,150
,,
53045,,11480
53045,1,2940
53045,2,1520
53045,3,1330
53045,4,1190
53045,5,2670
53045,6,1830
,,
53046,,680
53046,1,210
53046,2,160
53046,3,110
53046,4,80
53046,5,120
53046,6,**
,,
53048,,1680
53048,1,540
53048,2,450
53048,3,300
53048,4,200
53048,5,170
53048,6,20
,,
53049,,1230
53049,1,320
53049,2,270
53049,3,190
53049,4,170
53049,5,240
53049,6,40
,,
53050,,3570
53050,1,1100
53050,2,920
53050,3,620
53050,4,450
53050,5,430
53050,6,50
,,
53051,,19360
53051,1,5240
53051,2,3810
53051,3,2820
53051,4,2290
53051,5,3880
53051,6,1320
,,
53057,,760
53057,1,200
53057,2,180
53057,3,120
53057,4,120
53057,5,140
53057,6,**
,,
53058,,1680
53058,1,480
53058,2,290
53058,3,220
53058,4,140
53058,5,340
53058,6,210
,,
53059,,940
53059,1,280
53059,2,210
53059,3,150
53059,4,130
53059,5,150
53059,6,20
,,
53061,,2440
53061,1,760
53061,2,630
53061,3,390
53061,4,350
53061,5,280
53061,6,30
,,
53063,,760
53063,1,240
53063,2,160
53063,3,120
53063,4,100
53063,5,110
53063,6,30
,,
53065,,1050
53065,1,300
53065,2,240
53065,3,170
53065,4,160
53065,5,180
53065,6,**
,,
53066,,17650
53066,1,4920
53066,2,3170
53066,3,2400
53066,4,1920
53066,5,3750
53066,6,1490
,,
53069,,480
53069,1,140
53069,2,110
53069,3,60
53069,4,50
53069,5,70
53069,6,50
,,
53070,,2340
53070,1,690
53070,2,520
53070,3,420
53070,4,340
53070,5,310
53070,6,60
,,
53072,,13890
53072,1,3620
53072,2,2530
53072,3,1960
53072,4,1450
53072,5,2760
53072,6,1570
,,
53073,,7480
53073,1,2480
53073,2,1680
53073,3,1210
53073,4,840
53073,5,1030
53073,6,240
,,
53074,,6710
53074,1,2090
53074,2,1490
53074,3,1100
53074,4,750
53074,5,1070
53074,6,210
,,
53075,,1680
53075,1,490
53075,2,410
53075,3,310
53075,4,210
53075,5,230
53075,6,30
,,
53076,,1980
53076,1,570
53076,2,290
53076,3,230
53076,4,230
53076,5,500
53076,6,160
,,
53078,,1010
53078,1,300
53078,2,180
53078,3,170
53078,4,150
53078,5,180
53078,6,30
,,
53079,,750
53079,1,210
53079,2,140
53079,3,120
53079,4,140
53079,5,140
53079,6,**
,,
53080,,2990
53080,1,940
53080,2,750
53080,3,460
53080,4,320
53080,5,450
53080,6,70
,,
53081,,21080
53081,1,8290
53081,2,6080
53081,3,3200
53081,4,1830
53081,5,1460
53081,6,220
,,
53083,,10750
53083,1,3400
53083,2,2420
53083,3,1700
53083,4,1340
53083,5,1520
53083,6,370
,,
53085,,5990
53085,1,1910
53085,2,1370
53085,3,1010
53085,4,780
53085,5,780
53085,6,140
,,
53086,,4410
53086,1,1210
53086,2,890
53086,3,700
53086,4,520
53086,5,900
53086,6,190
,,
53089,,9630
53089,1,2690
53089,2,1650
53089,3,1280
53089,4,1120
53089,5,2230
53089,6,660
,,
53090,,10820
53090,1,3260
53090,2,2560
53090,3,1880
53090,4,1360
53090,5,1550
53090,6,210
,,
53091,,1100
53091,1,350
53091,2,270
53091,3,190
53091,4,150
53091,5,140
53091,6,**
,,
53092,,10770
53092,1,2740
53092,2,1360
53092,3,1160
53092,4,1000
53092,5,2390
53092,6,2120
,,
53093,,840
53093,1,260
53093,2,160
53093,3,130
53093,4,150
53093,5,140
53093,6,**
,,
53094,,8910
53094,1,3160
53094,2,2380
53094,3,1430
53094,4,960
53094,5,860
53094,6,120
,,
53095,,14070
53095,1,4380
53095,2,3170
53095,3,2120
53095,4,1630
53095,5,2190
53095,6,580
,,
53097,,2660
53097,1,640
53097,2,330
53097,3,290
53097,4,260
53097,5,610
53097,6,530
,,
53098,,5820
53098,1,1960
53098,2,1450
53098,3,980
53098,4,670
53098,5,660
53098,6,100
,,
53103,,1960
53103,1,520
53103,2,350
53103,3,310
53103,4,270
53103,5,420
53103,6,90
,,
53104,,2940
53104,1,920
53104,2,580
53104,3,460
53104,4,300
53104,5,530
53104,6,150
,,
53105,,14530
53105,1,4780
53105,2,3250
53105,3,2070
53105,4,1630
53105,5,2330
53105,6,470
,,
53108,,1770
53108,1,510
53108,2,370
53108,3,280
53108,4,210
53108,5,310
53108,6,90
,,
53110,,9290
53110,1,3310
53110,2,2680
53110,3,1550
53110,4,920
53110,5,770
53110,6,60
,,
53114,,1310
53114,1,430
53114,2,370
53114,3,220
53114,4,150
53114,5,120
53114,6,20
,,
53115,,7810
53115,1,3000
53115,2,2080
53115,3,1180
53115,4,690
53115,5,720
53115,6,140
,,
53118,,3690
53118,1,1100
53118,2,630
53118,3,510
53118,4,430
53118,5,770
53118,6,250
,,
53119,,2820
53119,1,760
53119,2,460
53119,3,420
53119,4,420
53119,5,640
53119,6,120
,,
53120,,5190
53120,1,1600
53120,2,1150
53120,3,830
53120,4,630
53120,5,820
53120,6,160
,,
53121,,9180
53121,1,3100
53121,2,2100
53121,3,1420
53121,4,1020
53121,5,1300
53121,6,240
,,
53122,,3220
53122,1,780
53122,2,360
53122,3,340
53122,4,250
53122,5,730
53122,6,760
,,
53125,,930
53125,1,250
53125,2,160
53125,3,130
53125,4,80
53125,5,180
53125,6,130
,,
53126,,3470
53126,1,900
53126,2,670
53126,3,530
53126,4,440
53126,5,720
53126,6,210
,,
53128,,3740
53128,1,1320
53128,2,860
53128,3,640
53128,4,430
53128,5,440
53128,6,50
,,
53129,,7290
53129,1,2040
53129,2,1470
53129,3,1190
53129,4,960
53129,5,1330
53129,6,300
,,
53130,,4150
53130,1,1220
53130,2,940
53130,3,670
53130,4,470
53130,5,730
53130,6,120
,,
53132,,17430
53132,1,4750
53132,2,3140
53132,3,2440
53132,4,2120
53132,5,3880
53132,6,1100
,,
53137,,840
53137,1,250
53137,2,190
53137,3,140
53137,4,110
53137,5,130
53137,6,20
,,
53139,,1450
53139,1,400
53139,2,330
53139,3,220
53139,4,200
53139,5,260
53139,6,40
,,
53140,,13330
53140,1,6060
53140,2,3700
53140,3,1670
53140,4,940
53140,5,860
53140,6,100
,,
53142,,16150
53142,1,5410
53142,2,3500
53142,3,2430
53142,4,1710
53142,5,2670
53142,6,430
,,
53143,,10610
53143,1,4540
53143,2,2850
53143,3,1480
53143,4,830
53143,5,780
53143,6,130
,,
53144,,12500
53144,1,4800
53144,2,3170
53144,3,1650
53144,4,1070
53144,5,1480
53144,6,330
,,
53146,,3890
53146,1,1020
53146,2,700
53146,3,590
53146,4,530
53146,5,800
53146,6,250
,,
53147,,8500
53147,1,3130
53147,2,1960
53147,3,1170
53147,4,730
53147,5,1050
53147,6,460
,,
53149,,9850
53149,1,2730
53149,2,1800
53149,3,1350
53149,4,1200
53149,5,2290
53149,6,480
,,
53150,,13050
53150,1,3520
53150,2,2170
53150,3,1770
53150,4,1650
53150,5,3140
53150,6,800
,,
53151,,17480
53151,1,4630
53151,2,3330
53151,3,2620
53151,4,2100
53151,5,3780
53151,6,1020
,,
53153,,1310
53153,1,350
53153,2,220
53153,3,200
53153,4,170
53153,5,300
53153,6,70
,,
53154,,18000
53154,1,5240
53154,2,4150
53154,3,2940
53154,4,2080
53154,5,3170
53154,6,420
,,
53156,,1490
53156,1,460
53156,2,370
53156,3,240
53156,4,200
53156,5,200
53156,6,20
,,
53158,,8550
53158,1,2520
53158,2,1580
53158,3,1110
53158,4,930
53158,5,1750
53158,6,660
,,
53168,,4410
53168,1,1320
53168,2,1020
53168,3,700
53168,4,490
53168,5,730
53168,6,150
,,
53170,,1150
53170,1,370
53170,2,270
53170,3,160
53170,4,140
53170,5,190
53170,6,20
,,
53172,,10490
53172,1,3720
53172,2,2830
53172,3,1660
53172,4,1080
53172,5,1100
53172,6,100
,,
53177,,3540
53177,1,1190
53177,2,910
53177,3,540
53177,4,370
53177,5,460
53177,6,70
,,
53178,,1430
53178,1,470
53178,2,310
53178,3,260
53178,4,170
53178,5,190
53178,6,30
,,
53179,,2960
53179,1,930
53179,2,610
53179,3,460
53179,4,340
53179,5,500
53179,6,120
,,
53181,,3750
53181,1,1290
53181,2,800
53181,3,560
53181,4,430
53181,5,560
53181,6,110
,,
53182,,4390
53182,1,1400
53182,2,1040
53182,3,640
53182,4,480
53182,5,680
53182,6,150
,,
53183,,1590
53183,1,420
53183,2,270
53183,3,210
53183,4,200
53183,5,350
53183,6,140
,,
53184,,2080
53184,1,770
53184,2,500
53184,3,330
53184,4,190
53184,5,240
53184,6,50
,,
53185,,9360
53185,1,2640
53185,2,1650
53185,3,1430
53185,4,1260
53185,5,1990
53185,6,390
,,
53186,,16550
53186,1,5430
53186,2,4230
53186,3,2680
53186,4,1770
53186,5,2080
53186,6,360
,,
53188,,17820
53188,1,5280
53188,2,4030
53188,3,2710
53188,4,2040
53188,5,3070
53188,6,690
,,
53189,,13230
53189,1,3600
53189,2,2430
53189,3,1800
53189,4,1620
53189,5,3000
53189,6,780
,,
53190,,6350
53190,1,2490
53190,2,1530
53190,3,860
53190,4,600
53190,5,710
53190,6,160
,,
53191,,1470
53191,1,490
53191,2,310
53191,3,200
53191,4,140
53191,5,230
53191,6,100
,,
53202,,14270
53202,1,3770
53202,2,3990
53202,3,2720
53202,4,1190
53202,5,1610
53202,6,990
,,
53203,,1130
53203,1,290
53203,2,310
53203,3,220
53203,4,100
53203,5,120
53203,6,90
,,
53204,,15660
53204,1,8920
53204,2,4930
53204,3,1130
53204,4,330
53204,5,240
53204,6,110
,,
53205,,3390
53205,1,2170
53205,2,820
53205,3,230
53205,4,80
53205,5,90
53205,6,**
,,
53206,,8380
53206,1,5790
53206,2,2000
53206,3,390
53206,4,120
53206,5,80
53206,6,**
,,
53207,,18870
53207,1,5700
53207,2,5540
53207,3,3410
53207,4,1970
53207,5,2020
53207,6,230
,,
53208,,12570
53208,1,6340
53208,2,3420
53208,3,1390
53208,4,630
53208,5,680
53208,6,110
,,
53209,,19900
53209,1,9860
53209,2,5340
53209,3,2180
53209,4,1120
53209,5,1170
53209,6,230
,,
53210,,10650
53210,1,5900
53210,2,2850
53210,3,950
53210,4,420
53210,5,490
53210,6,40
,,
53211,,15570
53211,1,5340
53211,2,3140
53211,3,1970
53211,4,1260
53211,5,2300
53211,6,1560
,,
53212,,12930
53212,1,6560
53212,2,3770
53212,3,1360
53212,4,570
53212,5,520
53212,6,150
,,
53213,,13500
53213,1,3380
53213,2,3030
53213,3,2210
53213,4,1400
53213,5,2580
53213,6,900
,,
53214,,17490
53214,1,6670
53214,2,5640
53214,3,2770
53214,4,1370
53214,5,980
53214,6,60
,,
53215,,24440
53215,1,12170
53215,2,8210
53215,3,2580
53215,4,910
53215,5,540
53215,6,30
,,
53216,,13580
53216,1,6950
53216,2,4050
53216,3,1440
53216,4,640
53216,5,460
53216,6,40
,,
53217,,14490
53217,1,3390
53217,2,1960
53217,3,1680
53217,4,1400
53217,5,3300
53217,6,2760
,,
53218,,16670
53218,1,8980
53218,2,5100
53218,3,1610
53218,4,610
53218,5,370
53218,6,**
,,
53219,,17320
53219,1,5900
53219,2,5380
53219,3,2980
53219,4,1650
53219,5,1340
53219,6,70
,,
53220,,14000
53220,1,4760
53220,2,4180
53220,3,2360
53220,4,1320
53220,5,1270
53220,6,110
,,
53221,,18600
53221,1,7020
53221,2,5190
53221,3,2890
53221,4,1700
53221,5,1650
53221,6,150
,,
53222,,12620
53222,1,3900
53222,2,3520
53222,3,2270
53222,4,1360
53222,5,1430
53222,6,140
,,
53223,,13310
53223,1,5290
53223,2,3680
53223,3,2030
53223,4,1110
53223,5,1080
53223,6,120
,,
53224,,9230
53224,1,3950
53224,2,2480
53224,3,1150
53224,4,700
53224,5,850
53224,6,100
,,
53225,,11460
53225,1,5180
53225,2,3520
53225,3,1380
53225,4,740
53225,5,590
53225,6,50
,,
53226,,9880
53226,1,2530
53226,2,2010
53226,3,1650
53226,4,1150
53226,5,1890
53226,6,650
,,
53227,,12400
53227,1,4010
53227,2,3850
53227,3,2170
53227,4,1210
53227,5,1060
53227,6,100
,,
53228,,7970
53228,1,2440
53228,2,1910
53228,3,1240
53228,4,930
53228,5,1220
53228,6,230
,,
53233,,2860
53233,1,1960
53233,2,670
53233,3,150
53233,4,40
53233,5,40
53233,6,**
,,
53235,,4890
53235,1,1630
53235,2,1460
53235,3,780
53235,4,500
53235,5,470
53235,6,50
,,
53402,,16410
53402,1,5870
53402,2,3810
53402,3,2390
53402,4,1680
53402,5,2170
53402,6,490
,,
53403,,12150
53403,1,5480
53403,2,3200
53403,3,1540
53403,4,810
53403,5,850
53403,6,270
,,
53404,,6560
53404,1,3360
53404,2,1830
53404,3,730
53404,4,330
53404,5,280
53404,6,30
,,
53405,,12570
53405,1,4830
53405,2,3500
53405,3,1890
53405,4,1110
53405,5,1090
53405,6,150
,,
53406,,13610
53406,1,4530
53406,2,3150
53406,3,1960
53406,4,1570
53406,5,2060
53406,6,340
,,
53502,,1230
53502,1,390
53502,2,320
53502,3,220
53502,4,120
53502,5,160
53502,6,20
,,
53503,,910
53503,1,270
53503,2,230
53503,3,180
53503,4,100
53503,5,130
53503,6,**
,,
53504,,980
53504,1,350
53504,2,280
53504,3,160
53504,4,90
53504,5,100
53504,6,**
,,
53505,,190
53505,1,60
53505,2,50
53505,3,50
53505,4,**
53505,5,30
53505,6,**
,,
53506,,460
53506,1,170
53506,2,150
53506,3,70
53506,4,40
53506,5,30
53506,6,**
,,
53507,,1100
53507,1,270
53507,2,250
53507,3,170
53507,4,170
53507,5,210
53507,6,30
,,
53508,,2680
53508,1,660
53508,2,610
53508,3,460
53508,4,360
53508,5,510
53508,6,80
,,
53510,,710
53510,1,220
53510,2,220
53510,3,110
53510,4,90
53510,5,70
53510,6,**
,,
53511,,21720
53511,1,9070
53511,2,6040
53511,3,3010
53511,4,1700
53511,5,1650
53511,6,250
,,
53515,,1260
53515,1,330
53515,2,270
53515,3,220
53515,4,170
53515,5,210
53515,6,60
,,
53516,,1080
53516,1,350
53516,2,260
53516,3,160
53516,4,130
53516,5,150
53516,6,30
,,
53517,,960
53517,1,280
53517,2,190
53517,3,140
53517,4,110
53517,5,190
53517,6,50
,,
53518,,600
53518,1,210
53518,2,170
53518,3,100
53518,4,70
53518,5,50
53518,6,**
,,
53520,,3270
53520,1,1140
53520,2,900
53520,3,480
53520,4,380
53520,5,320
53520,6,50
,,
53521,,1860
53521,1,500
53521,2,380
53521,3,270
53521,4,240
53521,5,390
53521,6,80
,,
53522,,530
53522,1,180
53522,2,140
53522,3,100
53522,4,50
53522,5,60
53522,6,**
,,
53523,,2640
53523,1,750
53523,2,550
53523,3,410
53523,4,340
53523,5,490
53523,6,100
,,
53525,,1850
53525,1,630
53525,2,430
53525,3,310
53525,4,190
53525,5,230
53525,6,60
,,
53526,,290
53526,1,90
53526,2,80
53526,3,60
53526,4,30
53526,5,30
53526,6,**
,,
53527,,5260
53527,1,1370
53527,2,930
53527,3,760
53527,4,630
53527,5,1300
53527,6,270
,,
53528,,3140
53528,1,800
53528,2,650
53528,3,450
53528,4,390
53528,5,660
53528,6,190
,,
53529,,1060
53529,1,270
53529,2,260
53529,3,140
53529,4,130
53529,5,210
53529,6,50
,,
53530,,2090
53530,1,710
53530,2,620
53530,3,330
53530,4,200
53530,5,200
53530,6,30
,,
53531,,2220
53531,1,580
53531,2,470
53531,3,350
53531,4,280
53531,5,450
53531,6,90
,,
53532,,7340
53532,1,1910
53532,2,1540
53532,3,1050
53532,4,1010
53532,5,1570
53532,6,260
,,
53533,,3680
53533,1,1300
53533,2,880
53533,3,600
53533,4,380
53533,5,460
53533,6,60
,,
53534,,6150
53534,1,1810
53534,2,1590
53534,3,1060
53534,4,730
53534,5,840
53534,6,120
,,
53536,,4330
53536,1,1220
53536,2,1000
53536,3,730
53536,4,570
53536,5,740
53536,6,70
,,
53538,,9420
53538,1,3170
53538,2,2440
53538,3,1500
53538,4,1000
53538,5,1110
53538,6,200
,,
53541,,440
53541,1,140
53541,2,140
53541,3,80
53541,4,40
53541,5,40
53541,6,**
,,
53543,,770
53543,1,260
53543,2,190
53543,3,130
53543,4,80
53543,5,110
53543,6,**
,,
53544,,390
53544,1,140
53544,2,80
53544,3,70
53544,4,40
53544,5,60
53544,6,**
,,
53545,,11660
53545,1,4200
53545,2,3120
53545,3,1830
53545,4,1090
53545,5,1120
53545,6,300
,,
53546,,15530
53546,1,5230
53546,2,4060
53546,3,2480
53546,4,1740
53546,5,1750
53546,6,270
,,
53548,,9000
53548,1,3520
53548,2,2350
53548,3,1260
53548,4,840
53548,5,890
53548,6,140
,,
53549,,5180
53549,1,1850
53549,2,1370
53549,3,830
53549,4,520
53549,5,540
53549,6,70
,,
53550,,610
53550,1,190
53550,2,170
53550,3,120
53550,4,60
53550,5,70
53550,6,**
,,
53551,,4370
53551,1,1220
53551,2,1000
53551,3,720
53551,4,500
53551,5,760
53551,6,170
,,
53553,,270
53553,1,100
53553,2,80
53553,3,40
53553,4,30
53553,5,20
53553,6,0
,,
53554,,470
53554,1,160
53554,2,120
53554,3,90
53554,4,60
53554,5,40
53554,6,**
,,
53555,,4490
53555,1,1250
53555,2,910
53555,3,680
53555,4,570
53555,5,880
53555,6,200
,,
53556,,1290
53556,1,470
53556,2,370
53556,3,220
53556,4,110
53556,5,120
53556,6,**
,,
53557,,230
53557,1,80
53557,2,50
53557,3,50
53557,4,30
53557,5,20
53557,6,**
,,
53558,,6070
53558,1,1530
53558,2,1110
53558,3,860
53558,4,790
53558,5,1450
53558,6,330
,,
53559,,3040
53559,1,920
53559,2,800
53559,3,470
53559,4,340
53559,5,440
53559,6,70
,,
53560,,1880
53560,1,510
53560,2,470
53560,3,320
53560,4,230
53560,5,290
53560,6,60
,,
53561,,970
53561,1,280
53561,2,200
53561,3,160
53561,4,110
53561,5,150
53561,6,70
,,
53562,,14470
53562,1,3520
53562,2,2960
53562,3,2030
53562,4,1460
53562,5,2830
53562,6,1670
,,
53563,,5650
53563,1,1720
53563,2,1280
53563,3,870
53563,4,710
53563,5,890
53563,6,180
,,
53565,,2370
53565,1,780
53565,2,600
53565,3,360
53565,4,260
53565,5,310
53565,6,60
,,
53566,,7830
53566,1,2920
53566,2,2030
53566,3,1210
53566,4,720
53566,5,740
53566,6,210
,,
53569,,540
53569,1,170
53569,2,160
53569,3,90
53569,4,60
53569,5,60
53569,6,**
,,
53570,,1320
53570,1,410
53570,2,320
53570,3,230
53570,4,150
53570,5,170
53570,6,40
,,
53572,,4990
53572,1,1410
53572,2,1020
53572,3,680
53572,4,560
53572,5,1060
53572,6,260
,,
53573,,1370
53573,1,480
53573,2,420
53573,3,250
53573,4,120
53573,5,100
53573,6,**
,,
53574,,1950
53574,1,540
53574,2,400
53574,3,300
53574,4,250
53574,5,360
53574,6,100
,,
53575,,8060
53575,1,2020
53575,2,1500
53575,3,1170
53575,4,920
53575,5,1910
53575,6,540
,,
53576,,1100
53576,1,360
53576,2,280
53576,3,200
53576,4,120
53576,5,140
53576,6,**
,,
53577,,730
53577,1,230
53577,2,170
53577,3,110
53577,4,90
53577,5,130
53577,6,**
,,
53578,,3190
53578,1,900
53578,2,730
53578,3,460
53578,4,400
53578,5,570
53578,6,130
,,
53579,,870
53579,1,280
53579,2,240
53579,3,140
53579,4,110
53579,5,100
53579,6,**
,,
53580,,230
53580,1,80
53580,2,80
53580,3,50
53580,4,**
53580,5,20
53580,6,**
,,
53581,,4500
53581,1,1690
53581,2,1230
53581,3,710
53581,4,440
53581,5,360
53581,6,70
,,
53582,,540
53582,1,150
53582,2,160
53582,3,110
53582,4,60
53582,5,60
53582,6,**
,,
53583,,3100
53583,1,1010
53583,2,740
53583,3,480
53583,4,350
53583,5,440
53583,6,80
,,
53585,,1050
53585,1,390
53585,2,310
53585,3,150
53585,4,110
53585,5,90
53585,6,**
,,
53586,,1050
53586,1,410
53586,2,290
53586,3,160
53586,4,100
53586,5,90
53586,6,**
,,
53587,,620
53587,1,240
53587,2,180
53587,3,100
53587,4,60
53587,5,40
53587,6,**
,,
53588,,2120
53588,1,670
53588,2,470
53588,3,340
53588,4,250
53588,5,320
53588,6,70
,,
53589,,10180
53589,1,3040
53589,2,2340
53589,3,1510
53589,4,1210
53589,5,1740
53589,6,340
,,
53590,,20400
53590,1,5360
53590,2,4620
53590,3,3110
53590,4,2450
53590,5,3990
53590,6,870
,,
53593,,12490
53593,1,2820
53593,2,1960
53593,3,1610
53593,4,1320
53593,5,3220
53593,6,1560
,,
53594,,2690
53594,1,810
53594,2,770
53594,3,430
53594,4,320
53594,5,310
53594,6,50
,,
53597,,9520
53597,1,2420
53597,2,1610
53597,3,1070
53597,4,1010
53597,5,2350
53597,6,1060
,,
53598,,1640
53598,1,390
53598,2,390
53598,3,260
53598,4,190
53598,5,350
53598,6,60
,,
53703,,14180
53703,1,5400
53703,2,3780
53703,3,1950
53703,4,1120
53703,5,1420
53703,6,510
,,
53704,,25140
53704,1,8040
53704,2,7490
53704,3,4080
53704,4,2370
53704,5,2550
53704,6,610
,,
53705,,12610
53705,1,3270
53705,2,2620
53705,3,1830
53705,4,1240
53705,5,2410
53705,6,1240
,,
53706,,180
53706,1,150
53706,2,30
53706,3,**
53706,4,**
53706,5,**
53706,6,**
,,
53711,,24870
53711,1,6540
53711,2,5200
53711,3,3590
53711,4,2790
53711,5,4840
53711,6,1910
,,
53713,,11590
53713,1,4700
53713,2,4110
53713,3,1460
53713,4,600
53713,5,560
53713,6,160
,,
53714,,9060
53714,1,2950
53714,2,2760
53714,3,1580
53714,4,910
53714,5,790
53714,6,70
,,
53715,,4070
53715,1,1850
53715,2,970
53715,3,530
53715,4,320
53715,5,320
53715,6,80
,,
53716,,10520
53716,1,2930
53716,2,2620
53716,3,1750
53716,4,1350
53716,5,1570
53716,6,300
,,
53717,,6610
53717,1,1560
53717,2,1300
53717,3,1020
53717,4,770
53717,5,1320
53717,6,640
,,
53718,,8310
53718,1,1780
53718,2,2180
53718,3,1600
53718,4,1150
53718,5,1390
53718,6,210
,,
53719,,16710
53719,1,3970
53719,2,4340
53719,3,2860
53719,4,1930
53719,5,3020
53719,6,590
,,
53726,,1980
53726,1,760
53726,2,310
53726,3,170
53726,4,100
53726,5,370
53726,6,270
,,
53801,,380
53801,1,150
53801,2,110
53801,3,70
53801,4,20
53801,5,30
53801,6,**
,,
53803,,620
53803,1,250
53803,2,160
53803,3,90
53803,4,60
53803,5,60
53803,6,**
,,
53804,,590
53804,1,220
53804,2,170
53804,3,100
53804,4,60
53804,5,40
53804,6,**
,,
53805,,2230
53805,1,900
53805,2,630
53805,3,340
53805,4,200
53805,5,130
53805,6,30
,,
53806,,790
53806,1,310
53806,2,200
53806,3,130
53806,4,70
53806,5,80
53806,6,**
,,
53807,,2100
53807,1,680
53807,2,560
53807,3,360
53807,4,240
53807,5,220
53807,6,40
,,
53809,,1780
53809,1,660
53809,2,520
53809,3,260
53809,4,170
53809,5,170
53809,6,**
,,
53810,,200
53810,1,70
53810,2,60
53810,3,30
53810,4,40
53810,5,**
53810,6,**
,,
53811,,1480
53811,1,530
53811,2,360
53811,3,230
53811,4,150
53811,5,180
53811,6,30
,,
53813,,2850
53813,1,990
53813,2,740
53813,3,450
53813,4,340
53813,5,280
53813,6,50
,,
53816,,340
53816,1,150
53816,2,80
53816,3,50
53816,4,30
53816,5,30
53816,6,**
,,
53818,,5310
53818,1,2170
53818,2,1180
53818,3,740
53818,4,530
53818,5,590
53818,6,100
,,
53820,,1240
53820,1,380
53820,2,330
53820,3,220
53820,4,150
53820,5,160
53820,6,**
,,
53821,,3850
53821,1,1640
53821,2,980
53821,3,520
53821,4,370
53821,5,280
53821,6,60
,,
53825,,210
53825,1,80
53825,2,50
53825,3,40
53825,4,40
53825,5,**
53825,6,**
,,
53826,,590
53826,1,230
53826,2,160
53826,3,110
53826,4,50
53826,5,40
53826,6,**
,,
53827,,130
53827,1,50
53827,2,40
53827,3,40
53827,4,**
53827,5,**
53827,6,0
,,
53901,,7230
53901,1,2680
53901,2,1930
53901,3,1080
53901,4,700
53901,5,720
53901,6,120
,,
53910,,1550
53910,1,770
53910,2,390
53910,3,220
53910,4,90
53910,5,80
53910,6,**
,,
53911,,700
53911,1,150
53911,2,200
53911,3,110
53911,4,100
53911,5,140
53911,6,**
,,
53913,,10880
53913,1,4250
53913,2,2920
53913,3,1590
53913,4,960
53913,5,960
53913,6,200
,,
53916,,11640
53916,1,4120
53916,2,3160
53916,3,1800
53916,4,1230
53916,5,1160
53916,6,170
,,
53919,,1230
53919,1,400
53919,2,310
53919,3,200
53919,4,170
53919,5,150
53919,6,**
,,
53920,,240
53920,1,80
53920,2,80
53920,3,40
53920,4,40
53920,5,**
53920,6,**
,,
53922,,490
53922,1,160
53922,2,110
53922,3,90
53922,4,70
53922,5,60
53922,6,**
,,
53923,,970
53923,1,340
53923,2,230
53923,3,170
53923,4,100
53923,5,130
53923,6,**
,,
53924,,620
53924,1,250
53924,2,170
53924,3,100
53924,4,60
53924,5,40
53924,6,**
,,
53925,,4160
53925,1,1270
53925,2,1020
53925,3,730
53925,4,460
53925,5,580
53925,6,100
,,
53926,,580
53926,1,210
53926,2,160
53926,3,100
53926,4,50
53926,5,60
53926,6,**
,,
53929,,1240
53929,1,480
53929,2,350
53929,3,200
53929,4,100
53929,5,110
53929,6,**
,,
53930,,660
53930,1,240
53930,2,180
53930,3,110
53930,4,70
53930,5,60
53930,6,**
,,
53932,,1370
53932,1,420
53932,2,340
53932,3,220
53932,4,180
53932,5,180
53932,6,30
,,
53933,,1410
53933,1,440
53933,2,400
53933,3,220
53933,4,180
53933,5,140
53933,6,30
,,
53934,,1960
53934,1,900
53934,2,450
53934,3,300
53934,4,150
53934,5,140
53934,6,20
,,
53936,,680
53936,1,300
53936,2,210
53936,3,100
53936,4,40
53936,5,30
53936,6,**
,,
53937,,450
53937,1,160
53937,2,140
53937,3,70
53937,4,50
53937,5,30
53937,6,**
,,
53941,,1370
53941,1,440
53941,2,370
53941,3,210
53941,4,170
53941,5,150
53941,6,30
,,
53943,,520
53943,1,190
53943,2,140
53943,3,90
53943,4,50
53943,5,50
53943,6,**
,,
53944,,1140
53944,1,470
53944,2,300
53944,3,160
53944,4,110
53944,5,100
53944,6,**
,,
53946,,1960
53946,1,610
53946,2,530
53946,3,350
53946,4,230
53946,5,200
53946,6,40
,,
53948,,3910
53948,1,1550
53948,2,1080
53948,3,580
53948,4,370
53948,5,280
53948,6,50
,,
53949,,2870
53949,1,1160
53949,2,740
53949,3,420
53949,4,300
53949,5,220
53949,6,30
,,
53950,,2170
53950,1,820
53950,2,580
53950,3,320
53950,4,230
53950,5,180
53950,6,40
,,
53951,,1190
53951,1,490
53951,2,320
53951,3,170
53951,4,100
53951,5,110
53951,6,**
,,
53952,,1570
53952,1,620
53952,2,410
53952,3,250
53952,4,140
53952,5,150
53952,6,**
,,
53954,,3450
53954,1,1050
53954,2,830
53954,3,620
53954,4,410
53954,5,490
53954,6,50
,,
53955,,3100
53955,1,880
53955,2,740
53955,3,510
53955,4,390
53955,5,500
53955,6,80
,,
53956,,1580
53956,1,540
53956,2,360
53956,3,270
53956,4,200
53956,5,180
53956,6,30
,,
53959,,6970
53959,1,2610
53959,2,1810
53959,3,1020
53959,4,690
53959,5,720
53959,6,120
,,
53960,,1700
53960,1,520
53960,2,430
53960,3,290
53960,4,220
53960,5,210
53960,6,30
,,
53961,,410
53961,1,150
53961,2,100
53961,3,70
53961,4,40
53961,5,50
53961,6,**
,,
53963,,5440
53963,1,1740
53963,2,1410
53963,3,960
53963,4,690
53963,5,560
53963,6,80
,,
53964,,1690
53964,1,650
53964,2,460
53964,3,250
53964,4,170
53964,5,160
53964,6,**
,,
53965,,6140
53965,1,2930
53965,2,1440
53965,3,720
53965,4,450
53965,5,480
53965,6,120
,,
53968,,1020
53968,1,380
53968,2,300
53968,3,170
53968,4,100
53968,5,70
53968,6,**
,,
54001,,3980
54001,1,1390
54001,2,970
54001,3,640
54001,4,470
54001,5,420
54001,6,90
,,
54002,,3060
54002,1,900
54002,2,720
54002,3,530
54002,4,400
54002,5,470
54002,6,40
,,
54003,,530
54003,1,140
54003,2,120
54003,3,100
54003,4,70
54003,5,100
54003,6,**
,,
54004,,1080
54004,1,390
54004,2,300
54004,3,170
54004,4,120
54004,5,100
54004,6,**
,,
54005,,1520
54005,1,480
54005,2,430
54005,3,270
54005,4,180
54005,5,160
54005,6,**
,,
54006,,420
54006,1,170
54006,2,90
54006,3,70
54006,4,40
54006,5,50
54006,6,**
,,
54007,,620
54007,1,190
54007,2,140
54007,3,110
54007,4,80
54007,5,100
54007,6,**
,,
54009,,1200
54009,1,350
54009,2,290
54009,3,210
54009,4,150
54009,5,170
54009,6,30
,,
54011,,3330
54011,1,950
54011,2,830
54011,3,520
54011,4,400
54011,5,570
54011,6,60
,,
54013,,1640
54013,1,540
54013,2,430
54013,3,270
54013,4,180
54013,5,200
54013,6,20
,,
54014,,1220
54014,1,330
54014,2,290
54014,3,190
54014,4,140
54014,5,230
54014,6,40
,,
54015,,1780
54015,1,460
54015,2,400
54015,3,310
54015,4,260
54015,5,320
54015,6,30
,,
54016,,16140
54016,1,4240
54016,2,2770
54016,3,2090
54016,4,1780
54016,5,3790
54016,6,1470
,,
54017,,8790
54017,1,2470
54017,2,2120
54017,3,1440
54017,4,1090
54017,5,1450
54017,6,220
,,
54020,,3630
54020,1,1090
54020,2,890
54020,3,630
54020,4,420
54020,5,520
54020,6,80
,,
54021,,3300
54021,1,890
54021,2,670
54021,3,450
54021,4,380
54021,5,730
54021,6,180
,,
54022,,9810
54022,1,3060
54022,2,2060
54022,3,1380
54022,4,1150
54022,5,1760
54022,6,400
,,
54023,,1980
54023,1,490
54023,2,400
54023,3,310
54023,4,260
54023,5,460
54023,6,60
,,
54024,,2440
54024,1,840
54024,2,620
54024,3,370
54024,4,240
54024,5,320
54024,6,50
,,
54025,,3590
54025,1,1020
54025,2,770
54025,3,570
54025,4,470
54025,5,650
54025,6,110
,,
54026,,960
54026,1,250
54026,2,260
54026,3,170
54026,4,120
54026,5,160
54026,6,**
,,
54027,,470
54027,1,140
54027,2,100
54027,3,90
54027,4,60
54027,5,80
54027,6,**
,,
54028,,1190
54028,1,380
54028,2,290
54028,3,200
54028,4,130
54028,5,190
54028,6,**
,,
54082,,770
54082,1,200
54082,2,110
54082,3,100
54082,4,80
54082,5,210
54082,6,70
,,
54101,,1360
54101,1,380
54101,2,300
54101,3,230
54101,4,190
54101,5,220
54101,6,40
,,
54102,,410
54102,1,190
54102,2,100
54102,3,60
54102,4,40
54102,5,20
54102,6,0
,,
54103,,190
54103,1,90
54103,2,50
54103,3,30
54103,4,20
54103,5,**
54103,6,**
,,
54104,,530
54104,1,230
54104,2,130
54104,3,90
54104,4,50
54104,5,30
54104,6,**
,,
54106,,2220
54106,1,690
54106,2,530
54106,3,370
54106,4,290
54106,5,300
54106,6,40
,,
54107,,1830
54107,1,640
54107,2,460
54107,3,310
54107,4,200
54107,5,220
54107,6,**
,,
54110,,2660
54110,1,810
54110,2,680
54110,3,460
54110,4,310
54110,5,360
54110,6,40
,,
54111,,1020
54111,1,350
54111,2,270
54111,3,170
54111,4,120
54111,5,110
54111,6,**
,,
54112,,1010
54112,1,340
54112,2,260
54112,3,190
54112,4,130
54112,5,90
54112,6,**
,,
54113,,1770
54113,1,500
54113,2,350
54113,3,260
54113,4,230
54113,5,330
54113,6,100
,,
54114,,2650
54114,1,1030
54114,2,680
54114,3,430
54114,4,260
54114,5,210
54114,6,40
,,
54115,,22620
54115,1,6610
54115,2,5030
54115,3,3250
54115,4,2650
54115,5,3880
54115,6,1200
,,
54119,,220
54119,1,90
54119,2,60
54119,3,40
54119,4,30
54119,5,**
54119,6,0
,,
54120,,130
54120,1,50
54120,2,40
54120,3,20
54120,4,20
54120,5,**
54120,6,0
,,
54121,,1460
54121,1,500
54121,2,390
54121,3,220
54121,4,150
54121,5,170
54121,6,30
,,
54123,,140
54123,1,50
54123,2,50
54123,3,40
54123,4,**
54123,5,**
54123,6,**
,,
54124,,1770
54124,1,700
54124,2,500
54124,3,280
54124,4,160
54124,5,130
54124,6,**
,,
54125,,210
54125,1,90
54125,2,60
54125,3,30
54125,4,30
54125,5,**
54125,6,**
,,
54126,,1840
54126,1,540
54126,2,400
54126,3,280
54126,4,270
54126,5,290
54126,6,60
,,
54128,,740
54128,1,290
54128,2,200
54128,3,120
54128,4,80
54128,5,50
54128,6,**
,,
54129,,1640
54129,1,440
54129,2,390
54129,3,280
54129,4,220
54129,5,260
54129,6,50
,,
54130,,13110
54130,1,4060
54130,2,3120
54130,3,2220
54130,4,1590
54130,5,1800
54130,6,320
,,
54135,,1390
54135,1,710
54135,2,370
54135,3,150
54135,4,80
54135,5,80
54135,6,**
,,
54136,,3340
54136,1,1070
54136,2,920
54136,3,610
54136,4,380
54136,5,330
54136,6,30
,,
54137,,520
54137,1,150
54137,2,130
54137,3,100
54137,4,70
54137,5,70
54137,6,**
,,
54138,,470
54138,1,170
54138,2,110
54138,3,80
54138,4,50
54138,5,60
54138,6,**
,,
54139,,1520
54139,1,500
54139,2,400
54139,3,260
54139,4,190
54139,5,150
54139,6,20
,,
54140,,4370
54140,1,1480
54140,2,1220
54140,3,720
54140,4,460
54140,5,420
54140,6,70
,,
54141,,1340
54141,1,360
54141,2,310
54141,3,220
54141,4,180
54141,5,220
54141,6,50
,,
54143,,7560
54143,1,2930
54143,2,2040
54143,3,1170
54143,4,690
54143,5,610
54143,6,120
,,
54149,,590
54149,1,220
54149,2,150
54149,3,110
54149,4,50
54149,5,60
54149,6,**
,,
54150,,360
54150,1,210
54150,2,110
54150,3,40
54150,4,**
54150,5,**
54150,6,0
,,
54151,,1670
54151,1,660
54151,2,440
54151,3,260
54151,4,160
54151,5,150
54151,6,**
,,
54153,,3340
54153,1,1230
54153,2,910
54153,3,540
54153,4,350
54153,5,290
54153,6,20
,,
54154,,2570
54154,1,860
54154,2,670
54154,3,440
54154,4,270
54154,5,290
54154,6,40
,,
54155,,3380
54155,1,1040
54155,2,780
54155,3,440
54155,4,350
54155,5,520
54155,6,250
,,
54156,,690
54156,1,290
54156,2,200
54156,3,100
54156,4,50
54156,5,50
54156,6,**
,,
54157,,2760
54157,1,970
54157,2,770
54157,3,470
54157,4,250
54157,5,250
54157,6,50
,,
54159,,670
54159,1,230
54159,2,170
54159,3,130
54159,4,70
54159,5,70
54159,6,**
,,
54161,,1280
54161,1,460
54161,2,340
54161,3,220
54161,4,130
54161,5,110
54161,6,20
,,
54162,,4440
54162,1,1420
54162,2,1030
54162,3,720
54162,4,540
54162,5,640
54162,6,90
,,
54165,,3970
54165,1,1230
54165,2,1020
54165,3,650
54165,4,460
54165,5,520
54165,6,90
,,
54166,,7990
54166,1,3080
54166,2,2170
54166,3,1180
54166,4,800
54166,5,640
54166,6,120
,,
54169,,1550
54169,1,380
54169,2,240
54169,3,190
54169,4,200
54169,5,450
54169,6,90
,,
54170,,1840
54170,1,530
54170,2,460
54170,3,300
54170,4,260
54170,5,260
54170,6,30
,,
54171,,1810
54171,1,450
54171,2,310
54171,3,270
54171,4,290
54171,5,440
54171,6,50
,,
54173,,2040
54173,1,560
54173,2,410
54173,3,270
54173,4,240
54173,5,390
54173,6,170
,,
54174,,1360
54174,1,550
54174,2,360
54174,3,210
54174,4,130
54174,5,110
54174,6,**
,,
54175,,530
54175,1,190
54175,2,130
54175,3,100
54175,4,60
54175,5,50
54175,6,**
,,
54177,,1350
54177,1,550
54177,2,340
54177,3,230
54177,4,120
54177,5,110
54177,6,**
,,
54180,,1480
54180,1,400
54180,2,320
54180,3,220
54180,4,210
54180,5,280
54180,6,50
,,
54201,,2550
54201,1,910
54201,2,760
54201,3,400
54201,4,260
54201,5,190
54201,6,30
,,
54202,,760
54202,1,230
54202,2,190
54202,3,130
54202,4,70
54202,5,110
54202,6,30
,,
54204,,940
54204,1,290
54204,2,220
54204,3,160
54204,4,110
54204,5,140
54204,6,20
,,
54205,,1020
54205,1,320
54205,2,250
54205,3,180
54205,4,130
54205,5,140
54205,6,**
,,
54208,,3150
54208,1,950
54208,2,760
54208,3,510
54208,4,390
54208,5,470
54208,6,70
,,
54209,,780
54209,1,260
54209,2,160
54209,3,120
54209,4,80
54209,5,120
54209,6,40
,,
54210,,540
54210,1,190
54210,2,140
54210,3,70
54210,4,40
54210,5,80
54210,6,20
,,
54212,,660
54212,1,220
54212,2,130
54212,3,100
54212,4,70
54212,5,100
54212,6,40
,,
54213,,660
54213,1,200
54213,2,180
54213,3,130
54213,4,80
54213,5,70
54213,6,**
,,
54216,,2970
54216,1,930
54216,2,800
54216,3,530
54216,4,340
54216,5,330
54216,6,40
,,
54217,,3730
54217,1,1060
54217,2,870
54217,3,610
54217,4,500
54217,5,590
54217,6,100
,,
54220,,19320
54220,1,7230
54220,2,5170
54220,3,2980
54220,4,1790
54220,5,1790
54220,6,360
,,
54227,,820
54227,1,230
54227,2,190
54227,3,150
54227,4,110
54227,5,140
54227,6,**
,,
54228,,1320
54228,1,420
54228,2,320
54228,3,240
54228,4,150
54228,5,190
54228,6,**
,,
54229,,2220
54229,1,600
54229,2,440
54229,3,380
54229,4,320
54229,5,410
54229,6,70
,,
54230,,2140
54230,1,620
54230,2,520
54230,3,360
54230,4,290
54230,5,310
54230,6,40
,,
54234,,1120
54234,1,420
54234,2,250
54234,3,150
54234,4,120
54234,5,140
54234,6,40
,,
54235,,9150
54235,1,3280
54235,2,2210
54235,3,1400
54235,4,950
54235,5,1050
54235,6,260
,,
54241,,7030
54241,1,2680
54241,2,1850
54241,3,1120
54241,4,660
54241,5,640
54241,6,80
,,
54245,,1200
54245,1,360
54245,2,310
54245,3,190
54245,4,160
54245,5,150
54245,6,30
,,
54246,,400
54246,1,160
54246,2,80
54246,3,70
54246,4,40
54246,5,50
54246,6,**
,,
54247,,1110
54247,1,340
54247,2,250
54247,3,190
54247,4,180
54247,5,150
54247,6,**
,,
54301,,11400
54301,1,4020
54301,2,2940
54301,3,1750
54301,4,1090
54301,5,1270
54301,6,330
,,
54302,,14770
54302,1,6360
54302,2,4960
54302,3,1850
54302,4,790
54302,5,650
54302,6,160
,,
54303,,13220
54303,1,5820
54303,2,4270
54303,3,1710
54303,4,880
54303,5,500
54303,6,40
,,
54304,,14450
54304,1,5320
54304,2,4430
54304,3,2220
54304,4,1340
54304,5,1000
54304,6,140
,,
54311,,17130
54311,1,5120
54311,2,4050
54311,3,2700
54311,4,2050
54311,5,2550
54311,6,660
,,
54313,,19640
54313,1,5570
54313,2,3870
54313,3,2800
54313,4,2510
54313,5,3790
54313,6,1100
,,
54401,,15980
54401,1,5870
54401,2,4430
54401,3,2120
54401,4,1390
54401,5,1630
54401,6,540
,,
54403,,11760
54403,1,4280
54403,2,3000
54403,3,1730
54403,4,1120
54403,5,1210
54403,6,420
,,
54405,,1470
54405,1,500
54405,2,550
54405,3,210
54405,4,100
54405,5,90
54405,6,20
,,
54406,,1790
54406,1,570
54406,2,410
54406,3,300
54406,4,210
54406,5,250
54406,6,50
,,
54407,,770
54407,1,230
54407,2,170
54407,3,130
54407,4,100
54407,5,120
54407,6,20
,,
54408,,500
54408,1,170
54408,2,130
54408,3,90
54408,4,50
54408,5,60
54408,6,**
,,
54409,,6210
54409,1,2660
54409,2,1620
54409,3,890
54409,4,510
54409,5,420
54409,6,110
,,
54410,,980
54410,1,300
54410,2,250
54410,3,160
54410,4,120
54410,5,150
54410,6,**
,,
54411,,2330
54411,1,840
54411,2,600
54411,3,360
54411,4,280
54411,5,220
54411,6,30
,,
54412,,980
54412,1,300
54412,2,240
54412,3,170
54412,4,130
54412,5,140
54412,6,**
,,
54414,,1570
54414,1,520
54414,2,450
54414,3,250
54414,4,170
54414,5,160
54414,6,20
,,
54416,,700
54416,1,290
54416,2,220
54416,3,100
54416,4,60
54416,5,30
54416,6,**
,,
54418,,530
54418,1,180
54418,2,130
54418,3,100
54418,4,50
54418,5,70
54418,6,**
,,
54420,,590
54420,1,210
54420,2,150
54420,3,90
54420,4,70
54420,5,70
54420,6,**
,,
54421,,1440
54421,1,510
54421,2,430
54421,3,210
54421,4,140
54421,5,130
54421,6,20
,,
54422,,450
54422,1,170
54422,2,150
54422,3,80
54422,4,20
54422,5,30
54422,6,**
,,
54423,,1130
54423,1,320
54423,2,240
54423,3,190
54423,4,170
54423,5,170
54423,6,40
,,
54424,,760
54424,1,260
54424,2,190
54424,3,120
54424,4,100
54424,5,90
54424,6,**
,,
54425,,860
54425,1,300
54425,2,280
54425,3,140
54425,4,80
54425,5,60
54425,6,**
,,
54426,,2020
54426,1,610
54426,2,520
54426,3,360
54426,4,260
54426,5,250
54426,6,20
,,
54427,,490
54427,1,160
54427,2,130
54427,3,80
54427,4,70
54427,5,50
54427,6,**
,,
54428,,540
54428,1,250
54428,2,110
54428,3,80
54428,4,50
54428,5,50
54428,6,**
,,
54433,,720
54433,1,280
54433,2,200
54433,3,100
54433,4,70
54433,5,70
54433,6,**
,,
54435,,1010
54435,1,350
54435,2,270
54435,3,170
54435,4,110
54435,5,110
54435,6,**
,,
54436,,810
54436,1,310
54436,2,220
54436,3,130
54436,4,80
54436,5,70
54436,6,**
,,
54437,,1230
54437,1,440
54437,2,350
54437,3,220
54437,4,120
54437,5,100
54437,6,**
,,
54440,,1500
54440,1,440
54440,2,380
54440,3,270
54440,4,210
54440,5,170
54440,6,30
,,
54441,,400
54441,1,110
54441,2,70
54441,3,80
54441,4,60
54441,5,80
54441,6,**
,,
54442,,520
54442,1,150
54442,2,130
54442,3,100
54442,4,60
54442,5,80
54442,6,**
,,
54443,,1080
54443,1,320
54443,2,240
54443,3,200
54443,4,140
54443,5,140
54443,6,40
,,
54446,,1240
54446,1,450
54446,2,350
54446,3,210
54446,4,120
54446,5,110
54446,6,**
,,
54447,,230
54447,1,90
54447,2,70
54447,3,30
54447,4,40
54447,5,**
54447,6,**
,,
54448,,2120
54448,1,630
54448,2,520
54448,3,290
54448,4,260
54448,5,370
54448,6,50
,,
54449,,13120
54449,1,4600
54449,2,3340
54449,3,1990
54449,4,1270
54449,5,1370
54449,6,550
,,
54451,,5390
54451,1,1770
54451,2,1530
54451,3,900
54451,4,580
54451,5,520
54451,6,90
,,
54452,,9160
54452,1,3080
54452,2,2500
54452,3,1470
54452,4,990
54452,5,980
54452,6,140
,,
54454,,580
54454,1,210
54454,2,140
54454,3,100
54454,4,70
54454,5,60
54454,6,**
,,
54455,,9030
54455,1,2700
54455,2,2060
54455,3,1410
54455,4,1220
54455,5,1410
54455,6,230
,,
54456,,2700
54456,1,990
54456,2,740
54456,3,470
54456,4,240
54456,5,230
54456,6,30
,,
54457,,4370
54457,1,1620
54457,2,1090
54457,3,710
54457,4,470
54457,5,420
54457,6,60
,,
54459,,560
54459,1,220
54459,2,160
54459,3,90
54459,4,50
54459,5,40
54459,6,**
,,
54460,,1060
54460,1,400
54460,2,330
54460,3,160
54460,4,100
54460,5,70
54460,6,**
,,
54462,,170
54462,1,80
54462,2,40
54462,3,30
54462,4,20
54462,5,**
54462,6,0
,,
54463,,370
54463,1,140
54463,2,80
54463,3,70
54463,4,40
54463,5,40
54463,6,**
,,
54465,,310
54465,1,120
54465,2,90
54465,3,50
54465,4,20
54465,5,30
54465,6,**
,,
54466,,1320
54466,1,420
54466,2,330
54466,3,250
54466,4,160
54466,5,140
54466,6,20
,,
54467,,7170
54467,1,2410
54467,2,1720
54467,3,1050
54467,4,840
54467,5,940
54467,6,210
,,
54469,,820
54469,1,300
54469,2,210
54469,3,120
54469,4,90
54469,5,100
54469,6,**
,,
54470,,880
54470,1,330
54470,2,270
54470,3,150
54470,4,80
54470,5,50
54470,6,**
,,
54471,,900
54471,1,240
54471,2,180
54471,3,150
54471,4,140
54471,5,150
54471,6,40
,,
54473,,1260
54473,1,380
54473,2,320
54473,3,200
54473,4,160
54473,5,170
54473,6,30
,,
54474,,2160
54474,1,730
54474,2,610
54474,3,350
54474,4,230
54474,5,220
54474,6,20
,,
54475,,760
54475,1,240
54475,2,180
54475,3,140
54475,4,100
54475,5,100
54475,6,**
,,
54476,,9700
54476,1,3430
54476,2,2600
54476,3,1420
54476,4,950
54476,5,1070
54476,6,230
,,
54479,,1800
54479,1,600
54479,2,480
54479,3,330
54479,4,210
54479,5,160
54479,6,20
,,
54480,,570
54480,1,190
54480,2,180
54480,3,100
54480,4,60
54480,5,40
54480,6,**
,,
54481,,12790
54481,1,5210
54481,2,3310
54481,3,1820
54481,4,1110
54481,5,1140
54481,6,200
,,
54482,,4530
54482,1,1390
54482,2,930
54482,3,650
54482,4,560
54482,5,800
54482,6,200
,,
54484,,2300
54484,1,700
54484,2,540
54484,3,390
54484,4,290
54484,5,330
54484,6,50
,,
54485,,190
54485,1,70
54485,2,50
54485,3,30
54485,4,40
54485,5,**
54485,6,**
,,
54486,,1100
54486,1,410
54486,2,330
54486,3,160
54486,4,110
54486,5,90
54486,6,**
,,
54487,,4830
54487,1,1710
54487,2,1110
54487,3,760
54487,4,560
54487,5,610
54487,6,80
,,
54488,,550
54488,1,180
54488,2,170
54488,3,100
54488,4,60
54488,5,40
54488,6,**
,,
54489,,710
54489,1,230
54489,2,160
54489,3,130
54489,4,100
54489,5,90
54489,6,**
,,
54490,,390
54490,1,140
54490,2,110
54490,3,70
54490,4,40
54490,5,30
54490,6,**
,,
54491,,710
54491,1,290
54491,2,200
54491,3,100
54491,4,70
54491,5,50
54491,6,**
,,
54493,,280
54493,1,100
54493,2,80
54493,3,50
54493,4,30
54493,5,20
54493,6,**
,,
54494,,13750
54494,1,5140
54494,2,3300
54494,3,2200
54494,4,1490
54494,5,1380
54494,6,240
,,
54495,,3830
54495,1,1760
54495,2,950
54495,3,530
54495,4,300
54495,5,250
54495,6,40
,,
54498,,900
54498,1,330
54498,2,260
54498,3,170
54498,4,80
54498,5,60
54498,6,**
,,
54499,,1440
54499,1,560
54499,2,370
54499,3,240
54499,4,140
54499,5,130
54499,6,**
,,
54501,,10170
54501,1,3920
54501,2,2530
54501,3,1590
54501,4,980
54501,5,940
54501,6,210
,,
54511,,580
54511,1,220
54511,2,160
54511,3,100
54511,4,50
54511,5,50
54511,6,**
,,
54512,,600
54512,1,220
54512,2,140
54512,3,90
54512,4,60
54512,5,70
54512,6,20
,,
54513,,190
54513,1,60
54513,2,60
54513,3,30
54513,4,40
54513,5,**
54513,6,0
,,
54514,,830
54514,1,290
54514,2,230
54514,3,140
54514,4,80
54514,5,90
54514,6,**
,,
54515,,270
54515,1,100
54515,2,80
54515,3,50
54515,4,40
54515,5,**
54515,6,0
,,
54519,,590
54519,1,230
54519,2,140
54519,3,90
54519,4,60
54519,5,70
54519,6,**
,,
54520,,1900
54520,1,760
54520,2,430
54520,3,320
54520,4,180
54520,5,160
54520,6,50
,,
54521,,4250
54521,1,1710
54521,2,1040
54521,3,600
54521,4,370
54521,5,430
54521,6,100
,,
54524,,320
54524,1,120
54524,2,90
54524,3,60
54524,4,30
54524,5,20
54524,6,**
,,
54525,,120
54525,1,60
54525,2,30
54525,3,30
54525,4,**
54525,5,**
54525,6,0
,,
54526,,360
54526,1,140
54526,2,110
54526,3,70
54526,4,40
54526,5,**
54526,6,**
,,
54527,,450
54527,1,190
54527,2,140
54527,3,70
54527,4,50
54527,5,**
54527,6,**
,,
54529,,530
54529,1,140
54529,2,130
54529,3,100
54529,4,70
54529,5,90
54529,6,**
,,
54530,,340
54530,1,130
54530,2,110
54530,3,50
54530,4,50
54530,5,**
54530,6,0
,,
54531,,730
54531,1,280
54531,2,130
54531,3,120
54531,4,90
54531,5,80
54531,6,30
,,
54534,,1220
54534,1,520
54534,2,330
54534,3,170
54534,4,100
54534,5,80
54534,6,20
,,
54537,,230
54537,1,90
54537,2,70
54537,3,40
54537,4,30
54537,5,**
54537,6,**
,,
54538,,1300
54538,1,600
54538,2,340
54538,3,140
54538,4,90
54538,5,110
54538,6,20
,,
54539,,690
54539,1,250
54539,2,160
54539,3,100
54539,4,80
54539,5,70
54539,6,30
,,
54540,,610
54540,1,240
54540,2,140
54540,3,90
54540,4,60
54540,5,80
54540,6,**
,,
54541,,610
54541,1,260
54541,2,160
54541,3,80
54541,4,60
54541,5,50
54541,6,**
,,
54542,,240
54542,1,120
54542,2,60
54542,3,30
54542,4,30
54542,5,**
54542,6,**
,,
54545,,520
54545,1,170
54545,2,110
54545,3,80
54545,4,60
54545,5,70
54545,6,30
,,
54546,,580
54546,1,210
54546,2,170
54546,3,100
54546,4,60
54546,5,40
54546,6,**
,,
54547,,760
54547,1,300
54547,2,200
54547,3,110
54547,4,70
54547,5,80
54547,6,**
,,
54548,,2860
54548,1,1030
54548,2,660
54548,3,380
54548,4,290
54548,5,350
54548,6,150
,,
54550,,350
54550,1,130
54550,2,100
54550,3,60
54550,4,40
54550,5,20
54550,6,**
,,
54552,,2180
54552,1,860
54552,2,560
54552,3,340
54552,4,230
54552,5,170
54552,6,20
,,
54554,,520
54554,1,200
54554,2,150
54554,3,60
54554,4,50
54554,5,60
54554,6,**
,,
54555,,2380
54555,1,840
54555,2,650
54555,3,380
54555,4,220
54555,5,240
54555,6,50
,,
54556,,540
54556,1,210
54556,2,160
54556,3,80
54556,4,50
54556,5,40
54556,6,**
,,
54557,,470
54557,1,160
54557,2,90
54557,3,70
54557,4,50
54557,5,100
54557,6,**
,,
54558,,1160
54558,1,420
54558,2,300
54558,3,170
54558,4,100
54558,5,130
54558,6,40
,,
54559,,310
54559,1,110
54559,2,100
54559,3,50
54559,4,30
54559,5,20
54559,6,**
,,
54560,,330
54560,1,130
54560,2,70
54560,3,60
54560,4,30
54560,5,40
54560,6,**
,,
54562,,1070
54562,1,390
54562,2,250
54562,3,160
54562,4,90
54562,5,150
54562,6,30
,,
54563,,310
54563,1,110
54563,2,80
54563,3,50
54563,4,30
54563,5,40
54563,6,**
,,
54564,,240
54564,1,100
54564,2,60
54564,3,60
54564,4,**
54564,5,20
54564,6,**
,,
54566,,700
54566,1,230
54566,2,160
54566,3,130
54566,4,90
54566,5,60
54566,6,30
,,
54568,,2850
54568,1,1170
54568,2,700
54568,3,410
54568,4,260
54568,5,250
54568,6,60
,,
54601,,21860
54601,1,8450
54601,2,5610
54601,3,2940
54601,4,1880
54601,5,2290
54601,6,690
,,
54603,,7260
54603,1,3020
54603,2,2200
54603,3,950
54603,4,540
54603,5,450
54603,6,100
,,
54610,,730
54610,1,240
54610,2,200
54610,3,100
54610,4,80
54610,5,110
54610,6,**
,,
54611,,560
54611,1,210
54611,2,160
54611,3,90
54611,4,50
54611,5,50
54611,6,**
,,
54612,,2760
54612,1,800
54612,2,1180
54612,3,380
54612,4,180
54612,5,180
54612,6,40
,,
54613,,870
54613,1,410
54613,2,220
54613,3,110
54613,4,70
54613,5,60
54613,6,**
,,
54614,,1380
54614,1,470
54614,2,360
54614,3,220
54614,4,170
54614,5,160
54614,6,**
,,
54615,,5020
54615,1,2150
54615,2,1260
54615,3,680
54615,4,460
54615,5,390
54615,6,80
,,
54616,,1170
54616,1,410
54616,2,390
54616,3,190
54616,4,90
54616,5,90
54616,6,**
,,
54618,,1050
54618,1,360
54618,2,300
54618,3,170
54618,4,130
54618,5,90
54618,6,**
,,
54619,,1490
54619,1,570
54619,2,390
54619,3,250
54619,4,130
54619,5,150
54619,6,**
,,
54621,,530
54621,1,190
54621,2,110
54621,3,90
54621,4,60
54621,5,80
54621,6,**
,,
54622,,1090
54622,1,330
54622,2,310
54622,3,210
54622,4,120
54622,5,120
54622,6,**
,,
54623,,920
54623,1,290
54623,2,180
54623,3,150
54623,4,130
54623,5,140
54623,6,30
,,
54624,,690
54624,1,240
54624,2,170
54624,3,120
54624,4,80
54624,5,80
54624,6,**
,,
54625,,130
54625,1,40
54625,2,50
54625,3,40
54625,4,**
54625,5,**
54625,6,**
,,
54626,,600
54626,1,210
54626,2,170
54626,3,90
54626,4,70
54626,5,60
54626,6,**
,,
54627,,970
54627,1,320
54627,2,260
54627,3,170
54627,4,100
54627,5,120
54627,6,**
,,
54628,,550
54628,1,220
54628,2,130
54628,3,80
54628,4,60
54628,5,60
54628,6,**
,,
54629,,1280
54629,1,420
54629,2,320
54629,3,230
54629,4,160
54629,5,130
54629,6,20
,,
54630,,1980
54630,1,650
54630,2,500
54630,3,340
54630,4,220
54630,5,240
54630,6,30
,,
54631,,800
54631,1,330
54631,2,230
54631,3,100
54631,4,70
54631,5,70
54631,6,**
,,
54632,,550
54632,1,160
54632,2,170
54632,3,90
54632,4,80
54632,5,50
54632,6,**
,,
54634,,1530
54634,1,610
54634,2,430
54634,3,210
54634,4,140
54634,5,140
54634,6,**
,,
54635,,850
54635,1,300
54635,2,230
54635,3,140
54635,4,100
54635,5,80
54635,6,**
,,
54636,,7200
54636,1,2010
54636,2,1590
54636,3,1140
54636,4,990
54636,5,1280
54636,6,190
,,
54638,,720
54638,1,280
54638,2,180
54638,3,130
54638,4,80
54638,5,50
54638,6,**
,,
54639,,920
54639,1,350
54639,2,270
54639,3,160
54639,4,80
54639,5,60
54639,6,**
,,
54642,,940
54642,1,320
54642,2,260
54642,3,150
54642,4,110
54642,5,100
54642,6,**
,,
54644,,700
54644,1,230
54644,2,180
54644,3,110
54644,4,90
54644,5,90
54644,6,**
,,
54646,,1860
54646,1,790
54646,2,490
54646,3,300
54646,4,160
54646,5,120
54646,6,**
,,
54648,,750
54648,1,260
54648,2,260
54648,3,110
54648,4,70
54648,5,50
54648,6,**
,,
54650,,12230
54650,1,3700
54650,2,3020
54650,3,1840
54650,4,1380
54650,5,1710
54650,6,580
,,
54651,,490
54651,1,180
54651,2,140
54651,3,80
54651,4,50
54651,5,40
54651,6,**
,,
54652,,370
54652,1,160
54652,2,110
54652,3,40
54652,4,30
54652,5,30
54652,6,**
,,
54653,,530
54653,1,160
54653,2,150
54653,3,100
54653,4,70
54653,5,50
54653,6,**
,,
54655,,800
54655,1,350
54655,2,220
54655,3,120
54655,4,50
54655,5,60
54655,6,**
,,
54656,,8560
54656,1,2990
54656,2,2370
54656,3,1400
54656,4,920
54656,5,770
54656,6,110
,,
54657,,160
54657,1,70
54657,2,40
54657,3,30
54657,4,20
54657,5,**
54657,6,**
,,
54658,,1260
54658,1,360
54658,2,300
54658,3,200
54658,4,170
54658,5,190
54658,6,40
,,
54659,,540
54659,1,190
54659,2,180
54659,3,80
54659,4,50
54659,5,40
54659,6,**
,,
54660,,7650
54660,1,2750
54660,2,2020
54660,3,1230
54660,4,780
54660,5,740
54660,6,130
,,
54661,,1810
54661,1,510
54661,2,480
54661,3,320
54661,4,200
54661,5,260
54661,6,40
,,
54664,,730
54664,1,290
54664,2,210
54664,3,110
54664,4,60
54664,5,60
54664,6,**
,,
54665,,3940
54665,1,1560
54665,2,990
54665,3,580
54665,4,390
54665,5,340
54665,6,80
,,
54666,,1210
54666,1,440
54666,2,320
54666,3,210
54666,4,110
54666,5,110
54666,6,20
,,
54667,,2070
54667,1,730
54667,2,550
54667,3,350
54667,4,200
54667,5,200
54667,6,40
,,
54669,,3900
54669,1,1260
54669,2,890
54669,3,610
54669,4,450
54669,5,570
54669,6,120
,,
54670,,640
54670,1,240
54670,2,180
54670,3,100
54670,4,70
54670,5,50
54670,6,**
,,
54701,,18210
54701,1,6400
54701,2,4340
54701,3,2590
54701,4,1740
54701,5,2290
54701,6,850
,,
54703,,20620
54703,1,7630
54703,2,5610
54703,3,3160
54703,4,2000
54703,5,1930
54703,6,290
,,
54720,,3910
54720,1,1390
54720,2,1010
54720,3,580
54720,4,380
54720,5,420
54720,6,130
,,
54721,,640
54721,1,220
54721,2,160
54721,3,110
54721,4,70
54721,5,80
54721,6,**
,,
54722,,1570
54722,1,600
54722,2,460
54722,3,210
54722,4,150
54722,5,150
54722,6,**
,,
54723,,620
54723,1,180
54723,2,170
54723,3,120
54723,4,70
54723,5,80
54723,6,**
,,
54724,,3560
54724,1,1180
54724,2,930
54724,3,580
54724,4,420
54724,5,390
54724,6,60
,,
54725,,1320
54725,1,440
54725,2,380
54725,3,220
54725,4,140
54725,5,140
54725,6,**
,,
54726,,810
54726,1,290
54726,2,230
54726,3,130
54726,4,100
54726,5,60
54726,6,**
,,
54727,,2320
54727,1,790
54727,2,620
54727,3,400
54727,4,250
54727,5,260
54727,6,**
,,
54728,,2970
54728,1,1090
54728,2,760
54728,3,480
54728,4,300
54728,5,290
54728,6,50
,,
54729,,16200
54729,1,5520
54729,2,4150
54729,3,2460
54729,4,1730
54729,5,1960
54729,6,380
,,
54730,,2410
54730,1,760
54730,2,600
54730,3,420
54730,4,290
54730,5,300
54730,6,40
,,
54731,,270
54731,1,100
54731,2,90
54731,3,50
54731,4,30
54731,5,**
54731,6,**
,,
54732,,1240
54732,1,460
54732,2,370
54732,3,210
54732,4,100
54732,5,100
54732,6,**
,,
54733,,650
54733,1,260
54733,2,160
54733,3,100
54733,4,70
54733,5,60
54733,6,**
,,
54734,,390
54734,1,130
54734,2,110
54734,3,70
54734,4,40
54734,5,40
54734,6,**
,,
54736,,1890
54736,1,630
54736,2,500
54736,3,310
54736,4,210
54736,5,200
54736,6,40
,,
54737,,220
54737,1,70
54737,2,70
54737,3,30
54737,4,20
54737,5,30
54737,6,**
,,
54738,,1610
54738,1,500
54738,2,330
54738,3,220
54738,4,190
54738,5,260
54738,6,110
,,
54739,,2370
54739,1,750
54739,2,540
54739,3,380
54739,4,300
54739,5,350
54739,6,50
,,
54740,,950
54740,1,310
54740,2,240
54740,3,160
54740,4,120
54740,5,120
54740,6,**
,,
54741,,700
54741,1,310
54741,2,180
54741,3,100
54741,4,50
54741,5,60
54741,6,**
,,
54742,,2320
54742,1,760
54742,2,500
54742,3,330
54742,4,300
54742,5,360
54742,6,70
,,
54745,,1010
54745,1,350
54745,2,250
54745,3,160
54745,4,130
54745,5,100
54745,6,20
,,
54746,,310
54746,1,120
54746,2,90
54746,3,50
54746,4,50
54746,5,**
54746,6,**
,,
54747,,1300
54747,1,410
54747,2,490
54747,3,210
54747,4,100
54747,5,90
54747,6,**
,,
54748,,650
54748,1,220
54748,2,180
54748,3,100
54748,4,60
54748,5,90
54748,6,**
,,
54749,,600
54749,1,210
54749,2,160
54749,3,90
54749,4,60
54749,5,80
54749,6,**
,,
54750,,530
54750,1,170
54750,2,130
54750,3,90
54750,4,60
54750,5,80
54750,6,**
,,
54751,,10600
54751,1,3870
54751,2,2740
54751,3,1550
54751,4,1070
54751,5,1150
54751,6,220
,,
54754,,780
54754,1,300
54754,2,210
54754,3,140
54754,4,70
54754,5,60
54754,6,**
,,
54755,,3390
54755,1,1270
54755,2,910
54755,3,520
54755,4,350
54755,5,300
54755,6,40
,,
54756,,450
54756,1,160
54756,2,120
54756,3,80
54756,4,40
54756,5,50
54756,6,**
,,
54757,,1510
54757,1,490
54757,2,420
54757,3,250
54757,4,170
54757,5,150
54757,6,30
,,
54758,,2250
54758,1,790
54758,2,630
54758,3,350
54758,4,230
54758,5,220
54758,6,30
,,
54759,,710
54759,1,240
54759,2,190
54759,3,110
54759,4,80
54759,5,90
54759,6,**
,,
54761,,520
54761,1,170
54761,2,150
54761,3,90
54761,4,60
54761,5,50
54761,6,**
,,
54762,,630
54762,1,230
54762,2,180
54762,3,100
54762,4,70
54762,5,50
54762,6,**
,,
54763,,500
54763,1,190
54763,2,130
54763,3,90
54763,4,50
54763,5,40
54763,6,**
,,
54766,,670
54766,1,260
54766,2,200
54766,3,110
54766,4,60
54766,5,40
54766,6,**
,,
54767,,1540
54767,1,450
54767,2,380
54767,3,260
54767,4,180
54767,5,230
54767,6,40
,,
54768,,1910
54768,1,740
54768,2,540
54768,3,300
54768,4,160
54768,5,140
54768,6,30
,,
54769,,250
54769,1,80
54769,2,60
54769,3,30
54769,4,20
54769,5,60
54769,6,**
,,
54770,,990
54770,1,320
54770,2,280
54770,3,150
54770,4,110
54770,5,130
54770,6,**
,,
54771,,1760
54771,1,650
54771,2,510
54771,3,290
54771,4,150
54771,5,140
54771,6,20
,,
54772,,530
54772,1,200
54772,2,150
54772,3,80
54772,4,60
54772,5,40
54772,6,**
,,
54773,,1530
54773,1,530
54773,2,460
54773,3,260
54773,4,140
54773,5,140
54773,6,**
,,
54801,,3260
54801,1,1310
54801,2,840
54801,3,470
54801,4,320
54801,5,270
54801,6,50
,,
54805,,700
54805,1,280
54805,2,220
54805,3,90
54805,4,60
54805,5,50
54805,6,**
,,
54806,,5230
54806,1,2130
54806,2,1360
54806,3,780
54806,4,450
54806,5,410
54806,6,100
,,
54810,,1210
54810,1,460
54810,2,280
54810,3,190
54810,4,120
54810,5,130
54810,6,30
,,
54812,,2900
54812,1,1130
54812,2,960
54812,3,380
54812,4,210
54812,5,200
54812,6,20
,,
54813,,300
54813,1,110
54813,2,100
54813,3,40
54813,4,50
54813,5,**
54813,6,**
,,
54814,,1370
54814,1,590
54814,2,360
54814,3,170
54814,4,110
54814,5,110
54814,6,30
,,
54817,,1140
54817,1,380
54817,2,260
54817,3,190
54817,4,130
54817,5,140
54817,6,40
,,
54819,,1080
54819,1,430
54819,2,310
54819,3,170
54819,4,90
54819,5,80
54819,6,**
,,
54820,,430
54820,1,170
54820,2,90
54820,3,70
54820,4,50
54820,5,50
54820,6,**
,,
54821,,750
54821,1,290
54821,2,170
54821,3,110
54821,4,70
54821,5,80
54821,6,30
,,
54822,,2170
54822,1,750
54822,2,530
54822,3,340
54822,4,280
54822,5,240
54822,6,30
,,
54824,,1040
54824,1,400
54824,2,290
54824,3,150
54824,4,100
54824,5,100
54824,6,**
,,
54826,,330
54826,1,140
54826,2,70
54826,3,40
54826,4,30
54826,5,50
54826,6,**
,,
54827,,140
54827,1,50
54827,2,30
54827,3,40
54827,4,**
54827,5,20
54827,6,**
,,
54828,,240
54828,1,110
54828,2,80
54828,3,30
54828,4,**
54828,5,20
54828,6,**
,,
54829,,2580
54829,1,900
54829,2,680
54829,3,390
54829,4,280
54829,5,260
54829,6,70
,,
54830,,1480
54830,1,550
54830,2,370
54830,3,240
54830,4,160
54830,5,130
54830,6,30
,,
54832,,210
54832,1,90
54832,2,50
54832,3,30
54832,4,40
54832,5,**
54832,6,**
,,
54835,,400
54835,1,150
54835,2,110
54835,3,70
54835,4,30
54835,5,40
54835,6,**
,,
54836,,510
54836,1,120
54836,2,120
54836,3,110
54836,4,70
54836,5,90
54836,6,**
,,
54837,,1750
54837,1,680
54837,2,450
54837,3,280
54837,4,180
54837,5,160
54837,6,**
,,
54838,,600
54838,1,210
54838,2,150
54838,3,100
54838,4,60
54838,5,80
54838,6,**
,,
54839,,140
54839,1,60
54839,2,50
54839,3,**
54839,4,30
54839,5,**
54839,6,**
,,
54840,,2160
54840,1,800
54840,2,530
54840,3,380
54840,4,220
54840,5,200
54840,6,30
,,
54841,,160
54841,1,70
54841,2,30
54841,3,30
54841,4,30
54841,5,**
54841,6,**
,,
54843,,5840
54843,1,2300
54843,2,1510
54843,3,790
54843,4,550
54843,5,570
54843,6,120
,,
54844,,120
54844,1,50
54844,2,30
54844,3,20
54844,4,20
54844,5,**
54844,6,**
,,
54846,,240
54846,1,80
54846,2,70
54846,3,40
54846,4,50
54846,5,**
54846,6,**
,,
54847,,1220
54847,1,460
54847,2,280
54847,3,190
54847,4,130
54847,5,130
54847,6,30
,,
54848,,2630
54848,1,1050
54848,2,780
54848,3,390
54848,4,230
54848,5,160
54848,6,20
,,
54849,,950
54849,1,280
54849,2,200
54849,3,150
54849,4,140
54849,5,150
54849,6,30
,,
54853,,1810
54853,1,630
54853,2,500
54853,3,290
54853,4,200
54853,5,160
54853,6,30
,,
54854,,400
54854,1,120
54854,2,100
54854,3,70
54854,4,50
54854,5,60
54854,6,**
,,
54855,,310
54855,1,110
54855,2,70
54855,3,60
54855,4,40
54855,5,30
54855,6,**
,,
54856,,700
54856,1,260
54856,2,160
54856,3,120
54856,4,90
54856,5,70
54856,6,**
,,
54858,,740
54858,1,300
54858,2,220
54858,3,100
54858,4,60
54858,5,60
54858,6,**
,,
54859,,910
54859,1,330
54859,2,250
54859,3,140
54859,4,100
54859,5,90
54859,6,**
,,
54862,,110
54862,1,50
54862,2,30
54862,3,30
54862,4,**
54862,5,**
54862,6,0
,,
54864,,650
54864,1,190
54864,2,130
54864,3,110
54864,4,100
54864,5,120
54864,6,**
,,
54865,,240
54865,1,100
54865,2,60
54865,3,60
54865,4,**
54865,5,20
54865,6,**
,,
54867,,200
54867,1,70
54867,2,70
54867,3,40
54867,4,20
54867,5,**
54867,6,**
,,
54868,,7640
54868,1,3020
54868,2,2030
54868,3,1080
54868,4,670
54868,5,670
54868,6,170
,,
54870,,810
54870,1,300
54870,2,210
54870,3,120
54870,4,80
54870,5,80
54870,6,20
,,
54871,,1490
54871,1,600
54871,2,360
54871,3,220
54871,4,150
54871,5,140
54871,6,20
,,
54872,,1280
54872,1,540
54872,2,320
54872,3,180
54872,4,110
54872,5,130
54872,6,**
,,
54873,,1420
54873,1,470
54873,2,330
54873,3,240
54873,4,170
54873,5,190
54873,6,20
,,
54874,,1630
54874,1,460
54874,2,370
54874,3,310
54874,4,210
54874,5,280
54874,6,**
,,
54875,,540
54875,1,230
54875,2,140
54875,3,80
54875,4,50
54875,5,40
54875,6,**
,,
54876,,810
54876,1,350
54876,2,190
54876,3,100
54876,4,70
54876,5,70
54876,6,30
,,
54880,,13920
54880,1,5210
54880,2,3950
54880,3,2040
54880,4,1300
54880,5,1230
54880,6,190
,,
54888,,690
54888,1,240
54888,2,190
54888,3,110
54888,4,80
54888,5,70
54888,6,**
,,
54889,,1370
54889,1,490
54889,2,410
54889,3,200
54889,4,140
54889,5,130
54889,6,**
,,
54891,,1650
54891,1,620
54891,2,410
54891,3,230
54891,4,170
54891,5,180
54891,6,40
,,
54893,,1930
54893,1,800
54893,2,480
54893,3,290
54893,4,170
54893,5,160
54893,6,30
,,
54895,,460
54895,1,170
54895,2,130
54895,3,80
54895,4,30
54895,5,50
54895,6,**
,,
54896,,720
54896,1,290
54896,2,190
54896,3,100
54896,4,70
54896,5,70
54896,6,**
,,
54901,,15130
54901,1,6470
54901,2,4000
54901,3,2180
54901,4,1200
54901,5,1070
54901,6,210
,,
54902,,11420
54902,1,4140
54902,2,3280
54902,3,1960
54902,4,1040
54902,5,860
54902,6,140
,,
54904,,11080
54904,1,3260
54904,2,2230
54904,3,1690
54904,4,1400
54904,5,1920
54904,6,580
,,
54909,,1000
54909,1,380
54909,2,220
54909,3,170
54909,4,110
54909,5,100
54909,6,20
,,
54911,,12950
54911,1,4920
54911,2,3430
54911,3,1880
54911,4,1280
54911,5,1170
54911,6,270
,,
54913,,10880
54913,1,2830
54913,2,2050
54913,3,1500
54913,4,1180
54913,5,2240
54913,6,1080
,,
54914,,15870
54914,1,5730
54914,2,4230
54914,3,2480
54914,4,1500
54914,5,1580
54914,6,350
,,
54915,,21180
54915,1,6830
54915,2,4740
54915,3,3310
54915,4,2500
54915,5,3200
54915,6,600
,,
54921,,660
54921,1,240
54921,2,180
54921,3,110
54921,4,70
54921,5,60
54921,6,**
,,
54922,,680
54922,1,220
54922,2,190
54922,3,120
54922,4,80
54922,5,70
54922,6,**
,,
54923,,4210
54923,1,1630
54923,2,1110
54923,3,620
54923,4,420
54923,5,360
54923,6,70
,,
54928,,180
54928,1,50
54928,2,60
54928,3,40
54928,4,30
54928,5,**
54928,6,0
,,
54929,,4120
54929,1,1540
54929,2,1080
54929,3,670
54929,4,440
54929,5,340
54929,6,50
,,
54930,,800
54930,1,310
54930,2,230
54930,3,110
54930,4,70
54930,5,80
54930,6,**
,,
54932,,530
54932,1,160
54932,2,90
54932,3,90
54932,4,70
54932,5,120
54932,6,**
,,
54935,,20230
54935,1,7610
54935,2,5580
54935,3,3120
54935,4,1890
54935,5,1740
54935,6,290
,,
54937,,9820
54937,1,2990
54937,2,2340
54937,3,1470
54937,4,1120
54937,5,1520
54937,6,380
,,
54940,,2020
54940,1,580
54940,2,410
54940,3,360
54940,4,270
54940,5,330
54940,6,70
,,
54941,,1380
54941,1,490
54941,2,300
54941,3,200
54941,4,150
54941,5,180
54941,6,60
,,
54942,,4680
54942,1,1120
54942,2,670
54942,3,690
54942,4,680
54942,5,1260
54942,6,260
,,
54943,,900
54943,1,370
54943,2,270
54943,3,130
54943,4,70
54943,5,60
54943,6,**
,,
54944,,4400
54944,1,1280
54944,2,780
54944,3,650
54944,4,600
54944,5,880
54944,6,210
,,
54945,,1780
54945,1,620
54945,2,430
54945,3,270
54945,4,210
54945,5,220
54945,6,30
,,
54947,,1370
54947,1,400
54947,2,300
54947,3,220
54947,4,190
54947,5,230
54947,6,30
,,
54948,,140
54948,1,60
54948,2,40
54948,3,40
54948,4,**
54948,5,**
54948,6,0
,,
54949,,1640
54949,1,510
54949,2,480
54949,3,260
54949,4,190
54949,5,200
54949,6,**
,,
54950,,1340
54950,1,480
54950,2,410
54950,3,200
54950,4,140
54950,5,110
54950,6,**
,,
54952,,13360
54952,1,4710
54952,2,3600
54952,3,2050
54952,4,1300
54952,5,1380
54952,6,320
,,
54956,,22690
54956,1,6940
54956,2,5190
54956,3,3620
54956,4,2570
54956,5,3320
54956,6,1050
,,
54960,,1320
54960,1,510
54960,2,320
54960,3,220
54960,4,150
54960,5,120
54960,6,**
,,
54961,,6860
54961,1,2210
54961,2,1740
54961,3,1170
54961,4,830
54961,5,790
54961,6,120
,,
54962,,570
54962,1,210
54962,2,130
54962,3,100
54962,4,70
54962,5,60
54962,6,**
,,
54963,,3650
54963,1,1210
54963,2,840
54963,3,610
54963,4,440
54963,5,480
54963,6,70
,,
54964,,550
54964,1,120
54964,2,130
54964,3,110
54964,4,80
54964,5,110
54964,6,**
,,
54965,,610
54965,1,190
54965,2,150
54965,3,110
54965,4,80
54965,5,80
54965,6,**
,,
54966,,990
54966,1,380
54966,2,260
54966,3,170
54966,4,80
54966,5,100
54966,6,**
,,
54967,,210
54967,1,80
54967,2,60
54967,3,30
54967,4,40
54967,5,**
54967,6,0
,,
54968,,1500
54968,1,560
54968,2,410
54968,3,240
54968,4,150
54968,5,140
54968,6,**
,,
54970,,1330
54970,1,540
54970,2,380
54970,3,210
54970,4,110
54970,5,90
54970,6,**
,,
54971,,5220
54971,1,1870
54971,2,1290
54971,3,870
54971,4,560
54971,5,530
54971,6,100
,,
54974,,790
54974,1,230
54974,2,180
54974,3,130
54974,4,130
54974,5,120
54974,6,**
,,
54977,,690
54977,1,240
54977,2,160
54977,3,110
54977,4,90
54977,5,90
54977,6,**
,,
54979,,810
54979,1,230
54979,2,210
54979,3,150
54979,4,100
54979,5,120
54979,6,**
,,
54981,,7420
54981,1,2710
54981,2,1800
54981,3,1140
54981,4,800
54981,5,800
54981,6,170
,,
54982,,3420
54982,1,1370
54982,2,870
54982,3,570
54982,4,290
54982,5,270
54982,6,50
,,
54983,,2250
54983,1,770
54983,2,580
54983,3,380
54983,4,260
54983,5,230
54983,6,30
,,
54984,,1500
54984,1,600
54984,2,380
54984,3,240
54984,4,120
54984,5,140
54984,6,20
,,
54986,,2570
54986,1,740
54986,2,540
54986,3,400
54986,4,340
54986,5,430
54986,6,120
